frame,time_s,rms,peak,spectral_flux,centroid_hz
0,0.0,1e-06,0.0,0.0,0.0
1,0.03333333333333333,1e-06,0.0,0.0,0.0
2,0.06666666666666667,1e-06,0.0,0.0,0.0
3,0.1,9.96947772266571e-05,0.00054931640625,0.9999999999999998,2078.477356844506
4,0.13333333333333333,0.03744170074103066,0.183502197265625,0.3523841321340254,1366.0505688911062
5,0.16666666666666666,0.3923707834349002,0.98492431640625,0.3408335004936701,837.9427836385055
6,0.2,0.5400551797625779,1.0,0.36977165913415166,341.82827215987584
7,0.23333333333333334,0.44709854551214984,1.0,0.35921255136737473,1013.8403913073217
8,0.26666666666666666,0.3435101887348764,1.0,0.25732982666447923,1345.0500273215223
9,0.3,0.2890139756116543,0.965576171875,0.34219669211736087,1702.0514795142076
10,0.3333333333333333,0.30711597735063584,0.965576171875,0.5030011112915036,4072.347484706084
11,0.36666666666666664,0.37780738819473814,0.999969482421875,0.4220459386648217,2252.5111076114927
12,0.4,0.41053427752129856,0.999969482421875,0.37380405693928637,1141.6302748199944
13,0.43333333333333335,0.32625400381471886,0.984588623046875,0.31376478870830715,992.2221845947083
14,0.4666666666666667,0.3000623656974779,0.991363525390625,0.30328436498098704,1126.2875517992973
15,0.5,0.28680060285073367,0.991363525390625,0.4187639170325824,1334.262159587558
16,0.5333333333333333,0.2592135474873797,0.98980712890625,0.40124613858927244,1242.1155037514388
17,0.5666666666666667,0.26882855871479544,0.9794921875,0.3301627055847061,1235.5453331499893
18,0.6,0.23822450465987433,0.9794921875,0.3789112181495209,1315.1648053792976
19,0.6333333333333333,0.17282319022870915,0.50958251953125,0.418220419363883,1307.6556280429759
20,0.6666666666666666,0.15861180074643208,0.40625,0.27225541945013587,1553.0577733819894
21,0.7,0.14584068538776684,0.393768310546875,0.18917159138207612,1655.5008201082348
22,0.7333333333333333,0.19531997209114818,0.612091064453125,0.32056116599086654,2256.1449855261817
23,0.7666666666666667,0.3851539906148895,0.994720458984375,0.5046205993550671,1597.899375580165
24,0.8,0.4193998962881272,0.994720458984375,0.27686742769088707,1694.7979851011144
25,0.8333333333333334,0.30376427598039474,0.786651611328125,0.34651007108574383,2448.642845785768
26,0.8666666666666667,0.3603110205012144,0.948455810546875,0.3175832437167856,2680.9595852872626
27,0.9,0.3742958746229968,0.948455810546875,0.4091509646321835,1124.0115747885302
28,0.9333333333333333,0.2461939352413183,0.753631591796875,0.40753722066443954,1310.0508877986883
29,0.9666666666666667,0.18543723147190175,0.692047119140625,0.2716350135970297,1607.4893749373916
30,1.0,0.33591101099386117,0.96905517578125,0.3427958258554471,1277.4087417327044
31,1.0333333333333334,0.4285581379021595,0.96905517578125,0.41437655201230145,985.5419240080706
32,1.0666666666666667,0.3852975394229639,0.928192138671875,0.45924535173428044,1099.0752746396388
33,1.1,0.23386823182642383,0.795074462890625,0.33332744658908026,1479.93980675379
34,1.1333333333333333,0.09503076213580944,0.364501953125,0.40804754983963737,2788.2897701973397
35,1.1666666666666667,0.26083085592250327,0.999969482421875,0.40018708522873686,1430.7559424999638
36,1.2,0.34394295360845073,0.999969482421875,0.3254646747219381,1038.7906221480653
37,1.2333333333333334,0.35727832261033504,0.95343017578125,0.41140790498388746,1834.4313681806843
38,1.2666666666666666,0.34199502284698197,0.969085693359375,0.38970336716924214,1086.1028306080816
39,1.3,0.2825397730831613,0.969085693359375,0.3116879869221319,1061.153798551586
40,1.3333333333333333,0.35407663863496946,0.970672607421875,0.37111906823431295,1209.2516902327648
41,1.3666666666666667,0.39277573543014616,0.98291015625,0.441789659841268,899.4101490643379
42,1.4,0.3395174509917262,0.98291015625,0.2961323197470342,961.033602581707
43,1.4333333333333333,0.2627383359311237,0.809295654296875,0.4426212922469816,911.3805830797752
44,1.4666666666666666,0.22860898685091877,0.561981201171875,0.41784751681643634,1237.81346147143
45,1.5,0.19215548398308283,0.561981201171875,0.36122648076836783,2461.1743676634096
46,1.5333333333333334,0.1740998938638439,0.537841796875,0.36513341178360736,3757.6706180362435
47,1.5666666666666667,0.1729322545818283,0.485687255859375,0.31516803597879856,3210.860021284435
48,1.6,0.16575215404733695,0.485687255859375,0.34120018697998766,1906.4442566204325
49,1.6333333333333333,0.2174628181098474,0.97601318359375,0.37101325468455515,2548.0021494862135
50,1.6666666666666667,0.3491140793618228,0.97601318359375,0.45384969305728273,1481.9070456994743
51,1.7,0.41963143232024236,0.958282470703125,0.3777353827790984,1327.3711458243906
52,1.7333333333333334,0.4234313860241351,0.892852783203125,0.25062562108198416,1135.9977514635643
53,1.7666666666666666,0.3593813983102057,0.93865966796875,0.4560956180911956,1697.4820666637293
54,1.8,0.35112362590883656,0.945220947265625,0.46110585172790025,1429.1564661682403
55,1.8333333333333333,0.36836692261471105,0.945220947265625,0.23255498396054616,1756.11653044445
56,1.8666666666666667,0.29132338944314684,0.8658447265625,0.4831821311559341,3507.54103215483
57,1.9,0.2892903381603081,0.9853515625,0.32125139120111396,3682.1488137698234
58,1.9333333333333333,0.32622333255022784,0.9853515625,0.31737178118026854,3297.105288487964
59,1.9666666666666666,0.3030692541617439,0.95782470703125,0.5681604870654472,1175.9396467829336
60,2.0,0.18313239374509122,0.878692626953125,0.3807767760067817,1632.2441029144038
61,2.033333333333333,0.11471252069584637,0.365753173828125,0.36395219798420486,2479.384375660017
62,2.066666666666667,0.1209358407139431,0.365753173828125,0.2593486617518064,2587.0625914500024
63,2.1,0.2378011312967617,0.72576904296875,0.43598362896690834,1508.417810511127
64,2.1333333333333333,0.31921056034926837,0.9566650390625,0.28087038832901284,1686.6700038365836
65,2.1666666666666665,0.34080517586387604,0.9566650390625,0.3973810035864633,1788.5427428765483
66,2.2,0.2594782977862085,0.810821533203125,0.3352787938216224,1994.7707765521322
67,2.2333333333333334,0.22111915831515405,0.823486328125,0.4027405490578216,2914.2291469042584
68,2.2666666666666666,0.24655880761340535,0.823486328125,0.32251134368364426,2293.429393616961
69,2.3,0.17198086808498234,0.7786865234375,0.26687558715581383,2438.9056902091534
70,2.3333333333333335,0.10053831465686265,0.380645751953125,0.2862552540558329,2229.749278519521
71,2.3666666666666667,0.09156960121442452,0.3314208984375,0.1794966365610917,2246.0523821193738
72,2.4,0.08632109706092272,0.3314208984375,0.2772634732985708,2741.5533251197394
73,2.433333333333333,0.2442569855506652,0.95947265625,0.34526499580356856,2097.139277364785
74,2.466666666666667,0.3767263789353035,0.95947265625,0.34982623884786057,1837.8661223616402
75,2.5,0.3555031905607159,0.8385009765625,0.3434259262332567,1147.4713236314144
76,2.533333333333333,0.30104957072029587,0.6429443359375,0.24418279122969216,1630.5614629398701
77,2.566666666666667,0.311818754629305,1.0,0.45718966549704565,3277.512565444282
78,2.6,0.3936678395422037,1.0,0.28473488779844525,2639.6744317607536
79,2.6333333333333333,0.3527208212561373,0.999969482421875,0.39756761337905955,1910.5106285602062
80,2.6666666666666665,0.19757749114226852,0.6837158203125,0.35994116603642545,1481.5552000877938
81,2.7,0.2071842930594705,0.967193603515625,0.46073662374239166,3561.105126332167
82,2.7333333333333334,0.191233872669465,0.967193603515625,0.49561628969079746,1545.6359625392706
83,2.7666666666666666,0.14293532849379886,0.967041015625,0.48122480688110797,2890.3321998901565
84,2.8,0.1850376971665063,0.972381591796875,0.5563475792653622,1248.618018241742
85,2.8333333333333335,0.17798770645329876,0.972381591796875,0.3446178577420094,1194.9824610207104
86,2.8666666666666667,0.10290680904152084,0.340179443359375,0.5255566725201848,2872.517480994015
87,2.9,0.3126381508645033,0.990325927734375,0.4309692792388276,2078.786755702541
88,2.933333333333333,0.46402340088346855,0.990325927734375,0.4142565114565104,1190.0973527428118
89,2.966666666666667,0.43834516336596496,0.977996826171875,0.4975640590206965,1746.0614456219803
90,3.0,0.3334611479394308,0.977996826171875,0.4489582407542265,2637.950330856057
91,3.033333333333333,0.2458814277063887,0.85858154296875,0.32851100270826483,3768.68697204034
92,3.066666666666667,0.24991711911441405,0.8526611328125,0.44193168350001233,1646.1239691970768
93,3.1,0.30959977830567226,0.9842529296875,0.3944167649028954,1152.2269354726118
94,3.1333333333333333,0.2880096960669266,0.9842529296875,0.3902271872625734,1417.7246514664803
95,3.1666666666666665,0.2042931383377441,0.927032470703125,0.33341381708850254,1941.699278682214
96,3.2,0.1639728564615574,0.571319580078125,0.38408328011226905,1465.6751802730798
97,3.2333333333333334,0.18675507066271185,0.8255615234375,0.32927317659455596,1809.4142489633646
98,3.2666666666666666,0.22904931608287324,0.8255615234375,0.27339872093862083,2470.080488780095
99,3.3,0.265147217101588,0.900665283203125,0.3786677370784992,1419.3641370355401
100,3.3333333333333335,0.2195769729264148,0.900665283203125,0.25282270050291855,1732.8860514217713
101,3.3666666666666667,0.10751016130665393,0.604461669921875,0.3731706486019542,2226.857322691518
102,3.4,0.06602095005147623,0.2237548828125,0.3209702667604809,2512.602827170349
103,3.433333333333333,0.062444847408885173,0.221954345703125,0.3407746529467497,2900.2608183041193
104,3.466666666666667,0.060543665119919085,0.221954345703125,0.25370936852933507,2857.5205655855198
105,3.5,0.08312796680469034,0.4937744140625,0.263303662486854,3268.1718631406306
106,3.533333333333333,0.3452069703725873,0.941253662109375,0.437692606150335,2299.313060467564
107,3.566666666666667,0.4608624914287464,0.941253662109375,0.28936729710205833,1450.4876914710353
108,3.6,0.38809244548415744,0.925048828125,0.29597081568080325,2316.8245345739792
109,3.6333333333333333,0.30304716208340465,0.751373291015625,0.24464842820433597,1872.108463095336
110,3.6666666666666665,0.3145009964024538,0.577056884765625,0.2546241418094716,1355.012019851385
111,3.7,0.30939503580959526,0.577056884765625,0.16905260223563462,993.2841548129993
112,3.7333333333333334,0.2472104691013768,0.649383544921875,0.4797681932675997,3110.407121325997
113,3.7666666666666666,0.19489505473430896,0.649383544921875,0.2298099081120819,2416.856496294743
114,3.8,0.16904028349256178,0.331512451171875,0.31026338324602487,1444.7925886912587
115,3.8333333333333335,0.15362854743520624,0.2889404296875,0.2004200676250223,1413.1002266881933
116,3.8666666666666667,0.16014055547767264,0.315765380859375,0.24456894058353065,1539.7535101368476
117,3.9,0.19831623552274572,0.528717041015625,0.2647145500059098,1372.3386334006027
118,3.933333333333333,0.2610694258995802,0.8492431640625,0.30694622224052687,1376.5776442472497
119,3.966666666666667,0.3898773896982678,1.0,0.3349959445793428,1223.1086293918122
120,4.0,0.41740405992502555,1.0,0.31515403835475964,1201.9488737618917
121,4.033333333333333,0.4509417154108482,0.98736572265625,0.2642437339873816,1469.623439319106
122,4.066666666666666,0.47942937435315386,0.98736572265625,0.29644514577018133,1442.6785235547477
123,4.1,0.40923707927733943,0.985931396484375,0.38917546774037665,1069.4160204122368
124,4.133333333333334,0.3313227058511384,0.983642578125,0.35375526796494167,1357.7000677494893
125,4.166666666666667,0.301664861977841,0.983642578125,0.323248463319666,1214.0594708524377
126,4.2,0.2669236193354559,0.896148681640625,0.34447686603844563,1070.0294540504863
127,4.233333333333333,0.21280793957128213,0.684814453125,0.486326152214862,3445.677369111834
128,4.266666666666667,0.1969583194635037,0.52410888671875,0.37779160072337004,1901.6865738722277
129,4.3,0.31679774862722776,0.916748046875,0.4404836113199254,774.8498967568245
130,4.333333333333333,0.36779255267425187,0.994476318359375,0.41605075834080996,901.9731972628607
131,4.366666666666666,0.3350729640188971,0.994476318359375,0.30685388001151603,1470.0637809258697
132,4.4,0.21817580825119748,0.790496826171875,0.3874151689840388,1239.710630694424
133,4.433333333333334,0.12962717178348454,0.5985107421875,0.6206826323577274,4440.503390491749
134,4.466666666666667,0.28826792451674965,0.98602294921875,0.3817303571452786,2888.446197083557
135,4.5,0.3509893041773592,0.98602294921875,0.4059017156336099,1373.7549702755118
136,4.533333333333333,0.38439326194075,1.0,0.4785006143683145,1020.4891676870327
137,4.566666666666666,0.38496820657353137,1.0,0.2814167179446891,1404.3190910331648
138,4.6,0.36480389345402964,0.999969482421875,0.32275438674929857,1954.496534532211
139,4.633333333333334,0.35715443228068855,0.98065185546875,0.38318466255134354,991.489757230254
140,4.666666666666667,0.37240279453123987,0.8302001953125,0.32601663781241436,889.6503203862487
141,4.7,0.36844700812170733,0.995758056640625,0.2569082983839532,831.3849506685832
142,4.733333333333333,0.34913991443061626,0.995758056640625,0.34039675981933865,640.9862629812685
143,4.766666666666667,0.34609369484953706,0.953826904296875,0.22702081535831845,594.1563186533541
144,4.8,0.3047400733430603,0.657623291015625,0.32163615777026466,909.344720069641
145,4.833333333333333,0.3003724512953982,0.979949951171875,0.2968600739479507,1302.560572987794
146,4.866666666666666,0.34319456169944207,0.979949951171875,0.470793132306272,974.4651011171502
147,4.9,0.3051918638210175,0.973724365234375,0.3870715782459454,970.2526697503552
148,4.933333333333334,0.21932010517656583,0.754302978515625,0.42839478767225153,794.8961176123756
149,4.966666666666667,0.1850307385109696,0.392425537109375,0.34244665264599605,872.3729984616532
150,5.0,0.2091641048699864,0.41265869140625,0.21051286574074562,628.4119437598231
151,5.033333333333333,0.193750841975599,0.41265869140625,0.14691243207139143,666.4210061508946
152,5.066666666666666,0.1601020216099826,0.39068603515625,0.44894459235641826,1741.6038178012902
153,5.1,0.16556599594025767,0.376983642578125,0.2588557805423792,1292.187924056449
154,5.133333333333334,0.1721774316534995,0.42388916015625,0.23667277993292396,978.4549505952083
155,5.166666666666667,0.18931928430679978,0.52398681640625,0.37765461758380225,1387.2598509200445
156,5.2,0.2911834237443737,0.931915283203125,0.32778987876888943,1197.308866881976
157,5.233333333333333,0.3552887185910262,0.983306884765625,0.29928603255090364,1121.3518945686626
158,5.266666666666667,0.26083987505432576,0.967041015625,0.2564723380718543,1187.1008690651486
159,5.3,0.1602827199535898,0.623077392578125,0.3025769867375771,1174.0893404986564
160,5.333333333333333,0.11928716687658603,0.43743896484375,0.23202019240936264,1310.4779131595042
161,5.366666666666666,0.09350728620427844,0.30279541015625,0.29480865547946666,1628.0995239681504
162,5.4,0.1733858090577224,0.9456787109375,0.3774374249322217,1950.6270776288377
163,5.433333333333334,0.2569798792947061,0.9541015625,0.3534044550141891,1569.1840645968437
164,5.466666666666667,0.29213733216360993,0.9541015625,0.4302462577160344,1460.8730536978237
165,5.5,0.33571632194160006,0.979461669921875,0.4497755213257483,1606.4403561220993
166,5.533333333333333,0.41518791147266854,0.979461669921875,0.36818415891649636,1174.821478362892
167,5.566666666666666,0.39686914516346283,0.956024169921875,0.35518872894709275,998.6283675753658
168,5.6,0.3710723286832383,0.992523193359375,0.48798309918998767,1973.7918104325988
169,5.633333333333334,0.40627561115240635,0.992523193359375,0.34505005850091647,1490.1337790912469
170,5.666666666666667,0.41943316608201,0.953887939453125,0.30367571312841257,1894.1708891110989
171,5.7,0.40390378161512774,0.982208251953125,0.3399645270985362,2518.103873922294
172,5.733333333333333,0.4028299083009183,0.98870849609375,0.26327510266679477,2115.8827581391374
173,5.766666666666667,0.3475910229584266,0.942535400390625,0.43546964851798087,1107.625455772076
174,5.8,0.3080442206566137,0.942535400390625,0.3181598064632149,1375.0471943455368
175,5.833333333333333,0.2530160548864552,0.891571044921875,0.38894226272701027,1374.4965838780304
176,5.866666666666666,0.24758279375779907,0.891571044921875,0.36507546834312377,1470.8415471330882
177,5.9,0.2696212626297789,0.759552001953125,0.3299879065973511,1188.270293744715
178,5.933333333333334,0.22549539033887228,0.6593017578125,0.35349997362369007,1257.44158852913
179,5.966666666666667,0.20729356960668385,0.931060791015625,0.3226380079369945,1644.9470506432872
180,6.0,0.20466800131316623,0.931060791015625,0.30687250897609797,1347.0971782554495
181,6.033333333333333,0.13203240820014028,0.402069091796875,0.41167766335240763,1534.391915924103
182,6.066666666666666,0.1294513318924229,0.371429443359375,0.2893001126231811,1486.4683743426258
183,6.1,0.11679815475923461,0.233612060546875,0.34481920904966823,1271.6743864945508
184,6.133333333333334,0.11053404400698623,0.216644287109375,0.2710644266936575,1163.3458637733343
185,6.166666666666667,0.10308457371599211,0.192535400390625,0.2045598723594031,1038.447542679093
186,6.2,0.09712237874008839,0.1951904296875,0.17530977364686925,910.1940364301125
187,6.233333333333333,0.09889111899878111,0.198638916015625,0.13898498248908833,934.4903858613005
188,6.266666666666667,0.08834057710231809,0.198638916015625,0.1734540567181132,997.8215138828339
189,6.3,0.0662849473199381,0.140167236328125,0.15337311156432348,1196.5428842437243
190,6.333333333333333,0.05500337749567534,0.111114501953125,0.20328337095160337,1199.792761307496
191,6.366666666666666,0.05049251979186782,0.111114501953125,0.25949563737916265,1283.6782890915827
192,6.4,0.03470560450128521,0.092864990234375,0.21787538742930657,1311.1053984443085
193,6.433333333333334,0.028909607520842602,0.073455810546875,0.24215433928543417,1242.6427197466458
194,6.466666666666667,0.0318746052185031,0.073455810546875,0.19734730849065027,1141.7180032308743
195,6.5,0.026752143158795528,0.060882568359375,0.19852519886237585,1286.324451684688
196,6.533333333333333,0.022411031743123186,0.060882568359375,0.3066207224472356,1338.392549017166
197,6.566666666666666,0.021736610828280784,0.05352783203125,0.28648143226552036,1277.136496770228
198,6.6,0.018966465278566644,0.044281005859375,0.14548276478729688,1258.9915625119402
199,6.633333333333334,0.015129107964235153,0.0386962890625,0.20599376602555575,1402.9298638500545
200,6.666666666666667,0.008972680072555552,0.033538818359375,0.33013167133130633,1139.6526964297493
201,6.7,0.003958096328002455,0.00604248046875,0.42738879372608596,774.7696896731964
202,6.733333333333333,0.004532396570938575,0.011993408203125,0.4897465073592841,2267.843216169759
203,6.766666666666667,0.185705620626907,0.933990478515625,0.617849213149165,5423.477082323925
204,6.8,0.4098344968477288,0.989471435546875,0.3873112410384043,3759.3092267277857
205,6.833333333333333,0.5510813269414837,0.999969482421875,0.589422410193715,1500.0257983995984
206,6.866666666666666,0.5495943783078954,0.999969482421875,0.5069564188878009,1470.1992100712291
207,6.9,0.48709901527113986,0.983551025390625,0.5602684755610392,1146.105755408789
208,6.933333333333334,0.3068701790332431,0.98016357421875,0.39443454827495594,1113.5525684492911
209,6.966666666666667,0.07172564448997837,0.25384521484375,0.5567697714468478,2516.9462429719997
210,7.0,0.1742029334998042,0.94842529296875,0.5035877455482022,1332.5334439875844
211,7.033333333333333,0.24846761080076168,0.999969482421875,0.4354438551612846,1179.9041463333183
212,7.066666666666666,0.23390664278976636,0.953857421875,0.5134868409766804,3178.9059861470664
213,7.1,0.25580382168986054,1.0,0.46768873302905034,4892.768794264949
214,7.133333333333334,0.2516506769623569,1.0,0.3283541168210139,4799.498760270882
215,7.166666666666667,0.2898442565958285,1.0,0.7207883116608749,1408.975326685024
216,7.2,0.24405297570901616,1.0,0.3395402987822067,1115.1774268294755
217,7.233333333333333,0.04526533736799733,0.161590576171875,0.5509061006956003,2669.7520565775894
218,7.266666666666667,0.1131224040439023,0.61627197265625,0.3467460377882363,2777.7244336803924
219,7.3,0.23160229899354706,0.629638671875,0.44958040709199454,1410.4664317682727
220,7.333333333333333,0.2713176957742095,0.629638671875,0.3269395373025712,1304.7709988864597
221,7.366666666666666,0.18010591888123226,0.590545654296875,0.2804015418108184,1387.8749680243316
222,7.4,0.07183535828178288,0.23974609375,0.412922270652743,2675.3379598099145
223,7.433333333333334,0.030428850069787263,0.104248046875,0.3657193526849274,3235.798093072143
224,7.466666666666667,0.029277249963198602,0.104248046875,0.33885877863159986,3516.3122315911364
225,7.5,0.028319126630158297,0.112518310546875,0.3406434610501084,3486.791404929191
226,7.533333333333333,0.0337194152571546,0.129425048828125,0.3150887256553031,3115.3188747918425
227,7.566666666666666,0.09725921502166199,0.96240234375,0.30935890792965726,2971.8726959204323
228,7.6,0.2561131620365668,0.994873046875,0.4080570485773786,1861.689872310351
229,7.633333333333334,0.22332053612335062,0.994873046875,0.3299854148574309,1451.0020193026146
230,7.666666666666667,0.09729665152300299,0.279998779296875,0.1667343250141003,1369.1044234721344
231,7.7,0.07143607570091438,0.279998779296875,0.29319618867454167,1779.3476972938317
232,7.733333333333333,0.233707447555378,0.999969482421875,0.3960621033179329,1553.7875145637258
233,7.766666666666667,0.3442459190012811,0.999969482421875,0.34841162782042645,1692.5634080658633
234,7.8,0.41879129618692534,0.9979248046875,0.5368433849433406,749.539355879464
235,7.833333333333333,0.48102869980073965,1.0,0.4340040522552725,1133.6873577305673
236,7.866666666666666,0.42336862527011315,1.0,0.2867343191855749,1523.5344891555037
237,7.9,0.28500530140168256,0.90411376953125,0.5415833459662015,4332.187322805118
238,7.933333333333334,0.18278297740508181,0.8289794921875,0.3508048411251571,4693.993891115715
239,7.966666666666667,0.09368236286814957,0.408447265625,0.6291688985686301,1673.3416173585554
240,8.0,0.05686131337457129,0.17529296875,0.3456891585652683,2388.3544452492647
241,8.033333333333333,0.14081387093131995,0.771026611328125,0.48211123437577375,4670.070737717033
242,8.066666666666666,0.22392961569693642,0.91455078125,0.3728058956240931,5187.957422622002
243,8.1,0.2080732787858156,0.91455078125,0.44235520341061985,3872.2891380344154
244,8.133333333333333,0.40076347852905275,0.999969482421875,0.7278399429128994,1054.4910538359081
245,8.166666666666666,0.5133129837238959,1.0,0.33920287821282324,876.219187675267
246,8.2,0.38763481611748773,1.0,0.512371780296915,1557.7465945801823
247,8.233333333333333,0.15945062599651674,0.599090576171875,0.44722836581052944,3489.069715562059
248,8.266666666666667,0.1233433220567849,0.561279296875,0.37499307487705075,1981.8784131007685
249,8.3,0.1068018095465641,0.561279296875,0.34554374192274917,1246.912358590819
250,8.333333333333334,0.0629461347812029,0.178466796875,0.38288538491636953,1604.4832983445722
251,8.366666666666667,0.05367337131236437,0.178466796875,0.4179336316315435,2430.0959476502276
252,8.4,0.057045703949607805,0.17413330078125,0.3797018870488108,2848.6264377953366
253,8.433333333333334,0.05594040353431007,0.17413330078125,0.3066518570729366,2808.7694485906636
254,8.466666666666667,0.04231280600064155,0.12286376953125,0.28090783302459266,2999.929335267765
255,8.5,0.04057874582168842,0.21588134765625,0.22508602989913015,2898.4028964826975
256,8.533333333333333,0.03551027268072862,0.124847412109375,0.33127177464865987,3467.962905325511
257,8.566666666666666,0.03591972727213303,0.119476318359375,0.299787437596805,3496.4322963071463
258,8.6,0.042369784734158734,0.1480712890625,0.3331727625632964,3155.687206472022
259,8.633333333333333,0.04710616708957843,0.1480712890625,0.3277324772288723,2970.868346684543
260,8.666666666666666,0.1364569981586813,0.8480224609375,0.3626501953779744,2676.6631801141925
261,8.7,0.15313637056573248,0.8480224609375,0.29300437421267705,2119.5044377842573
262,8.733333333333333,0.10054176748324667,0.304107666015625,0.23606094604896138,2133.186251357749
263,8.766666666666667,0.1455418903219336,0.538787841796875,0.31663217328811516,2689.6708380962227
264,8.8,0.26447642812560646,0.999969482421875,0.34923831560766777,1850.373796941221
265,8.833333333333334,0.2810754603196455,0.999969482421875,0.34874053015037687,1434.9196859973906
266,8.866666666666667,0.22896674897149227,0.632232666015625,0.3562494109190709,1238.9322544674646
267,8.9,0.2748124836683097,0.988494873046875,0.4022074686029941,1322.297304596452
268,8.933333333333334,0.35858867801519734,0.999969482421875,0.40971948857468093,1305.0010724666042
269,8.966666666666667,0.3424657360915485,0.999969482421875,0.4396231925396479,1774.5272220003703
270,9.0,0.33939101206910083,0.871917724609375,0.3099155898237779,1305.308567041613
271,9.033333333333333,0.39371578826475706,0.96673583984375,0.46129832455142866,1241.6296367365312
272,9.066666666666666,0.44701062937503944,0.98736572265625,0.38524911356134756,1242.9425122295504
273,9.1,0.4470473469868913,0.98736572265625,0.316303707513966,1938.8249586353438
274,9.133333333333333,0.3865071074813271,0.95477294921875,0.39398217059805263,1703.994565647601
275,9.166666666666666,0.34148192382401077,0.96795654296875,0.3500952854290152,1677.162855371104
276,9.2,0.31998383679921794,0.96795654296875,0.3798937395058957,1902.127087126465
277,9.233333333333333,0.3041050892748297,0.946746826171875,0.3973850675345927,1200.3915606731925
278,9.266666666666667,0.31977011933938126,0.8809814453125,0.24621021776392896,1304.898482308194
279,9.3,0.31158276016821224,0.99835205078125,0.30372814420116384,1572.680035582142
280,9.333333333333334,0.26973768941497495,0.99835205078125,0.33398497711294467,1478.803988689544
281,9.366666666666667,0.2049959960520293,0.95758056640625,0.374924826361832,1729.7741036501723
282,9.4,0.1113122459863152,0.341552734375,0.31107343691837863,1724.652347091121
283,9.433333333333334,0.05005673286751801,0.17083740234375,0.2462249233059171,2096.758834249743
284,9.466666666666667,0.05157449889158249,0.17083740234375,0.279855162959869,2130.1213609258793
285,9.5,0.059759272339815435,0.211700439453125,0.3101408749071908,2201.8008314611957
286,9.533333333333333,0.06898407715655654,0.220245361328125,0.33537716078997604,2327.4536423261125
287,9.566666666666666,0.12845653656573344,0.6708984375,0.33276100011734483,2188.7042839112178
288,9.6,0.13799533464741645,0.6708984375,0.25123044186105997,2118.5499010226467
289,9.633333333333333,0.09552394530241001,0.298980712890625,0.3058332560134809,2386.1804634334408
290,9.666666666666666,0.08952099635075096,0.30133056640625,0.24043296712919726,2303.317210919065
291,9.7,0.1107204034410864,0.3590087890625,0.2867505372125279,2336.8600564934095
292,9.733333333333333,0.11582034161811668,0.41754150390625,0.34470181753792706,2384.4589042126777
293,9.766666666666667,0.11640153205807241,0.41754150390625,0.339579734549697,1881.8408594315606
294,9.8,0.1533276928286511,0.999969482421875,0.41051684776440994,3513.7901867688843
295,9.833333333333334,0.21793806975151997,0.999969482421875,0.28472169796831215,4233.167986503342
296,9.866666666666667,0.2961719475086204,0.836639404296875,0.5055347101747936,2053.93111962155
297,9.9,0.31731890971295396,0.81317138671875,0.41356022811734694,1703.0460506092702
298,9.933333333333334,0.2793648172003801,0.8302001953125,0.440372032920754,2186.491633760401
299,9.966666666666667,0.3539473412829574,1.0,0.3999412477153376,1763.8209966517043
300,10.0,0.3839369391431554,1.0,0.4410574115703962,1173.319971310808
301,10.033333333333333,0.34177039046222113,0.94683837890625,0.39221961680186995,2464.8404346027205
302,10.066666666666666,0.3170342611730681,0.95159912109375,0.5034980254812315,4890.11609511762
303,10.1,0.253310162124147,0.8670654296875,0.3061879423870284,4712.157763488715
304,10.133333333333333,0.3412748143544616,0.987701416015625,0.6240959566682457,1713.570244173198
305,10.166666666666666,0.3450525482114541,0.987701416015625,0.4226709385562752,1152.2517165860054
306,10.2,0.14871654338875095,0.59906005859375,0.4163902005645874,2144.417059294792
307,10.233333333333333,0.11137144764051941,0.41510009765625,0.3813202129687041,2706.0167933115745
308,10.266666666666667,0.16733011157822977,0.821533203125,0.3405069198379114,2716.096708920414
309,10.3,0.2996809944452861,0.87823486328125,0.41040959091018825,1543.403968452762
310,10.333333333333334,0.3626910958725859,0.9990234375,0.2611322244245418,1713.9348576109599
311,10.366666666666667,0.29981788058331627,0.9990234375,0.37717549337081624,2089.5434445259407
312,10.4,0.1842971014041743,0.787750244140625,0.3544643818035871,1845.2475134048454
313,10.433333333333334,0.12606366958554457,0.47711181640625,0.4060185838239995,2107.4686308566656
314,10.466666666666667,0.10059315621203742,0.40655517578125,0.2781340609874149,2127.934371202995
315,10.5,0.11021848083905451,0.40655517578125,0.3123066928619541,2292.879462718506
316,10.533333333333333,0.10876308998019435,0.30859375,0.29760329504124317,2044.7399055734838
317,10.566666666666666,0.0990759457636801,0.378387451171875,0.31862156829104576,2239.6215119253275
318,10.6,0.11247299150794687,0.378387451171875,0.303572026288387,2141.2515564171167
319,10.633333333333333,0.13647203890081844,0.487640380859375,0.3326246655424645,2846.473672117826
320,10.666666666666666,0.16765977646834487,0.592041015625,0.3429732554453243,3450.4389490091125
321,10.7,0.18209161968572626,0.592041015625,0.3556907630308254,3695.3502378028024
322,10.733333333333333,0.33237308105296265,0.999969482421875,0.3877000964857863,2520.7532201601052
323,10.766666666666667,0.4457233493843315,0.999969482421875,0.4482555602302886,1318.3445479128577
324,10.8,0.3814570230515733,0.999969482421875,0.3238192275871742,1508.1146963670199
325,10.833333333333334,0.30243903768061375,0.999969482421875,0.39505224645260867,1581.8269698329086
326,10.866666666666667,0.22272755718552378,0.9920654296875,0.4274942586522668,1852.9519228195825
327,10.9,0.2204220038585029,0.999969482421875,0.3998431796624691,3059.79569408304
328,10.933333333333334,0.3037481324917314,0.999969482421875,0.47156194001945706,1333.8361606903889
329,10.966666666666667,0.2553544606438437,0.98321533203125,0.46748133873068676,1508.9157638295444
330,11.0,0.17117057481960243,0.961761474609375,0.37337378065490956,1826.3383391017337
331,11.033333333333333,0.25432481600153206,0.99151611328125,0.3431519261810751,2136.0302918587013
332,11.066666666666666,0.3841008822960227,0.99151611328125,0.4703291963527702,1532.7581613397645
333,11.1,0.37333071455903183,0.984100341796875,0.4002049662163417,1496.875082872239
334,11.133333333333333,0.2934532028633532,0.781707763671875,0.31347314471845306,1579.108359229725
335,11.166666666666666,0.3247681875535634,0.810272216796875,0.3315557630186765,1759.4273012200156
336,11.2,0.42247174188813763,0.983642578125,0.25395029473839137,1913.4117985063579
337,11.233333333333333,0.4161888658466162,0.983642578125,0.4412012432219202,1354.3553692878277
338,11.266666666666667,0.2971847922501484,0.75555419921875,0.46350119865552075,1426.6592230780861
339,11.3,0.23275915695234872,0.705841064453125,0.4251998579236877,1618.4506252869733
340,11.333333333333334,0.23765556544992258,0.6512451171875,0.35206958074546385,1542.1423587845327
341,11.366666666666667,0.20579557051970243,0.6512451171875,0.2949581764077689,1796.273859374207
342,11.4,0.10661000587118308,0.398834228515625,0.31977679303881246,2440.2177507399524
343,11.433333333333334,0.11456833880485033,0.433807373046875,0.3008636961353901,2525.1158753042228
344,11.466666666666667,0.11762446821669295,0.433807373046875,0.3172574362340737,2298.9902496528616
345,11.5,0.0847704632482504,0.3330078125,0.2848019907477566,2543.68591555288
346,11.533333333333333,0.09655742441930948,0.341766357421875,0.3130727916210928,2406.8733229469685
347,11.566666666666666,0.09776052752150378,0.2872314453125,0.2947784422548938,2521.9734972291776
348,11.6,0.10327935188446073,0.35638427734375,0.28200896567362466,2541.1353199708296
349,11.633333333333333,0.13942350026576422,0.55718994140625,0.3332492910272993,2448.632760788111
350,11.666666666666666,0.37889055676973665,0.999969482421875,0.3724318165283216,1999.3469664641816
351,11.7,0.5138781880590712,0.999969482421875,0.3038360843690963,2059.9225145096943
352,11.733333333333333,0.4842222685184883,0.984527587890625,0.39755671143006693,1678.4889149764542
353,11.766666666666667,0.3348692037192508,0.9705810546875,0.4177832779352694,1974.0693258278307
354,11.8,0.18903483298116258,0.840423583984375,0.49540831923538947,3908.549397473991
355,11.833333333333334,0.3694066268184837,0.9927978515625,0.447726812990194,2217.038502377394
356,11.866666666666667,0.4287663687893623,0.9927978515625,0.3363023886279087,1765.069782401381
357,11.9,0.3914588366097488,0.99176025390625,0.4041297160098244,1463.212239002834
358,11.933333333333334,0.3402035290876123,0.97686767578125,0.3542286667888136,1840.0745169895572
359,11.966666666666667,0.35488741727406636,0.934173583984375,0.3299926979752579,1690.8526452899928
360,12.0,0.29116738521841967,0.841461181640625,0.42448833412757453,2758.829357341797
361,12.033333333333333,0.1600553018037665,0.83184814453125,0.33311014089584534,3776.2601807794927
362,12.066666666666666,0.26178400322981976,0.97607421875,0.5260364005141263,1556.5027726910723
363,12.1,0.2606240818888864,0.954986572265625,0.37660168907401365,1300.0975145492882
364,12.133333333333333,0.16514166438582592,0.52557373046875,0.27149457396809784,1283.9952343454065
365,12.166666666666666,0.11217869892075494,0.401458740234375,0.358438857792376,1963.4911172852728
366,12.2,0.1565060892789541,0.968719482421875,0.3479803674650167,2229.7641078331594
367,12.233333333333333,0.2584776658825176,0.999969482421875,0.4551601421243174,1374.2532608184272
368,12.266666666666667,0.2200369526113217,0.999969482421875,0.31871504973919484,1720.4270030629677
369,12.3,0.09109552760598702,0.3328857421875,0.36519727522115186,1882.3412636196856
370,12.333333333333334,0.06763683576684149,0.229766845703125,0.3675506494805507,2063.150397132026
371,12.366666666666667,0.11902380542795503,0.655059814453125,0.3295573053099875,2184.9802312788293
372,12.4,0.12485576364532265,0.655059814453125,0.2628475870868387,2102.4639434582405
373,12.433333333333334,0.1434501785737644,0.8734130859375,0.3381600559367584,1893.5540804040525
374,12.466666666666667,0.248814831097149,0.925140380859375,0.2841825337565956,1983.0362446554238
375,12.5,0.2561877949702394,0.925140380859375,0.3151886268846781,2266.4321435717106
376,12.533333333333333,0.24419162085044221,0.823822021484375,0.33066176876074893,2677.052996334028
377,12.566666666666666,0.31812927532053786,0.98687744140625,0.3629447739978479,1999.285646156363
378,12.6,0.36705894844913506,0.98687744140625,0.30122691800847684,1831.780978283271
379,12.633333333333333,0.30831388482892585,0.93756103515625,0.30117718170351937,1952.6365020691394
380,12.666666666666666,0.2657438948268148,0.84588623046875,0.33558759771947033,2062.1589229555425
381,12.7,0.31392305494834777,0.9598388671875,0.3042257810950893,2212.547803869531
382,12.733333333333333,0.31795284043961713,0.960784912109375,0.29759385074212885,2271.410786626849
383,12.766666666666667,0.3276824271777379,0.960784912109375,0.2971122829435359,2196.044170723995
384,12.8,0.3338142885315668,0.971405029296875,0.20046545717828748,2062.477673839195
385,12.833333333333334,0.33449792135541284,0.971405029296875,0.26584408556820516,1825.1899825117114
386,12.866666666666667,0.3460554612618961,0.999969482421875,0.2543488817698251,1726.3155578390092
387,12.9,0.37587369345010235,0.999969482421875,0.3526568006072464,1544.2674787217823
388,12.933333333333334,0.37074095932582635,1.0,0.3844232977139404,1243.2492648550938
389,12.966666666666667,0.3117089635987153,0.999969482421875,0.35770276275814855,1315.0157331836367
390,13.0,0.25440261010569776,0.95013427734375,0.3250465369938625,1695.6926945365656
391,13.033333333333333,0.2557504717669137,0.7921142578125,0.3602769393093258,2918.482875590891
392,13.066666666666666,0.2718768506486403,0.901336669921875,0.3171681348582483,1800.459800735382
393,13.1,0.26265674618244006,0.999969482421875,0.2779828307487154,1705.8965973874347
394,13.133333333333333,0.21225539103329122,0.999969482421875,0.3943901645834535,1614.441585171547
395,13.166666666666666,0.13110513404934226,0.512664794921875,0.2666802456104782,1735.8872940428328
396,13.2,0.07594235974440287,0.254302978515625,0.3317787283797693,2265.3513421606176
397,13.233333333333333,0.041792899284897926,0.153839111328125,0.3014455750975539,2513.1031674308265
398,13.266666666666667,0.03430754356342722,0.11004638671875,0.35488303038365493,2408.748266586073
399,13.3,0.028293718061286766,0.11004638671875,0.3465363859064489,2469.9940696385215
400,13.333333333333334,0.02453562644764542,0.08905029296875,0.33180076146588205,2185.397853712186
401,13.366666666666667,0.021231911839730735,0.08905029296875,0.2865503353568119,2169.7456517397363
402,13.4,0.016570414041888196,0.057342529296875,0.29472882536656014,2485.1714453720083
403,13.433333333333334,0.024431846688480616,0.132415771484375,0.26913360673624415,2622.2470621832545
404,13.466666666666667,0.027391886345453323,0.132415771484375,0.28878322829274233,2241.593482373747
405,13.5,0.025609178206602703,0.089324951171875,0.3133321373988519,2715.687292862595
406,13.533333333333333,0.03826778263653349,0.173248291015625,0.35312822606789807,2601.386464911727
407,13.566666666666666,0.2882911297278423,0.999969482421875,0.5546834267183126,1250.609449591157
408,13.6,0.35215333434989976,0.999969482421875,0.38545976255915376,1448.0043034983764
409,13.633333333333333,0.21798076113254505,0.966583251953125,0.5144731506762733,1288.3728320931737
410,13.666666666666666,0.13752827139029974,0.665496826171875,0.35519680409614185,1126.9391317365696
411,13.7,0.26174665521988155,0.999969482421875,0.3868782740643879,1380.4971369648295
412,13.733333333333333,0.37536364249563575,0.999969482421875,0.4594388372592062,1532.2238049401344
413,13.766666666666667,0.3403998278820631,0.97369384765625,0.3438813482115314,1428.3542532570264
414,13.8,0.242788451027366,0.999969482421875,0.4961016199904424,1379.4825276711044
415,13.833333333333334,0.27568404485064735,0.999969482421875,0.37683338794783966,1473.2843413001656
416,13.866666666666667,0.3232970674927043,0.999969482421875,0.4495339515739979,1288.0168336755692
417,13.9,0.34401686314740276,0.932769775390625,0.41647417589636826,1239.3412339461645
418,13.933333333333334,0.2855814143886886,0.932769775390625,0.3050773822074032,1480.3672734904644
419,13.966666666666667,0.14522397963893002,0.778900146484375,0.3922354103457747,1237.4783617082217
420,14.0,0.031690898502657446,0.12579345703125,0.4094792375885007,473.292446104198
421,14.033333333333333,0.010644011214946405,0.0352783203125,0.34136765301847094,447.2502065415318
422,14.066666666666666,0.07139049250526215,0.32470703125,0.41702372294836737,541.7050885545059
423,14.1,0.13587742703640593,0.38690185546875,0.40552081425991476,947.1186427422248
424,14.133333333333333,0.17163667374219907,0.50311279296875,0.3300326832135493,1696.755711966222
425,14.166666666666666,0.3412922041657891,0.99041748046875,0.47481781841831044,1646.0139711653992
426,14.2,0.4516416737110044,0.99041748046875,0.5176027721271518,1187.75788058222
427,14.233333333333333,0.29883191962097544,0.925872802734375,0.4092246529792445,3071.999075709941
428,14.266666666666667,0.19602683124194212,0.865875244140625,0.429821814217491,5097.485428677451
429,14.3,0.20537131525952887,0.865875244140625,0.2955078701607037,5167.320633947004
430,14.333333333333334,0.27162805127265116,0.99755859375,0.3563891294570043,4142.322442160819
431,14.366666666666667,0.44195256230784646,0.999969482421875,0.5910150995365412,1346.1537003902836
432,14.4,0.4090067006585592,0.999969482421875,0.5298733919267773,992.2341256662862
433,14.433333333333334,0.24668025583717582,0.74554443359375,0.6776623154452119,3892.3756810988652
434,14.466666666666667,0.23550378799707866,0.792236328125,0.3586485368811073,4537.700412690682
435,14.5,0.3849852027116682,0.999969482421875,0.5506540341513768,2172.3297219764
436,14.533333333333333,0.4967549985328349,0.999969482421875,0.5910576708642927,675.6189886343559
437,14.566666666666666,0.4854946634146048,0.916839599609375,0.2402279978561269,653.6839261986133
438,14.6,0.3547206511046382,0.877288818359375,0.7272039821111507,3792.6886674039574
439,14.633333333333333,0.3894082816027378,0.999969482421875,0.4962453611068831,1624.883566339652
440,14.666666666666666,0.49759541724856465,0.999969482421875,0.426241316862564,870.6249069357441
441,14.7,0.48065137430395866,0.97381591796875,0.5123706562835348,509.823097878751
442,14.733333333333333,0.37180903565731493,0.97381591796875,0.32623470169772006,1475.8143475048366
443,14.766666666666667,0.24069045295505972,0.91400146484375,0.6272034601055148,3713.639464056936
444,14.8,0.24750195735006716,0.91400146484375,0.7275043361840098,886.0711758627259
445,14.833333333333334,0.1546501212959657,0.410003662109375,0.3074600421566988,706.1688992640214
446,14.866666666666667,0.11866278476229934,0.373809814453125,0.21605325800925804,636.4917592564594
447,14.9,0.07008535461998973,0.295745849609375,0.724435733844466,3294.3682525301865
448,14.933333333333334,0.09930197351304895,0.47113037109375,0.46068195356743646,2333.4006725326817
449,14.966666666666667,0.20536378807038685,0.999969482421875,0.48702988157992055,1124.731197535209
450,15.0,0.20667064901411886,0.999969482421875,0.32481238349136515,852.2076506844171
451,15.033333333333333,0.06674849215702477,0.563690185546875,0.5582080823999087,1953.7699940478026
452,15.066666666666666,0.07095296091236272,0.250213623046875,0.47534409063025995,3232.5923574524777
453,15.1,0.33524779651132797,0.9940185546875,0.47357238249613276,2296.1274042365035
454,15.133333333333333,0.5068013634627642,0.9940185546875,0.43211596099130967,1225.1385335455695
455,15.166666666666666,0.4251574319844365,0.975372314453125,0.5353961058052669,992.274197340357
456,15.2,0.1912137122680999,0.7861328125,0.3742368442269416,843.0576210500167
457,15.233333333333333,0.02147353675348797,0.076171875,0.37931172790583173,388.0398422545658
458,15.266666666666667,0.017106325908550143,0.0435791015625,0.3163773959202001,1288.8590512129633
459,15.3,0.0066932450307036866,0.028533935546875,0.4574148438019199,2535.1780170517573
460,15.333333333333334,0.006963365142181316,0.032623291015625,0.33916415319153687,2501.1449390784014
461,15.366666666666667,0.010889924800945259,0.03875732421875,0.2871744906646907,2317.48926166427
462,15.4,0.0157015266304919,0.05426025390625,0.29026480775864505,2552.5270812486156
463,15.433333333333334,0.023267859622337687,0.08819580078125,0.3016521465545672,2531.5983180664252
464,15.466666666666667,0.0341939853281936,0.145538330078125,0.33127906196123885,2958.624232891528
465,15.5,0.14621755106173998,0.903106689453125,0.427568278202951,4321.369778348066
466,15.533333333333333,0.25879964206444045,0.940765380859375,0.3372496008075416,5098.8479601418485
467,15.566666666666666,0.23399584962714717,0.940765380859375,0.36213765942325893,4407.984014966725
468,15.6,0.22894808496518118,0.9293212890625,0.5041204110335599,2382.5628573811273
469,15.633333333333333,0.31730989849997165,0.946136474609375,0.35813154710777256,1695.6715398743595
470,15.666666666666666,0.28567321489075526,0.8753662109375,0.3568900438427327,2557.5802200820995
471,15.7,0.23656999958060806,0.82464599609375,0.36150016090757975,3840.4363487602445
472,15.733333333333333,0.21450680658261814,0.84197998046875,0.29622932639257005,3944.21058596745
473,15.766666666666667,0.23280940979833212,0.8829345703125,0.38969742792129736,2662.273927551468
474,15.8,0.31578310679889265,0.99346923828125,0.40837899428227936,1728.9186680575815
475,15.833333333333334,0.3788091243489242,0.99346923828125,0.31236301305291436,1347.9819550266366
476,15.866666666666667,0.34659673005096964,0.976104736328125,0.41646468655128227,1275.6781623792003
477,15.9,0.223461921205101,0.76251220703125,0.36557427741253873,1113.7919908497854
478,15.933333333333334,0.06396772008647239,0.253387451171875,0.4154256267333996,1680.240877327941
479,15.966666666666667,0.03406165463010624,0.168060302734375,0.3510328250431814,1601.782187106193
480,16.0,0.045995803268775975,0.168060302734375,0.2911737435661968,1675.4902734174507
481,16.033333333333335,0.07521703851462687,0.258514404296875,0.27018074307510187,1719.369714941904
482,16.066666666666666,0.13158582086256018,0.373382568359375,0.3225083268793522,1627.1083565542442
483,16.1,0.16840742410564358,0.47259521484375,0.28609079773473045,1626.9061676677843
484,16.133333333333333,0.1604048406496207,0.47259521484375,0.3186224309617686,1868.4268992428474
485,16.166666666666668,0.210982069323552,0.760650634765625,0.25231754698356124,1815.988077833734
486,16.2,0.24440127076849225,0.760650634765625,0.2892308314749599,1666.050236544721
487,16.233333333333334,0.2397866662625113,0.635467529296875,0.3036147859874529,1703.5129499406326
488,16.266666666666666,0.21072623688913963,0.635467529296875,0.30207888205260536,1538.4384375763682
489,16.3,0.28028644292022664,0.9832763671875,0.3855084608769667,1827.0559135636051
490,16.333333333333332,0.45129226656992977,0.999969482421875,0.36862045132558924,1279.3280467269537
491,16.366666666666667,0.487158324824528,0.999969482421875,0.3830290541216613,992.9958910753843
492,16.4,0.3806394454925614,0.999969482421875,0.5070437700495879,2437.8325114794848
493,16.433333333333334,0.2134672394211724,0.946929931640625,0.36085088131865306,1681.1591177538082
494,16.466666666666665,0.23662171714733582,0.994476318359375,0.34537302535465725,1509.3656797996023
495,16.5,0.32603592625074224,0.996246337890625,0.4483024054025339,1078.185934393708
496,16.533333333333335,0.34756495403298693,0.982635498046875,0.36981897050556534,991.4414618056119
497,16.566666666666666,0.3158972002347724,0.879241943359375,0.6499803549250572,3974.5128382035077
498,16.6,0.2344563673204353,0.999969482421875,0.3588537071791631,4720.500666075085
499,16.633333333333333,0.26058293636691077,0.999969482421875,0.571365574649453,2250.535536999501
500,16.666666666666668,0.3124364284152284,0.999969482421875,0.469215184092948,1232.4475440898016
501,16.7,0.2572801848310847,0.975128173828125,0.5384762496637163,1102.553587987246
502,16.733333333333334,0.2234936296547583,0.914642333984375,0.4887469398124057,1559.417739868544
503,16.766666666666666,0.24280491210630292,0.914642333984375,0.3947895832208199,1477.7858177827638
504,16.8,0.15923685739176682,0.8687744140625,0.3633443499568244,1905.0720299923553
505,16.833333333333332,0.08052371190523298,0.391357421875,0.3803488739910339,3016.518657185296
506,16.866666666666667,0.2331941189634382,0.923553466796875,0.35278513930058136,2063.2435015401393
507,16.9,0.3128062439616787,0.938018798828125,0.3444696241249848,1581.6252301874417
508,16.933333333333334,0.2062174644393467,0.938018798828125,0.32365893783658095,1760.0861069299897
509,16.966666666666665,0.14669621732746374,0.827667236328125,0.4107102739824824,2845.452406934903
510,17.0,0.240252772391483,0.92572021484375,0.2986512243780126,2401.0244919491843
511,17.033333333333335,0.22131342378603996,0.92572021484375,0.3940782603476133,1549.960495349376
512,17.066666666666666,0.13161369506736145,0.921844482421875,0.3311457189813941,2165.1443480810944
513,17.1,0.17469591336742274,0.945953369140625,0.3671672912573444,2241.3765130975576
514,17.133333333333333,0.17957273320764064,0.945953369140625,0.32126549328780374,2061.4590258989283
515,17.166666666666668,0.08928353846451668,0.332366943359375,0.32900569520095657,2414.5954112787776
516,17.2,0.12357927618020069,0.55731201171875,0.3380996454622428,2417.4188293419447
517,17.233333333333334,0.12871162033450068,0.55731201171875,0.30510136479021954,2639.1497580887412
518,17.266666666666666,0.08461980895480743,0.28570556640625,0.2826050372372515,2744.265870610722
519,17.3,0.13781131266341962,0.66949462890625,0.3358592862327664,3176.4984125660503
520,17.333333333333332,0.23007872969228654,0.91943359375,0.30023372011661287,2909.7513204478755
521,17.366666666666667,0.19379962224718406,0.91943359375,0.3032604656155932,2699.1539344066723
522,17.4,0.08015089674231908,0.2786865234375,0.3019100100491478,2235.091392290066
523,17.433333333333334,0.07757937690752562,0.273712158203125,0.3276398361117029,1930.863592238542
524,17.466666666666665,0.12155170215701255,0.669525146484375,0.38883249375041784,2101.153036253959
525,17.5,0.11074721618501045,0.669525146484375,0.33645470500865504,2518.3484975494207
526,17.533333333333335,0.10461437412277749,0.54437255859375,0.34874926112830995,3209.056399045479
527,17.566666666666666,0.20583154266063686,0.8035888671875,0.36123990318985977,3960.0138682527663
528,17.6,0.2336376711656611,0.8035888671875,0.3115375894733077,4121.7333626631225
529,17.633333333333333,0.2639242550460799,1.0,0.5266811975363566,2192.902386146155
530,17.666666666666668,0.22100121866376052,1.0,0.3040928381239051,1766.930576505569
531,17.7,0.17150826697777974,0.9261474609375,0.3741139841167602,2038.9799307144729
532,17.733333333333334,0.22000652797239964,0.9261474609375,0.3156775652303747,2220.9549539381565
533,17.766666666666666,0.15487478067138247,0.688812255859375,0.2832047828255291,1823.2359305443117
534,17.8,0.1617372173048878,0.674102783203125,0.35024695968363895,1985.1438598526795
535,17.833333333333332,0.21721886830413717,0.9794921875,0.3162769084023312,2207.020194228381
536,17.866666666666667,0.17590143284461815,0.9794921875,0.2883689723854691,1892.1949374349938
537,17.9,0.12478013571443844,0.514984130859375,0.5914144382151834,4364.290438748433
538,17.933333333333334,0.12798825974169778,0.42193603515625,0.387607246610597,3295.1315903755462
539,17.966666666666665,0.2552378017187057,0.952056884765625,0.44741406544967716,1965.7440363491166
540,18.0,0.2882427476800039,0.952056884765625,0.36086340355009205,1682.9270073630082
541,18.033333333333335,0.1981775597364479,0.8348388671875,0.5040310438287138,3386.7735821084666
542,18.066666666666666,0.12615142572487215,0.515594482421875,0.35348430420871574,3298.290938278986
543,18.1,0.17282541401998966,0.804779052734375,0.41702272103974247,2170.304701490963
544,18.133333333333333,0.2537430651465834,0.807647705078125,0.2883959818266253,2323.305336903064
545,18.166666666666668,0.3235960018842948,0.86871337890625,0.411746446860881,2225.048663249763
546,18.2,0.37715179648807634,0.98663330078125,0.30969602016272424,2090.335973251032
547,18.233333333333334,0.3152065590267156,0.98663330078125,0.37825887711371026,1817.3130049603724
548,18.266666666666666,0.1589093745817621,0.908294677734375,0.40243253017296166,2900.582614839252
549,18.3,0.07067282638160692,0.270050048828125,0.3236427264707349,3470.4217525356667
550,18.333333333333332,0.09978343881877583,0.358245849609375,0.3092622112222842,3276.5744492411654
551,18.366666666666667,0.18807489974236555,0.66937255859375,0.48902628702944595,1508.7045003361081
552,18.4,0.20965157499095263,0.66937255859375,0.3626618753195874,2067.5194788267786
553,18.433333333333334,0.14573080224714285,0.4990234375,0.3786841912372012,2957.339084979323
554,18.466666666666665,0.06692301323671199,0.364532470703125,0.32930404714825845,2307.343014527778
555,18.5,0.05791836003074155,0.36077880859375,0.4196600929646485,3458.6094145286083
556,18.533333333333335,0.10677074221412083,0.49932861328125,0.3413331405063143,2924.402736803653
557,18.566666666666666,0.20663645945613757,0.99627685546875,0.321536342734621,2479.6129947935183
558,18.6,0.3745802870159032,1.0,0.5027882546316874,1838.0834195539687
559,18.633333333333333,0.4497535962937297,0.999969482421875,0.33048808809396857,1834.9191373375563
560,18.666666666666668,0.407332844247431,0.98480224609375,0.46720836534408333,1356.041054277483
561,18.7,0.25436872389175247,0.97161865234375,0.33971063827822584,1096.0945315190256
562,18.733333333333334,0.18404020639730231,0.9593505859375,0.653050490190654,1346.702252424645
563,18.766666666666666,0.14261643340252703,0.779266357421875,0.41360786696890606,2426.3643652426094
564,18.8,0.32586416095430415,0.999969482421875,0.4503120716807786,2050.0056321753423
565,18.833333333333332,0.4731646880983891,0.999969482421875,0.4091844504792699,1225.0501055541902
566,18.866666666666667,0.4032002181464459,0.939453125,0.438705256432134,1420.2998792929313
567,18.9,0.2478637480584951,0.896392822265625,0.5396606174164128,3718.6072725528707
568,18.933333333333334,0.22134155901924146,0.896392822265625,0.28168013481618975,3492.2534972057756
569,18.966666666666665,0.1887939497446452,0.718414306640625,0.406582244109233,2241.2136492690074
570,19.0,0.24614579696882116,0.9796142578125,0.3099315934329032,1981.24552989764
571,19.033333333333335,0.2777955520975817,0.9796142578125,0.34469340931679643,1649.2985124748975
572,19.066666666666666,0.1329040509144129,0.64996337890625,0.4481887921239316,2982.04849817116
573,19.1,0.1345826313003856,0.897430419921875,0.3111596076299557,2890.001552398147
574,19.133333333333333,0.18138246850449366,0.897430419921875,0.3853416971616338,1746.6764255871053
575,19.166666666666668,0.1339589972952603,0.89727783203125,0.37956522920833136,2884.559535984606
576,19.2,0.07428415630285935,0.25469970703125,0.34390846986310153,3508.4745436868066
577,19.233333333333334,0.07205929960617953,0.3427734375,0.3081624524046472,3813.336935341509
578,19.266666666666666,0.21335961723390817,0.9871826171875,0.464937701630276,5170.494222365149
579,19.3,0.3373896195453273,0.999969482421875,0.3815445780182693,3897.372289219073
580,19.333333333333332,0.415671958635671,0.999969482421875,0.572649167184006,1534.8957166481634
581,19.366666666666667,0.3910751781550525,0.880157470703125,0.3488268414657168,1755.7439364461575
582,19.4,0.2527382209293129,0.650543212890625,0.409359280554964,2502.8537387588717
583,19.433333333333334,0.13657612188578683,0.626708984375,0.39068568375406854,2817.5750118000583
584,19.466666666666665,0.1758511398697265,0.818634033203125,0.3556483927664079,2444.6570611663265
585,19.5,0.14782049533798314,0.818634033203125,0.36165885814339765,3198.1952027301813
586,19.533333333333335,0.04708660412415938,0.196990966796875,0.382606236355528,2178.6255831217486
587,19.566666666666666,0.021624178732592446,0.093170166015625,0.3156532977113967,2399.5804720518563
588,19.6,0.00943285683459327,0.03497314453125,0.3051963469650185,2528.6897214723717
589,19.633333333333333,0.005885712523527003,0.0234375,0.2956374149501617,2423.857914528021
590,19.666666666666668,0.003057487458559269,0.017333984375,0.2735240271941914,2526.4286633922
591,19.7,0.0012340081704067967,0.004974365234375,0.2757118096380807,2424.3807108171395
592,19.733333333333334,0.0007426386878504184,0.003143310546875,0.2868668139689242,2402.587614101241
593,19.766666666666666,0.0003698819406363259,0.001922607421875,0.2808779938011772,2495.2820134977055
594,19.8,0.00011180016185929061,0.000579833984375,0.31593060730810596,2894.167461282806
595,19.833333333333332,8.827078574130232e-05,0.000457763671875,0.26936434924885455,2995.2115897962685
596,19.866666666666667,0.0005619586900644919,0.001617431640625,0.49717881092666605,1603.5096942062435
597,19.9,0.001565948066778076,0.003387451171875,0.23876347431300365,1002.8158341528007
598,19.933333333333334,0.22028255108831943,0.999969482421875,0.6949710744811646,3701.867039418269
599,19.966666666666665,0.4362417724509867,0.999969482421875,0.512015398757739,1563.1114156498718
600,20.0,0.4937265214017705,0.999969482421875,0.37300373269111325,1443.100522906373
601,20.033333333333335,0.548728879739459,0.999969482421875,0.3628791585197982,1546.7365448739088
602,20.066666666666666,0.6029296169586762,0.999969482421875,0.3503079670327045,1717.3695407397468
603,20.1,0.4690944498286407,0.999969482421875,0.3107084179274268,1199.362066512612
604,20.133333333333333,0.1904408205367937,0.711578369140625,0.35059558961487436,421.93866986466867
605,20.166666666666668,0.27821371233073355,0.999969482421875,0.4554603198534454,864.5248911228698
606,20.2,0.3967282573581042,0.999969482421875,0.4178979730649083,712.9675505802618
607,20.233333333333334,0.29992829600032644,0.999969482421875,0.4655679283167966,959.5944481155514
608,20.266666666666666,0.1315895834018896,0.441162109375,0.31155152582900286,552.6224193678207
609,20.3,0.030670683209062872,0.116668701171875,0.3464470009931332,464.4058261586171
610,20.333333333333332,0.015765678321922424,0.05523681640625,0.39624857229830324,405.7971089775435
611,20.366666666666667,0.006893336744179609,0.0230712890625,0.32560935482109354,565.7529208691509
612,20.4,0.004266474043666119,0.010162353515625,0.2970134807126068,855.2428951699948
613,20.433333333333334,0.004006733013199416,0.011474609375,0.27578023706215954,1178.2344160891782
614,20.466666666666665,0.0041481858836939335,0.011474609375,0.3139250579093702,1044.124438868121
615,20.5,0.004265497708744337,0.009918212890625,0.2551040054519855,1129.3403326224573
616,20.533333333333335,0.005007169899800659,0.013336181640625,0.3079167028220347,1226.7741948128244
617,20.566666666666666,0.005090629361436685,0.013336181640625,0.281213016179593,1359.2143141641259
618,20.6,0.005166046474564274,0.014129638671875,0.26043461996459405,1495.256584527982
619,20.633333333333333,0.005966917824523483,0.01513671875,0.26994687230033576,1348.9884472471238
620,20.666666666666668,0.00614903109427646,0.016937255859375,0.3190549273393439,1343.4731087173186
621,20.7,0.005985433396330992,0.017333984375,0.3648031795842005,1463.5819996908288
622,20.733333333333334,0.08411664728038595,0.641143798828125,0.7071126532589229,5029.615650490134
623,20.766666666666666,0.2123977457137922,0.86968994140625,0.30696259226059414,5650.475446670614
624,20.8,0.29191468606368615,0.950714111328125,0.3520752142093201,4778.934715981161
625,20.833333333333332,0.408250329260845,0.999969482421875,0.6606014099908329,1928.964021192678
626,20.866666666666667,0.4486371656423081,0.999969482421875,0.3582580446754354,1924.6610722688251
627,20.9,0.3576605212514353,0.938385009765625,0.6165572076705292,4580.725715358273
628,20.933333333333334,0.26007482120498787,1.0,0.347957195865455,4901.7791219781275
629,20.966666666666665,0.28492383154043127,1.0,0.7412898646824813,1148.5298975969417
630,21.0,0.18458335183195204,0.999969482421875,0.33039331247665,780.7706169119175
631,21.033333333333335,0.13186142306620055,0.54827880859375,0.6632411536009662,1900.8673587097244
632,21.066666666666666,0.160177985872475,0.54827880859375,0.3674474718256264,2739.181702445847
633,21.1,0.23505874855351971,0.998504638671875,0.4787881647703293,1486.844373207863
634,21.133333333333333,0.30742678756316283,0.99615478515625,0.3886304002294736,996.0636844975467
635,21.166666666666668,0.3519209896402617,0.654205322265625,0.5193223563099328,559.8105324213024
636,21.2,0.3174031506869877,0.98193359375,0.3561273549984348,692.9679675796125
637,21.233333333333334,0.26512313727167214,0.984832763671875,0.4170854897715536,1187.6351883168898
638,21.266666666666666,0.23584306189121762,0.999969482421875,0.43615194084767545,1542.1979315903625
639,21.3,0.22514319874326436,0.999969482421875,0.28597386862262086,1831.4149191364122
640,21.333333333333332,0.20626718351665774,0.999969482421875,0.4409678819382373,1201.5126050981985
641,21.366666666666667,0.18355237548908387,0.57342529296875,0.46797883734547063,1187.0037171252184
642,21.4,0.10244446705646228,0.31488037109375,0.34253601769130837,1811.0297950124793
643,21.433333333333334,0.031099918505048705,0.14385986328125,0.3900145659076141,2235.5371055988962
644,21.466666666666665,0.03711838259127342,0.15057373046875,0.289318425597625,2652.4969325409184
645,21.5,0.04889877195884381,0.1737060546875,0.33668321137042334,2308.420709730999
646,21.533333333333335,0.04375087510247146,0.1737060546875,0.3248590326643229,2581.5864535155833
647,21.566666666666666,0.024127295773285852,0.14056396484375,0.3410201616462192,3035.6295260243164
648,21.6,0.01958080355981173,0.068939208984375,0.2824294800765537,2948.5287620603513
649,21.633333333333333,0.022175851856743013,0.07305908203125,0.3028321697890662,2972.5197157912166
650,21.666666666666668,0.045248403167971074,0.333282470703125,0.3048642504094996,3261.6799180146954
651,21.7,0.08115747524093066,0.526336669921875,0.3305955154632835,2791.0804108482153
652,21.733333333333334,0.07555676776580274,0.526336669921875,0.2984482163001917,2718.8759771011073
653,21.766666666666666,0.0409710510872566,0.156524658203125,0.23385327891851979,2801.4351980735555
654,21.8,0.038816689660457926,0.156524658203125,0.3009804280368129,2859.27746484959
655,21.833333333333332,0.037153064425118634,0.139373779296875,0.32565157333212363,3012.980375097238
656,21.866666666666667,0.041630788661330846,0.16119384765625,0.28775098413096567,3027.192259384545
657,21.9,0.04396898917987942,0.16119384765625,0.3385921619771224,2648.3930397319173
658,21.933333333333334,0.03926316567672717,0.136749267578125,0.29843641163090245,3139.582418620169
659,21.966666666666665,0.040222892444692904,0.178741455078125,0.3085128345273559,3228.896745610428
660,22.0,0.03654474064920123,0.178741455078125,0.3308025817424178,3350.4842272099686
661,22.033333333333335,0.0678537220398845,0.39080810546875,0.3378609581280156,3681.018055382081
662,22.066666666666666,0.28869844075238643,0.999969482421875,0.38033815759283385,2749.5282072353953
663,22.1,0.3755286826704826,0.999969482421875,0.40669089644336276,1536.20831665039
664,22.133333333333333,0.2667315408695531,0.999969482421875,0.4261482666984884,1500.4081705190383
665,22.166666666666668,0.2584044967205223,0.999969482421875,0.42556255672267085,1164.596143957372
666,22.2,0.3147962984657664,0.999114990234375,0.36185598987287565,1294.6071263119372
667,22.233333333333334,0.330361759822998,0.997711181640625,0.3903315626529653,1562.3017211795316
668,22.266666666666666,0.36455312357919945,0.999969482421875,0.3897576924607651,1403.7923062692537
669,22.3,0.31025702172831593,0.999969482421875,0.4459496238863043,1731.7544914149803
670,22.333333333333332,0.17522819798463377,0.648040771484375,0.38753526276757033,1773.5224826571755
671,22.366666666666667,0.13073793460474362,0.53851318359375,0.32201418200993864,2060.8175605804186
672,22.4,0.11168452974538713,0.472686767578125,0.5333069704475344,4560.93431506191
673,22.433333333333334,0.28925043518609544,0.99078369140625,0.43742319211672726,2821.4087323006047
674,22.466666666666665,0.32702894672754673,0.99078369140625,0.523739814213253,982.0108161685214
675,22.5,0.19028665107395554,0.8890380859375,0.4686477414288883,2234.350851105742
676,22.533333333333335,0.19659173762774246,0.99359130859375,0.33553456402576154,2241.5526088972592
677,22.566666666666666,0.3162264439968226,0.999969482421875,0.4700600529476908,1227.5491511030423
678,22.6,0.2988099895768872,0.999969482421875,0.4140776471588654,1858.202664114753
679,22.633333333333333,0.24196084369041143,0.87969970703125,0.4072253675883457,1176.0453787688746
680,22.666666666666668,0.1748925505345572,0.87969970703125,0.3552094825912508,1412.586619938888
681,22.7,0.06268337886238089,0.32843017578125,0.33893659554281774,2086.1208322071748
682,22.733333333333334,0.036179975196641866,0.16864013671875,0.3325382824942842,2637.6602391838055
683,22.766666666666666,0.033346967586011626,0.16864013671875,0.2993279814104855,3128.849956121956
684,22.8,0.02975568953057614,0.133819580078125,0.19765016297213692,3411.1178824932367
685,22.833333333333332,0.3021901476933739,0.999969482421875,0.4762230518929974,2140.6405675774618
686,22.866666666666667,0.43698969256389686,0.999969482421875,0.4172503530873268,1146.7336371347837
687,22.9,0.3968349521618877,0.99114990234375,0.5038483856988225,972.5386791203185
688,22.933333333333334,0.2915683243137759,0.727783203125,0.45505248607600957,2320.731508372
689,22.966666666666665,0.1615356316669618,0.60955810546875,0.49302981980196653,3870.7396572468424
690,23.0,0.3212904139963848,0.999969482421875,0.5818942072177904,1642.1248282247575
691,23.033333333333335,0.4464668211088977,1.0,0.37546646520485755,1217.9659007937023
692,23.066666666666666,0.4337520321874725,0.999969482421875,0.28543842776171013,1804.6170391992414
693,23.1,0.40046592384754026,0.975921630859375,0.4006540994224484,1647.9245551651713
694,23.133333333333333,0.2752703161843069,0.945068359375,0.2681428931594238,1570.8712872944204
695,23.166666666666668,0.3514218970391309,0.999969482421875,0.5408677413107646,1149.7964825446566
696,23.2,0.3985719163803763,0.999969482421875,0.2542947316037927,1303.7506074044022
697,23.233333333333334,0.3053998807817187,1.0,0.6450131857868208,4263.59815488248
698,23.266666666666666,0.28055782177368654,1.0,0.3349768626635472,4724.85069608568
699,23.3,0.2835632367924731,0.8363037109375,0.3117306125190996,4171.8117130683495
700,23.333333333333332,0.39551624024379384,0.83514404296875,0.6755914263838019,1252.225897347511
701,23.366666666666667,0.38714798798261274,0.83514404296875,0.5268536502741871,1379.951941084369
702,23.4,0.23121081115006792,0.71234130859375,0.4917884464053932,2538.6820325970225
703,23.433333333333334,0.25885305343472664,1.0,0.41935757649823285,1809.0939981761446
704,23.466666666666665,0.31652780444068823,1.0,0.39580901089392106,982.8592522794296
705,23.5,0.268856155131483,0.75494384765625,0.41087867806233835,1099.2337646824335
706,23.533333333333335,0.23165360118598993,0.869903564453125,0.22882913227570179,1361.9064437874142
707,23.566666666666666,0.2826380924981941,0.973236083984375,0.42676897232389605,1303.6431620293065
708,23.6,0.2951085692738709,0.973236083984375,0.3526594650938064,1013.0257457797313
709,23.633333333333333,0.2818305462236425,0.7255859375,0.45166358907422977,654.1007267903499
710,23.666666666666668,0.24726472017700893,0.687103271484375,0.36121892403128664,557.3034080811967
711,23.7,0.19161626078316,0.534149169921875,0.2888513760041534,548.0462065401201
712,23.733333333333334,0.11578301768288637,0.490234375,0.36009238857599396,673.7470488258174
713,23.766666666666666,0.04505770035704438,0.185089111328125,0.4535771732562711,884.8166956802769
714,23.8,0.01949782144348189,0.0859375,0.4040477161371191,1220.9057091480643
715,23.833333333333332,0.008631845062592267,0.02349853515625,0.29278589859148596,1397.2030698172175
716,23.866666666666667,0.00786782299963079,0.0223388671875,0.2715668227573663,1435.1597503466905
717,23.9,0.007825061946282753,0.02191162109375,0.32935597265119965,1477.477304960479
718,23.933333333333334,0.008159924245040959,0.02191162109375,0.305474740758244,1447.5697062270685
719,23.966666666666665,0.008746108165333754,0.024200439453125,0.24313257624272097,1399.959223545165
720,24.0,0.008631296356705611,0.028472900390625,0.28267120560806525,1477.4002643102488
721,24.033333333333335,0.009294378573051114,0.028472900390625,0.271453777150671,1447.287867424206
722,24.066666666666666,0.0094412236779189,0.026702880859375,0.29228323036420756,1288.9696255733768
723,24.1,0.008985101223054164,0.026580810546875,0.2984987803179139,1400.6024374846056
724,24.133333333333333,0.009231045413605815,0.0242919921875,0.31653897186988567,1442.1674177511206
725,24.166666666666668,0.008717430827896182,0.02301025390625,0.28993421249623164,1448.616797825647
726,24.2,0.008397034287895,0.027313232421875,0.2858456010640379,1519.8105245046163
727,24.233333333333334,0.008530109687877811,0.027313232421875,0.2911018043372485,1427.6402365341655
728,24.266666666666666,0.008721956140305737,0.028045654296875,0.1773741228127305,1382.9204441603663
729,24.3,0.009406673983134214,0.028045654296875,0.2792622863374606,1358.0990900632662
730,24.333333333333332,0.009770846977684322,0.030975341796875,0.27364094234602104,1253.4359276937348
731,24.366666666666667,0.009422257462846436,0.030975341796875,0.2643518593286867,1349.5008659330929
732,24.4,0.008636537325634283,0.027801513671875,0.2848972553021943,1445.3044698594151
733,24.433333333333334,0.008407598836640004,0.027801513671875,0.2691189557106837,1380.0156348702922
734,24.466666666666665,0.007943412268361842,0.02471923828125,0.27450050715776464,1517.389408509529
735,24.5,0.008694234192498646,0.065704345703125,0.3236033460250156,1538.1588199950686
736,24.533333333333335,0.21781294333301607,1.0,0.7360017074978051,4819.6612700400065
737,24.566666666666666,0.46528900847916743,1.0,0.708752975955081,1542.4199851910703
738,24.6,0.588541625378108,0.999969482421875,0.3518862382506339,1736.6520781362667
739,24.633333333333333,0.5491078136318099,0.999969482421875,0.5562842404216403,1062.4218615319105
740,24.666666666666668,0.3493477251266373,0.999969482421875,0.5045308217133744,1658.3135687027032
741,24.7,0.2015846106145499,0.894073486328125,0.5924953135977556,4310.904431754684
742,24.733333333333334,0.35175210503005316,1.0,0.6769016976571224,1203.2563475795378
743,24.766666666666666,0.30192488388619293,1.0,0.3932461698871045,962.5316456275632
744,24.8,0.12237358030125708,0.624481201171875,0.5216193925510002,2807.2608987754847
745,24.833333333333332,0.2121837153371846,0.7872314453125,0.33758325224906827,2508.662171695222
746,24.866666666666667,0.31869429777178154,1.0,0.36441933801750703,1475.5662371964006
747,24.9,0.27535043820205696,1.0,0.35891961152985374,1656.7243073347122
748,24.933333333333334,0.16952129759306575,0.64508056640625,0.3355936684149286,1997.3378691832168
749,24.966666666666665,0.1092899721986057,0.449951171875,0.29884063474196687,2225.999601346241
750,25.0,0.049576048293261066,0.188568115234375,0.4099353516429348,3491.072754187212
751,25.033333333333335,0.04535141938519403,0.181671142578125,0.2949615675070838,3266.9330320865797
752,25.066666666666666,0.03559692663774969,0.1402587890625,0.18298099812252147,3377.7128875621083
753,25.1,0.030583432655281115,0.131317138671875,0.308287999313611,3337.6173744169223
754,25.133333333333333,0.02979804876736782,0.118438720703125,0.32073776760858663,3383.922492125099
755,25.166666666666668,0.03599642451668642,0.124298095703125,0.3443654442008176,3504.694385298288
756,25.2,0.07925306399901495,0.37799072265625,0.355083546870949,3913.751007705823
757,25.233333333333334,0.20544342466727206,0.967071533203125,0.35508624821988144,4509.784659135353
758,25.266666666666666,0.2878601626339523,0.996002197265625,0.3073384451168812,4204.154204627122
759,25.3,0.2357702158252924,0.996002197265625,0.5963020962512573,1823.991432515837
760,25.333333333333332,0.14381778551051919,0.797607421875,0.4119711572585592,3054.371116083921
761,25.366666666666667,0.2500003166951305,0.999969482421875,0.435321942410258,1368.1305074653274
762,25.4,0.23759137583064863,0.999969482421875,0.4012130192674624,1507.6941566107666
763,25.433333333333334,0.12959675289170078,0.65283203125,0.4068457837086525,1007.2921386300737
764,25.466666666666665,0.053015395077591926,0.250396728515625,0.6088189391009826,3171.9099591378563
765,25.5,0.31538274767519375,1.0,0.5121820704855197,1774.0421943863873
766,25.533333333333335,0.36771576777776577,1.0,0.337899541303032,1218.1322052813275
767,25.566666666666666,0.20901132090549032,0.858673095703125,0.5582099888457565,3410.4178899784447
768,25.6,0.11723923461701476,0.518829345703125,0.429577817671196,4504.265307663584
769,25.633333333333333,0.32312477036400433,0.999969482421875,0.7463524450492947,919.9640112227534
770,25.666666666666668,0.41387001017203845,0.999969482421875,0.32565413370941887,562.872100935199
771,25.7,0.42630779165259336,0.9971923828125,0.6332142181410259,781.0312333282063
772,25.733333333333334,0.4482412676223137,0.9971923828125,0.49119084033323673,1288.4234875185382
773,25.766666666666666,0.4616325396098863,0.92633056640625,0.5441932124438871,749.0428223918581
774,25.8,0.4534120299308795,0.92633056640625,0.5832236963628677,405.8344441506402
775,25.833333333333332,0.2755537375157668,0.90167236328125,0.4158587532368139,534.1792364233936
776,25.866666666666667,0.07388686746107759,0.2816162109375,0.6973003178231966,3301.9848682133356
777,25.9,0.06676129951232149,0.255462646484375,0.3588525103357746,4108.82220505039
778,25.933333333333334,0.16337195912912222,0.621551513671875,0.6278833933352858,1410.726807286605
779,25.966666666666665,0.17462664001705736,0.621551513671875,0.30232037068159157,1797.0639915888798
780,26.0,0.1006238194040458,0.366943359375,0.3354054227147797,1562.3553536220381
781,26.033333333333335,0.06392468108634748,0.366943359375,0.3351849829069501,1419.7132096760597
782,26.066666666666666,0.008301424336170328,0.0552978515625,0.4049538102429897,819.3118028753009
783,26.1,0.004191857975633958,0.00823974609375,0.33637921219188927,802.6089528245294
784,26.133333333333333,0.004216566039161727,0.00823974609375,0.2174441146508332,849.1747509170357
785,26.166666666666668,0.004260355764450702,0.010711669921875,0.3230608929705313,1268.9562034764529
786,26.2,0.004663019226973055,0.017059326171875,0.33853627064133374,1964.7126170842662
787,26.233333333333334,0.006522077836273383,0.025238037109375,0.28658032082128626,2247.78997763403
788,26.266666666666666,0.010874211042049426,0.05133056640625,0.3171571536508797,2023.3348254116997
789,26.3,0.014791797776730772,0.05133056640625,0.3076899925382602,2207.0889821660844
790,26.333333333333332,0.01801424033076649,0.066558837890625,0.3338531159329361,2137.853180467453
791,26.366666666666667,0.021477902965197047,0.09619140625,0.32488435293030105,2278.606179084432
792,26.4,0.02637152574553346,0.104217529296875,0.30928288184386893,2361.666762757086
793,26.433333333333334,0.10156838353651117,0.746002197265625,0.33407052146350685,2956.1222819106456
794,26.466666666666665,0.18157944372240242,0.798248291015625,0.536836566915116,5230.024064576586
795,26.5,0.3003645112653733,1.0,0.5919189625810484,2367.4509713598013
796,26.533333333333335,0.33874867284915294,1.0,0.4257304326328864,1282.7965668361803
797,26.566666666666666,0.23305071405676178,0.780303955078125,0.31355295811790657,1716.78838250584
798,26.6,0.25815495681976025,0.999969482421875,0.5928968057266264,4364.751417548869
799,26.633333333333333,0.2571773668850336,0.999969482421875,0.27583456045613813,4710.66816971953
800,26.666666666666668,0.3814443648611023,1.0,0.6521733275582111,1609.2117840172525
801,26.7,0.42733670931608625,1.0,0.40521228081408595,999.007054092369
802,26.733333333333334,0.30964004881504553,0.997100830078125,0.543692983676206,768.4233794033722
803,26.766666666666666,0.32296605673846496,0.999969482421875,0.40479404004759545,1074.8846332120893
804,26.8,0.28441615444484825,0.999969482421875,0.365969679075093,1471.3483697879776
805,26.833333333333332,0.33865800053359607,0.983428955078125,0.4611843926510797,1131.2385901257576
806,26.866666666666667,0.4476109781597989,0.997344970703125,0.5237527056789175,1016.7171125926279
807,26.9,0.501611398313101,0.999969482421875,0.3815791669621993,982.5240503989398
808,26.933333333333334,0.43629934042773205,0.999969482421875,0.39333338480169794,901.2940185715795
809,26.966666666666665,0.2831843720097563,0.77667236328125,0.4944108787640815,1027.6756014529822
810,27.0,0.14039083359913473,0.558837890625,0.34817070541283585,1426.4082105083346
811,27.033333333333335,0.06651608766609368,0.31622314453125,0.4147017942376682,1780.371776572975
812,27.066666666666666,0.014927943128984154,0.07073974609375,0.35100408675973577,1125.922840529013
813,27.1,0.005401181795557818,0.020477294921875,0.5214198151491839,561.7313145270614
814,27.133333333333333,0.003910663268109164,0.008453369140625,0.37966234324369397,793.5898124077694
815,27.166666666666668,0.0038041682490639623,0.008453369140625,0.1640233396438033,815.7314683060572
816,27.2,0.00370390371838354,0.006011962890625,0.15710732746982659,799.1525795154264
817,27.233333333333334,0.003739501477936749,0.00604248046875,0.137506416909707,891.6237245801215
818,27.266666666666666,0.00387328693293851,0.006195068359375,0.137234873858878,908.4374335723323
819,27.3,0.0038836886444899256,0.006256103515625,0.1218285430071565,963.7244980406143
820,27.333333333333332,0.003901229750903898,0.006256103515625,0.1436848969769077,897.0970324231349
821,27.366666666666667,0.004049052063642209,0.00653076171875,0.14664118558641473,933.1918331612893
822,27.4,0.06458515580226287,0.439666748046875,0.7784268423313796,2260.118344325587
823,27.433333333333334,0.26576206443295425,0.99493408203125,0.37409356493933943,1816.1493887524596
824,27.466666666666665,0.3661861148434626,0.99493408203125,0.46985672010798696,1301.8343636273164
825,27.5,0.32691969042909264,0.984344482421875,0.6356124550046142,4105.326377993405
826,27.533333333333335,0.27062936267796134,0.937713623046875,0.3613840446514417,4889.123678898405
827,27.566666666666666,0.19259297928254449,0.708953857421875,0.5816708618013633,2277.391893281588
828,27.6,0.11849389976209704,0.88623046875,0.45482376689392345,2249.577706666749
829,27.633333333333333,0.20676661144480904,0.999969482421875,0.29586499336941696,1899.394675524536
830,27.666666666666668,0.21332336278121133,0.999969482421875,0.36875314873017734,1273.7402411270798
831,27.7,0.10676147200662174,0.4757080078125,0.32800891889200967,1114.9452657161048
832,27.733333333333334,0.11400305571573574,0.609283447265625,0.7206829255603193,4709.767774440806
833,27.766666666666666,0.2750737583069577,0.999969482421875,0.3906325513739186,3294.3470000169655
834,27.8,0.35957617038763023,0.999969482421875,0.5696215252956274,751.3867786912633
835,27.833333333333332,0.26412048429708274,0.999969482421875,0.3558299362530981,1446.1335940484055
836,27.866666666666667,0.31313481343096117,0.984039306640625,0.5649028780772465,3600.7250556963127
837,27.9,0.4177397017884302,0.984039306640625,0.6292384544740691,1049.7488912747472
838,27.933333333333334,0.4950887213124383,0.999969482421875,0.36135377786095574,698.4620422984201
839,27.966666666666665,0.5833280811116022,0.999969482421875,0.5617596301776249,634.1906417660198
840,28.0,0.4325397389574322,0.999969482421875,0.5417047591767351,722.6442558492171
841,28.033333333333335,0.1699248968823198,0.62286376953125,0.7269539382816677,4154.562665956912
842,28.066666666666666,0.1746333844564956,0.64556884765625,0.32648973230752054,3963.6181200056308
843,28.1,0.16676498161319495,0.64556884765625,0.6816893125798589,1044.396858346835
844,28.133333333333333,0.1171690193687069,0.479827880859375,0.37732011496946477,1485.9164686799402
845,28.166666666666668,0.025041134050747104,0.15362548828125,0.32575447462773416,1079.2990613115167
846,28.2,0.008790951593453736,0.040618896484375,0.44564174435850745,1700.4942857601195
847,28.233333333333334,0.00537556698532827,0.021484375,0.5166334499283997,3809.7057724733295
848,28.266666666666666,0.00740584582562884,0.025665283203125,0.3087432706697151,3971.678462365627
849,28.3,0.010807192964049197,0.039581298828125,0.29994030139086675,4175.901932300386
850,28.333333333333332,0.01758779441259696,0.06829833984375,0.2734547182408098,4157.807199336623
851,28.366666666666667,0.021163780246422535,0.06829833984375,0.306206745351,4592.899866258627
852,28.4,0.019656715889668514,0.089080810546875,0.3100006528082051,4517.361409553585
853,28.433333333333334,0.020644647161225625,0.089080810546875,0.3159616302908191,4429.110340437321
854,28.466666666666665,0.02240434953549871,0.09576416015625,0.3165135620240185,4181.909421740729
855,28.5,0.02620559306148586,0.103485107421875,0.3212226005092789,4351.067426153031
856,28.533333333333335,0.2714392435126536,1.0,0.5470765566989035,2003.7851516527803
857,28.566666666666666,0.4123453508041342,1.0,0.3476057480320669,1773.3293255697376
858,28.6,0.3939325034821791,1.0,0.4278519918340622,1974.578733152765
859,28.633333333333333,0.435021382818888,0.999969482421875,0.5854341157961349,1287.6688472188093
860,28.666666666666668,0.36454946768420254,0.999969482421875,0.23994732425807766,1513.326040448821
861,28.7,0.17857639982541862,0.788848876953125,0.6578730123871964,4807.019680024065
862,28.733333333333334,0.3362565630563079,0.98858642578125,0.4334535538467982,2950.5731313678443
863,28.766666666666666,0.4585893456252267,0.999969482421875,0.44167779314565236,1298.570599692602
864,28.8,0.3558560058092945,0.999969482421875,0.480222097979261,1327.5446684761112
865,28.833333333333332,0.1727628763743758,0.59588623046875,0.5279934765364483,2627.848967114112
866,28.866666666666667,0.12620025805632779,0.39556884765625,0.3961948984471244,1890.8112026820024
867,28.9,0.25208724802540483,0.999969482421875,0.4152238541045352,1293.312672549081
868,28.933333333333334,0.30990251216390546,0.999969482421875,0.2747776332083639,1429.3755045571809
869,28.966666666666665,0.2951035751273368,0.9346923828125,0.4693510518693308,1460.9670292756184
870,29.0,0.31696063895149124,0.910247802734375,0.4996807267592209,1103.5041381960261
871,29.033333333333335,0.26590344554424644,0.910247802734375,0.4891295711706122,381.39782863448966
872,29.066666666666666,0.08124229105304674,0.301483154296875,0.35256161865702923,1581.1742913744497
873,29.1,0.01923836223848003,0.070709228515625,0.48322910776246236,3583.3075530268475
874,29.133333333333333,0.016401585652115462,0.063507080078125,0.3259047302097621,4294.293107039467
875,29.166666666666668,0.02365432596629588,0.084136962890625,0.26922748893351967,4550.056306303475
876,29.2,0.030875356829941445,0.101409912109375,0.2782715759692056,4450.586974483473
877,29.233333333333334,0.032941206608105116,0.101409912109375,0.27408623175685853,4523.564846415173
878,29.266666666666666,0.03511512153031068,0.148162841796875,0.30175730509882076,4500.651256517068
879,29.3,0.034508411472894185,0.148162841796875,0.29141090048204865,4020.9683108981544
880,29.333333333333332,0.03460219948508192,0.138580322265625,0.3217278992530922,3936.852135863304
881,29.366666666666667,0.256031936740752,0.948699951171875,0.45149299705877827,4716.098907274204
882,29.4,0.3339800784900841,0.979827880859375,0.27777950827930825,4250.78443414337
883,29.433333333333334,0.326183764250992,0.979827880859375,0.6165906382299394,1572.20586164764
884,29.466666666666665,0.2957630619195341,0.903076171875,0.5465686286540408,3973.699186200704
885,29.5,0.26585247692905783,0.999969482421875,0.32189396343718396,3847.3074261261577
886,29.533333333333335,0.28815524101094875,0.999969482421875,0.6204623957062947,1117.753402419679
887,29.566666666666666,0.2430167931899084,0.883544921875,0.3702190905246103,1154.9247765095524
888,29.6,0.21199049153304142,0.6370849609375,0.370190010901454,1499.1255073533316
889,29.633333333333333,0.21913429304127338,0.686431884765625,0.38292145488433743,1799.7781151132367
890,29.666666666666668,0.33397888652814023,0.9910888671875,0.4471054064356976,1561.8472263063331
891,29.7,0.33674684542818556,0.9910888671875,0.3853373839864288,1548.2073700711462
892,29.733333333333334,0.19135684451653662,0.868499755859375,0.5139729715357491,3756.845231133286
893,29.766666666666666,0.30818862601847863,0.999969482421875,0.34067508532302193,3312.6315892328107
894,29.8,0.4713800531537536,0.999969482421875,0.47131329377154735,1569.327761646539
895,29.833333333333332,0.49171231935427323,0.967803955078125,0.3640594945674135,1405.433828678154
896,29.866666666666667,0.3280839683845142,0.8912353515625,0.43957971719070354,1765.9803779860433
897,29.9,0.17717407957054465,0.772918701171875,0.41429181499888057,2261.995256828908
898,29.933333333333334,0.16045998028303346,0.772918701171875,0.32251863880085396,1905.7054636845737
899,29.966666666666665,0.07426427383447708,0.29449462890625,0.34386515689124664,2428.3017494373653
900,30.0,0.07953431429131493,0.292449951171875,0.34850166066809185,1907.8400009172547
901,30.033333333333335,0.06501274835961789,0.292449951171875,0.31345691684523913,2579.5955062783705
902,30.066666666666666,0.03447071865226894,0.103668212890625,0.47061069713310305,3970.201383636103
903,30.1,0.04224759028741651,0.143035888671875,0.2814191724312075,4038.4377209568925
904,30.133333333333333,0.0524132094833707,0.176300048828125,0.3063636732679429,3849.240322120065
905,30.166666666666668,0.053177400861623494,0.176300048828125,0.331685001204714,3568.393081750347
906,30.2,0.1299311394453003,0.81591796875,0.3257669627592644,2982.835247122059
907,30.233333333333334,0.16133183787614697,0.81591796875,0.23249624473020974,2263.4864047774327
908,30.266666666666666,0.11982608822718886,0.2474365234375,0.5704056575305569,615.5149935795789
909,30.3,0.07135356489056839,0.153717041015625,0.2678624146326589,379.5393157799372
910,30.333333333333332,0.03380650598859005,0.0626220703125,0.13161370496425165,279.7719350097108
911,30.366666666666667,0.015849669772247364,0.046539306640625,0.26719365257042427,409.5276174769234
912,30.4,0.0026154288357012508,0.007781982421875,0.473856226128477,843.8504847682988
913,30.433333333333334,0.25836828517895943,0.999969482421875,0.7650460125102869,3405.363062267256
914,30.466666666666665,0.4126759215286627,0.999969482421875,0.5280046588455292,1503.5648620157551
915,30.5,0.38863995446021404,0.999969482421875,0.45147761427340616,1479.9681176714705
916,30.533333333333335,0.34487539721601135,0.999969482421875,0.43716290776630445,1363.5136670967242
917,30.566666666666666,0.36190599305246596,0.999969482421875,0.3928738195413849,1312.5411434826062
918,30.6,0.36327972200575526,0.999969482421875,0.5716903714998068,956.0397547596259
919,30.633333333333333,0.2619252486152328,0.993072509765625,0.4336441459047063,592.1599277431748
920,30.666666666666668,0.0703347170646743,0.181793212890625,0.31231104529326764,381.63546510505773
921,30.7,0.24866019311782706,0.999969482421875,0.47828743920426114,705.2286218932711
922,30.733333333333334,0.29318132537890124,0.999969482421875,0.26989755161119056,699.105989743029
923,30.766666666666666,0.1631929316635019,0.641876220703125,0.2360769145959801,626.4079596755747
924,30.8,0.04195265995200813,0.202911376953125,0.39795085409749825,843.0632083248083
925,30.833333333333332,0.018873860792431037,0.07086181640625,0.35902602790328886,741.6277655944291
926,30.866666666666667,0.0054380069212815255,0.022186279296875,0.4676829692496033,651.895846630594
927,30.9,0.0035611077676718553,0.009124755859375,0.40310653356375625,960.5948161489172
928,30.933333333333334,0.00339137328982811,0.006378173828125,0.22333058562869215,870.5179875964094
929,30.966666666666665,0.0034068944271543147,0.005401611328125,0.19544756617629527,858.6322780660842
930,31.0,0.0035971169351845782,0.006103515625,0.13617660917340715,818.7308380988957
931,31.033333333333335,0.0037401768189571968,0.006195068359375,0.13470137135638605,724.6878668402343
932,31.066666666666666,0.003910660826145564,0.0072021484375,0.1660298056229466,601.7869621182205
933,31.1,0.003845095762648305,0.006500244140625,0.18621905490393234,738.1771920461217
934,31.133333333333333,0.0038882008415269593,0.006378173828125,0.3650324889964355,1781.4304362611604
935,31.166666666666668,0.00391169178063279,0.006378173828125,0.35575950059276007,792.7885947108081
936,31.2,0.004019564390653138,0.00628662109375,0.14790307561030966,874.7219764001445
937,31.233333333333334,0.004144871454798163,0.006988525390625,0.14964463867660263,883.854537798354
938,31.266666666666666,0.0041019389432123635,0.010650634765625,0.15742617733445635,913.8710031368546
939,31.3,0.16986598552576218,0.955718994140625,0.7967031294176932,4701.256866138244
940,31.333333333333332,0.26425815801277347,0.99041748046875,0.2648218458321595,4658.555762785
941,31.366666666666667,0.4142386238054389,0.999969482421875,0.6537093212964864,1806.8193519309823
942,31.4,0.4562607537398772,0.999969482421875,0.407525910039281,1764.9949067622842
943,31.433333333333334,0.30237359794002505,0.97979736328125,0.4954405179389552,1565.7507840576975
944,31.466666666666665,0.1364548311556961,0.52069091796875,0.49214089583827864,3265.411600207263
945,31.5,0.2824625144239672,0.997283935546875,0.5007478884601295,1663.0066088246986
946,31.533333333333335,0.3524730373470319,0.999969482421875,0.41258908173678194,1454.6581427100364
947,31.566666666666666,0.2059631675532541,0.999969482421875,0.4315554550614218,2253.283611141725
948,31.6,0.0849345141627219,0.3531494140625,0.37891184327216276,3245.896933490456
949,31.633333333333333,0.31219092222276035,0.999969482421875,0.4621177034270334,1737.581416315886
950,31.666666666666668,0.3958620137592349,0.999969482421875,0.3129054619333621,1765.130051034967
951,31.7,0.36216765788446875,0.756805419921875,0.3254137818958848,1906.6966797660398
952,31.733333333333334,0.3161741472288353,0.952972412109375,0.23144263093944123,2355.5542747814293
953,31.766666666666666,0.26939522579658765,0.952972412109375,0.595906937186157,5251.567020713547
954,31.8,0.24579804633862734,0.798675537109375,0.35819080372097867,4410.866289768618
955,31.833333333333332,0.34965304125117946,0.996063232421875,0.6007704154984957,1810.9762816055877
956,31.866666666666667,0.3804042920131908,0.999969482421875,0.445143552466212,1297.7459266543904
957,31.9,0.2953475934530233,0.999969482421875,0.4184821756867703,1745.9817548150322
958,31.933333333333334,0.1997333676530843,0.92327880859375,0.24944803321678868,1599.8288807496199
959,31.966666666666665,0.0940057963603313,0.28070068359375,0.3079998333749427,1509.2528314286674
960,32.0,0.05933320135038183,0.171600341796875,0.2910684894168222,1748.4092733406371
961,32.03333333333333,0.08630957429308844,1.0,0.4740929047390935,2805.728438925459
962,32.06666666666667,0.08537053919052641,1.0,0.24687331260344808,2901.633813305963
963,32.1,0.2155326547843951,0.99737548828125,0.6050805454796082,1481.3571505197822
964,32.13333333333333,0.20898768883943816,0.99737548828125,0.32052563575191395,1556.074911060278
965,32.166666666666664,0.10489228419235938,0.538848876953125,0.6060830630937425,4687.727764332533
966,32.2,0.14821641176842323,0.713897705078125,0.361224298822861,3591.0369932587887
967,32.233333333333334,0.3547461241201519,0.954742431640625,0.5170332057103572,1468.984067488257
968,32.266666666666666,0.40385843655936476,0.954742431640625,0.38099223993157055,1352.0566841919442
969,32.3,0.2774767886780434,0.999969482421875,0.5067128490810304,1965.9466816488548
970,32.333333333333336,0.17441629427339955,0.999969482421875,0.3376352005847285,2658.1755025411094
971,32.36666666666667,0.14899911587038844,0.607940673828125,0.40277657615692447,1858.5220227849882
972,32.4,0.14503811777774217,0.607940673828125,0.3077213037272036,2235.2596071179955
973,32.43333333333333,0.09180231889013543,0.4686279296875,0.3410565506442116,2754.6688377713504
974,32.46666666666667,0.05554593813762839,0.24444580078125,0.35814997549133637,2704.8154331300752
975,32.5,0.0587845044976089,0.26800537109375,0.33289374581198294,2308.930893576908
976,32.53333333333333,0.21425417286925075,0.71649169921875,0.4849725074270015,1709.7856730870478
977,32.56666666666667,0.3052901323090559,0.886016845703125,0.3252985433122675,1474.652263451539
978,32.6,0.28698031798465884,0.999969482421875,0.30328349682412586,1528.4498651530907
979,32.63333333333333,0.2134002946805479,0.999969482421875,0.4112344993593977,2513.780890700807
980,32.666666666666664,0.10536180764449969,0.3841552734375,0.3660968917245141,1664.8025449859244
981,32.7,0.042904132990303115,0.1678466796875,0.3192534201217398,2391.3357806484833
982,32.733333333333334,0.03317040999808564,0.13800048828125,0.2784588614117563,2673.818964022512
983,32.766666666666666,0.06927689943882227,0.597442626953125,0.29772333095669107,2630.2985591262845
984,32.8,0.07271915803911712,0.597442626953125,0.3458234862536632,3405.440469694706
985,32.833333333333336,0.0718653296406299,0.651214599609375,0.36930428753992883,2737.8904575698807
986,32.86666666666667,0.0685131576486713,0.651214599609375,0.19193868267913022,2357.2340417976447
987,32.9,0.046564359537828295,0.1920166015625,0.4004479500414316,1568.65944215981
988,32.93333333333333,0.09215431711509722,0.94097900390625,0.4908161970052485,3509.810304334077
989,32.96666666666667,0.14519458038539412,0.94097900390625,0.34582320683723117,2898.9850203257392
990,33.0,0.15982869746973055,0.678314208984375,0.49220361570133053,4909.771423565298
991,33.03333333333333,0.30161269539501906,0.999969482421875,0.6173835155090132,1971.8332887363817
992,33.06666666666667,0.3707998209394836,0.999969482421875,0.3756872247970985,1215.0957067131376
993,33.1,0.2965196628322815,0.697784423828125,0.469903166764675,629.413065950056
994,33.13333333333333,0.16835084884287607,0.5382080078125,0.5690817145130864,2247.460968128449
995,33.166666666666664,0.05492123599739934,0.29107666015625,0.40319703170164023,2869.2830311402017
996,33.2,0.17870007964134735,0.6619873046875,0.6558669766420787,545.6262164961753
997,33.233333333333334,0.28778048144420465,0.6619873046875,0.4663465271098982,951.3045185945923
998,33.266666666666666,0.32349492016115583,0.926910400390625,0.2671028054114642,1260.7574042327421
999,33.3,0.35521641994049913,1.0,0.4952704636705986,1556.4624790865792
1000,33.333333333333336,0.26402588262768134,1.0,0.3236636441515155,949.1997847682235
1001,33.36666666666667,0.14820175074690595,0.785430908203125,0.43685244009421176,1781.6017489156773
1002,33.4,0.402829924937249,0.999969482421875,0.46592613851558007,1267.3807028298936
1003,33.43333333333333,0.44377356410921054,0.999969482421875,0.3089798072828359,1314.7025081929464
1004,33.46666666666667,0.26878446324187133,0.986053466796875,0.4139876139832189,1974.5447234865499
1005,33.5,0.1573878428271827,0.6441650390625,0.5639126396949248,5028.084641529597
1006,33.53333333333333,0.165038154634612,0.93548583984375,0.3036999770288997,4514.795036875987
1007,33.56666666666667,0.28306753697476567,0.999969482421875,0.5329195780842196,2145.2826733861566
1008,33.6,0.29249550719255657,0.999969482421875,0.483278123084488,1064.2774267296115
1009,33.63333333333333,0.16430073779953372,0.67022705078125,0.47330634480878553,1682.4384072432001
1010,33.666666666666664,0.059425749900935014,0.40655517578125,0.3682048989262131,2318.822794679394
1011,33.7,0.024346403102608737,0.08416748046875,0.4405607630943207,2756.078310046159
1012,33.733333333333334,0.025010292210730454,0.1136474609375,0.3645401720895851,3365.9957815651
1013,33.766666666666666,0.0955230368501906,1.0,0.325898930419722,3029.098351607549
1014,33.8,0.11052309813829651,1.0,0.40625258320684043,3583.559666606135
1015,33.833333333333336,0.03794440046666759,0.2947998046875,0.38530534815066714,2785.927681670432
1016,33.86666666666667,0.016746160380023672,0.127777099609375,0.3350165355803289,2970.6417975796167
1017,33.9,0.02385913366219516,0.127777099609375,0.38174577338255267,2258.650214994
1018,33.93333333333333,0.022749032381975252,0.142669677734375,0.34158908358032486,2888.2249529691853
1019,33.96666666666667,0.017170834298832975,0.142669677734375,0.2941322015912731,2735.433458523079
1020,34.0,0.009507691388390726,0.075347900390625,0.3546624469280382,2458.5159022108505
1021,34.03333333333333,0.011361356208609901,0.071502685546875,0.1816703720170451,2617.3500048371243
1022,34.06666666666667,0.09855051838384007,0.438873291015625,0.6347033242180169,5713.505501192371
1023,34.1,0.2560792313306044,0.999969482421875,0.32413947287454264,4978.881960304356
1024,34.13333333333333,0.4641851545303078,0.999969482421875,0.5789311137866258,2046.5703628119902
1025,34.166666666666664,0.4932789888368318,0.999969482421875,0.4005317048336134,1583.0414486219963
1026,34.2,0.2954137519461986,0.985015869140625,0.4348147395808319,1266.1096399422997
1027,34.233333333333334,0.08021183466815839,0.350738525390625,0.5241298594754749,2910.1989503834993
1028,34.266666666666666,0.09921718616113065,0.350738525390625,0.3903690529231897,4007.6511873477684
1029,34.3,0.10488336837990886,0.42498779296875,0.3006689324661942,3957.1868996546373
1030,34.333333333333336,0.22003050290352238,0.744720458984375,0.5526395890333238,1784.8283970041778
1031,34.36666666666667,0.221349999486189,0.744720458984375,0.30289007728005135,1776.3931232456937
1032,34.4,0.11788593950070744,0.430389404296875,0.37145005123758223,2218.258203253663
1033,34.43333333333333,0.18148134381406156,0.999969482421875,0.46564801967611924,2593.3490136471337
1034,34.46666666666667,0.15396861136965492,0.999969482421875,0.2809406931682771,2644.623572033836
1035,34.5,0.02962828150391032,0.160003662109375,0.4347981955455851,1873.734600246537
1036,34.53333333333333,0.016100217177500802,0.060211181640625,0.3784657030364278,2783.4835380472014
1037,34.56666666666667,0.01659624708691316,0.0478515625,0.3698092260862551,3181.122305777976
1038,34.6,0.017515333731744954,0.04693603515625,0.3399091587242388,2608.130047087528
1039,34.63333333333333,0.06079205910949985,0.341339111328125,0.46524042358968215,2780.33481468595
1040,34.666666666666664,0.20129176043956895,0.99566650390625,0.41087077240874553,1785.9926861666945
1041,34.7,0.24694030683092363,0.99566650390625,0.38537437973792116,1232.0219042997298
1042,34.733333333333334,0.19876409419483693,0.84576416015625,0.5169348905057886,2811.8742371515555
1043,34.766666666666666,0.2936824941435187,0.99322509765625,0.44906522085540385,1857.648667352495
1044,34.8,0.34700627296443687,0.999969482421875,0.4115788423831169,1527.7479319955514
1045,34.833333333333336,0.2904033212709305,0.999969482421875,0.4709747163759957,1282.941088869454
1046,34.86666666666667,0.1878948717256828,0.4876708984375,0.3537373592818946,1711.4001658408708
1047,34.9,0.08878566414610241,0.37567138671875,0.38218717337321506,2103.3527571471923
1048,34.93333333333333,0.08535604443263015,0.37567138671875,0.3099598771310533,2620.0655960752238
1049,34.96666666666667,0.12585328778237395,0.50762939453125,0.3269563023429155,2218.5896529828165
1050,35.0,0.22348537628431947,0.697723388671875,0.4206269383226934,1548.3084314172079
1051,35.03333333333333,0.2179216252699346,0.697723388671875,0.35701319075914717,1418.893843414081
1052,35.06666666666667,0.12282917152573887,0.41705322265625,0.49003590587505697,2318.2402345637083
1053,35.1,0.05662524175016297,0.209625244140625,0.4652333320928099,4093.325305018584
1054,35.13333333333333,0.02925774340886902,0.2327880859375,0.35645610778569015,4814.116898613098
1055,35.166666666666664,0.03202797128228012,0.265777587890625,0.25224967675284415,4637.053022799274
1056,35.2,0.0303116908261717,0.265777587890625,0.3022677506896305,4570.412265487148
1057,35.233333333333334,0.03079052564649247,0.147918701171875,0.29944577419439966,4741.27833541332
1058,35.266666666666666,0.029813254267902673,0.14300537109375,0.2885104722102835,4576.838680469864
1059,35.3,0.030943562048484183,0.14300537109375,0.2878160761993661,4794.646230977231
1060,35.333333333333336,0.03167450437820368,0.21270751953125,0.3136951931660139,4888.630856816512
1061,35.36666666666667,0.03771200491027835,0.21270751953125,0.2394930910844148,5136.101956260215
1062,35.4,0.036731000710339586,0.21270751953125,0.32919118251465845,4709.170560009926
1063,35.43333333333333,0.027926335223661728,0.13446044921875,0.29056816894220255,4691.883903910371
1064,35.46666666666667,0.027309517735999895,0.14398193359375,0.30511231178532905,4663.863072733273
1065,35.5,0.030109374633090675,0.1556396484375,0.2895933691371606,4498.512200079492
1066,35.53333333333333,0.025414817207066034,0.1556396484375,0.2919130026019694,4292.443133081698
1067,35.56666666666667,0.018678153894415923,0.115020751953125,0.3402818197707873,3932.4562807805237
1068,35.6,0.028941033429672417,0.3675537109375,0.31026528456468766,4440.868540660908
1069,35.63333333333333,0.0403090511588985,0.3675537109375,0.283788286944352,3430.2423131813457
1070,35.666666666666664,0.05108669361066791,0.14764404296875,0.26867404428762115,3477.8794920002756
1071,35.7,0.06823718919740197,0.179931640625,0.4008529089180693,1858.4936190167418
1072,35.733333333333334,0.11030051413760045,0.29736328125,0.32305029351693715,1764.821017390793
1073,35.766666666666666,0.13765471800897672,0.35321044921875,0.43238910376786255,726.8043018095301
1074,35.8,0.2142590539331366,0.63909912109375,0.2600414715738228,552.8735836291382
1075,35.833333333333336,0.2741110273298836,0.63909912109375,0.31971843828218266,662.6788803423373
1076,35.86666666666667,0.36596369116148225,0.92889404296875,0.40440884846948916,671.2639449265235
1077,35.9,0.38462231968074845,0.989349365234375,0.3492260545364285,1028.2478385742884
1078,35.93333333333333,0.3449954970914247,0.989349365234375,0.3149317835163883,1272.3648573466362
1079,35.96666666666667,0.3899770823774704,0.980865478515625,0.3768032465758706,848.5237925141106
1080,36.0,0.46694676580878985,0.999969482421875,0.3204639054872306,1321.343004341225
1081,36.03333333333333,0.4871053382438619,0.999969482421875,0.3216942422821294,1472.6561952739387
1082,36.06666666666667,0.47585331440385364,0.924560546875,0.31972075254696963,920.8377554375159
1083,36.1,0.43956581704510467,0.895904541015625,0.36026211479018955,2027.129535262438
1084,36.13333333333333,0.34727202001808966,0.851715087890625,0.4023408399956234,3602.793060352578
1085,36.166666666666664,0.32398923908657556,0.828125,0.3320633077796232,2659.3118801167025
1086,36.2,0.3689674889686625,0.93408203125,0.47531300141912036,1014.3857689355337
1087,36.233333333333334,0.3842931558514092,0.966796875,0.32303046529012136,1158.8893575709635
1088,36.266666666666666,0.3170551784437452,0.966796875,0.395106655748646,1548.2514858304185
1089,36.3,0.29412398128399275,0.99365234375,0.42605785153119025,1311.0032795680086
1090,36.333333333333336,0.2952088131745742,0.99365234375,0.4089154546634945,1121.4683444932182
1091,36.36666666666667,0.27066877832938024,0.954559326171875,0.30783696055918575,1110.9182994714085
1092,36.4,0.2764465786308203,0.69110107421875,0.49259456572820465,749.0672923318789
1093,36.43333333333333,0.31422430491215797,0.9254150390625,0.43354700071309593,920.7742831799968
1094,36.46666666666667,0.32289232326068534,0.9254150390625,0.3876742862246421,962.9896602112972
1095,36.5,0.2840067065366639,0.686004638671875,0.3971272163156235,848.2377607694223
1096,36.53333333333333,0.22570765323892872,0.64801025390625,0.5066085489293962,2405.4358884917256
1097,36.56666666666667,0.17466980603558432,0.410003662109375,0.3010120130107494,2823.6264982895295
1098,36.6,0.20155257173306731,0.879608154296875,0.3757553534940347,2581.6973570334353
1099,36.63333333333333,0.3308450743780343,0.9969482421875,0.5914460457596246,694.8841373271013
1100,36.666666666666664,0.425044910720375,0.9969482421875,0.5194889341963131,815.2995648945823
1101,36.7,0.45207529980455663,0.999969482421875,0.48703698713599386,769.488185405797
1102,36.733333333333334,0.42460898130511077,0.999969482421875,0.5041522107506011,681.7680836038018
1103,36.766666666666666,0.2866774185414972,0.8660888671875,0.5319901467894951,1393.490370585706
1104,36.8,0.21220766960800408,0.983154296875,0.6489762411863857,4593.308798729487
1105,36.833333333333336,0.31404948347580786,0.98681640625,0.3399174439595992,3623.726134479021
1106,36.86666666666667,0.3430822987566918,0.98681640625,0.5500486327960764,1471.3046164752984
1107,36.9,0.27278129811396407,0.95135498046875,0.438398723398724,818.5419060291249
1108,36.93333333333333,0.13860620706388035,0.5003662109375,0.4908628116127397,1970.805531690093
1109,36.96666666666667,0.22129540882682386,0.999969482421875,0.4443667743568449,1192.2270569233515
1110,37.0,0.31887692276573243,0.999969482421875,0.4251886706403012,1046.209797325243
1111,37.03333333333333,0.3415065654282687,0.999969482421875,0.30605547268578115,871.15041824178
1112,37.06666666666667,0.25743347361259983,0.876129150390625,0.5000141752604418,830.6759620051638
1113,37.1,0.12089189119202524,0.71563720703125,0.44087889105460637,431.4728785331521
1114,37.13333333333333,0.08784675313483144,0.71966552734375,0.4512476573344466,1608.477451813365
1115,37.166666666666664,0.3293094323201222,0.999969482421875,0.4675346687099847,1075.597540205179
1116,37.2,0.4428928749201163,0.999969482421875,0.4272858779655021,786.2033374110238
1117,37.233333333333334,0.3260666590078858,0.97344970703125,0.3460806720614555,1051.947257458058
1118,37.266666666666666,0.1877722734090971,1.0,0.7130903636604147,4090.441431440326
1119,37.3,0.21873076960346982,1.0,0.49904012438214207,2169.1724113432215
1120,37.333333333333336,0.16352842385431388,0.57550048828125,0.42945255913700014,1253.9141204365405
1121,37.36666666666667,0.12077780359901104,0.28021240234375,0.49849522763178195,602.5197145400487
1122,37.4,0.16642174702969306,0.610687255859375,0.4515301808673857,1611.0783470272017
1123,37.43333333333333,0.25956834803518336,0.855987548828125,0.4582203477236066,1422.5445884129488
1124,37.46666666666667,0.26084840617376703,0.74029541015625,0.29503141291065443,1247.500932085296
1125,37.5,0.2440617420456668,0.60418701171875,0.23029516255409155,1093.690564131223
1126,37.53333333333333,0.2528190029725913,0.62274169921875,0.3522195028024157,961.3265437185516
1127,37.56666666666667,0.36813639629873435,1.0,0.4640508594339002,924.6251723887204
1128,37.6,0.45388817926136665,1.0,0.5029773676128855,1203.9744800168878
1129,37.63333333333333,0.40263324691001035,0.9912109375,0.5111339067563683,1326.003427865521
1130,37.666666666666664,0.29695757949057,0.7091064453125,0.35128830692883767,902.4970890901624
1131,37.7,0.16807197093726683,0.497406005859375,0.3831321505934974,603.3362477057656
1132,37.733333333333334,0.02714644952687577,0.13079833984375,0.3531713866625225,601.419603069335
1133,37.766666666666666,0.011627552779974895,0.02825927734375,0.4248962089218074,458.80910360654156
1134,37.8,0.006736525663129003,0.020111083984375,0.27734130252318256,575.3086540037252
1135,37.833333333333336,0.003874012082279179,0.0203857421875,0.6496961812769618,2502.6965781571184
1136,37.86666666666667,0.005760646645841971,0.0203857421875,0.305419717730964,3052.468074637867
1137,37.9,0.009019607671500719,0.038482666015625,0.3023561579340517,3110.655247140767
1138,37.93333333333333,0.011789676073534037,0.044342041015625,0.3051833229773649,3078.737273681529
1139,37.96666666666667,0.013887424129069228,0.048187255859375,0.3000340107329882,3359.110520181768
1140,38.0,0.01802242088814008,0.120635986328125,0.3143628273407635,3246.1444640355435
1141,38.03333333333333,0.01777302259247281,0.120635986328125,0.2890515714667933,3427.4611892749117
1142,38.06666666666667,0.02270614277397673,0.148712158203125,0.2952061476046104,2947.9638852306684
1143,38.1,0.02481606761186315,0.148712158203125,0.295457626632636,2671.9541686930365
1144,38.13333333333333,0.042002186462577265,0.244049072265625,0.40389837191825584,3761.146058408854
1145,38.166666666666664,0.3068576736159097,0.999969482421875,0.4994139393438584,2060.3450077457564
1146,38.2,0.42024253862005023,0.999969482421875,0.4730312472854464,894.4622075197227
1147,38.233333333333334,0.337013804358735,0.998016357421875,0.5469124469044394,1124.7517201751589
1148,38.266666666666666,0.19103103358365334,0.778594970703125,0.5417952845434508,2225.1099257961964
1149,38.3,0.12830833271253114,0.67626953125,0.4598253761578447,1796.6859875300079
1150,38.333333333333336,0.13302088096223563,0.67626953125,0.3421847779253082,2409.677429941698
1151,38.36666666666667,0.3497294109003249,0.999969482421875,0.539309356836721,1117.72972027055
1152,38.4,0.48444073427490636,0.999969482421875,0.38724841443152047,1155.59379599859
1153,38.43333333333333,0.37133470308185995,0.999969482421875,0.1926691447238564,1037.8661686053397
1154,38.46666666666667,0.16853644397638887,0.769378662109375,0.3532771792509061,988.5431482909452
1155,38.5,0.029398557603698836,0.121246337890625,0.4102992457361929,2020.8536916152455
1156,38.53333333333333,0.03287113432357017,0.11590576171875,0.41127223973927457,2359.238609977992
1157,38.56666666666667,0.15044388321181126,0.765167236328125,0.5386591803737822,994.374864426149
1158,38.6,0.22355780553918309,0.765167236328125,0.2852547193599206,796.2916392558687
1159,38.63333333333333,0.2325584658082256,0.785064697265625,0.2953238966276084,998.8676709066737
1160,38.666666666666664,0.2076405512953848,0.785064697265625,0.3510892476844507,1110.7190439663648
1161,38.7,0.11499604812922619,0.477935791015625,0.35389594335060015,1438.1547079525524
1162,38.733333333333334,0.0602068231394357,0.306182861328125,0.3548385121780429,2271.3259295661765
1163,38.766666666666666,0.03232763626629402,0.110015869140625,0.2960596421743957,2530.1526673873323
1164,38.8,0.029030336701368207,0.110015869140625,0.28038738443253114,2457.298425299414
1165,38.833333333333336,0.022994170467977595,0.075439453125,0.2973396770443175,2448.5479731796636
1166,38.86666666666667,0.018173418083464035,0.075439453125,0.295233718446152,2403.3597577601436
1167,38.9,0.01238228289947834,0.0452880859375,0.31230817638316116,2391.5287094393
1168,38.93333333333333,0.009933261692387948,0.0452880859375,0.29734395635691296,2221.763684900853
1169,38.96666666666667,0.007802485711518521,0.026580810546875,0.32049460314744904,2112.0459166136384
1170,39.0,0.1291488157087818,0.97698974609375,0.31425721541679635,1748.559309011687
1171,39.03333333333333,0.13741319561852977,0.97698974609375,0.2009762482706004,1653.3817696787332
1172,39.06666666666667,0.0534612192980231,0.284027099609375,0.3276125128318934,1982.3600591356662
1173,39.1,0.22738485970474429,0.996185302734375,0.431545336300158,1878.39860771893
1174,39.13333333333333,0.4123945589192364,1.0,0.46427165697358896,1312.800489062268
1175,39.166666666666664,0.4393539759758017,1.0,0.38755882972248323,1539.0432544711925
1176,39.2,0.3536359493173487,1.0,0.42113889313555664,1455.49163440434
1177,39.233333333333334,0.18740191734970923,0.8848876953125,0.3497133998120286,1237.9273242251186
1178,39.266666666666666,0.15623227484074173,0.618072509765625,0.720430315960407,4902.03267050679
1179,39.3,0.3034691988147455,0.963409423828125,0.4296719630058553,3448.4607143533954
1180,39.333333333333336,0.4574321714550124,1.0,0.5383216978121105,1359.1212033006836
1181,39.36666666666667,0.4466314098804217,1.0,0.40561298093201287,990.1065800280934
1182,39.4,0.3941841698422618,1.0,0.36428149022445994,1321.5607260509871
1183,39.43333333333333,0.3994990109558916,1.0,0.27874434772756723,707.0964516458621
1184,39.46666666666667,0.3320585633516349,1.0,0.5075131925443942,1936.593498622993
1185,39.5,0.15265774057675882,0.667083740234375,0.3307264175823014,2409.9535616976073
1186,39.53333333333333,0.08145159721945887,0.538818359375,0.3916473366068336,3126.872405860115
1187,39.56666666666667,0.10941793950382224,0.462890625,0.3598521290708205,3694.0263206930645
1188,39.6,0.2837387278847908,0.999969482421875,0.5828009496155021,1318.1960581861074
1189,39.63333333333333,0.3501879567613989,0.999969482421875,0.36131953482655577,2088.9262495080848
1190,39.666666666666664,0.36327611829262413,0.967437744140625,0.38970917974689634,1866.6720535739898
1191,39.7,0.4694215851865392,0.93463134765625,0.43609007680349293,1071.8661994229776
1192,39.733333333333334,0.5457144328094284,0.9981689453125,0.17836790008581738,1055.125657917782
1193,39.766666666666666,0.47033977462435866,0.9984130859375,0.48883108864715663,1511.1813969800585
1194,39.8,0.26462268941235495,0.9984130859375,0.49347596633208674,1141.289008535083
1195,39.833333333333336,0.14097494032418656,0.442626953125,0.5913031349100977,4034.5845572275457
1196,39.86666666666667,0.14592102425365883,0.66595458984375,0.32361200834405224,4196.216262064873
1197,39.9,0.26076664310037206,0.980316162109375,0.5969473667018708,1428.8447095706867
1198,39.93333333333333,0.2663886869531471,0.980316162109375,0.2779089909910579,1138.1872685923033
1199,39.96666666666667,0.12094407632515214,0.684539794921875,0.4164264387870276,1735.240172730889
1200,40.0,0.162554458271284,0.98211669921875,0.5767120569940779,1713.4868321004033
1201,40.03333333333333,0.26918158846945267,0.998382568359375,0.4767243814522263,1195.1373883303836
1202,40.06666666666667,0.24215744976972467,0.998382568359375,0.36577507722130975,1105.4806845346475
1203,40.1,0.101257437805682,0.6326904296875,0.35921683006996163,1785.4939688144523
1204,40.13333333333333,0.024719716476954152,0.09393310546875,0.48982641878478694,3513.9954342075066
1205,40.166666666666664,0.034708279243547184,0.299835205078125,0.32796801402004094,3235.6139067502613
1206,40.2,0.03765345301929693,0.299835205078125,0.3249255585994083,3177.497187899469
1207,40.233333333333334,0.022120100054343173,0.1907958984375,0.3095599047950097,3652.4283429770953
1208,40.266666666666666,0.013395311827997915,0.09088134765625,0.3631835257119196,4227.541457765739
1209,40.3,0.043509629870798906,0.230621337890625,0.379006332159814,3494.075550105859
1210,40.333333333333336,0.20106487614070853,0.999969482421875,0.37390389166637217,2414.850899388819
1211,40.36666666666667,0.3562480676153763,0.999969482421875,0.6092196768032104,980.1396847781913
1212,40.4,0.34805513845490593,0.9659423828125,0.713405166082035,4653.124848363048
1213,40.43333333333333,0.22694936464042154,0.784210205078125,0.3219231094674759,5318.054058952807
1214,40.46666666666667,0.21167661316854092,0.980987548828125,0.6480620338340534,2073.4841357991677
1215,40.5,0.2216307879343182,0.980987548828125,0.3638378297441885,1600.4994306642163
1216,40.53333333333333,0.1716902131261514,0.635284423828125,0.25861895291042897,1587.989205985497
1217,40.56666666666667,0.29896505765131554,1.0,0.505395431443993,827.0995103999022
1218,40.6,0.4268662087722781,1.0,0.49730988381584784,945.2162673580316
1219,40.63333333333333,0.4223246563654051,0.999969482421875,0.5832190413626368,1093.0483856071098
1220,40.666666666666664,0.32033904434218846,0.973602294921875,0.6337278652332333,3944.2949349169767
1221,40.7,0.2725797638012282,1.0,0.34004801830116627,4627.400285365838
1222,40.733333333333334,0.28062429274039413,1.0,0.3049467629167355,4505.3543591126745
1223,40.766666666666666,0.3304482340848351,0.993316650390625,0.675542012976706,1554.9474178549533
1224,40.8,0.27256990170109835,0.993316650390625,0.45688947292964405,1537.6099075924924
1225,40.833333333333336,0.10872475141848591,0.53607177734375,0.5660104799285659,4559.198580534148
1226,40.86666666666667,0.18932633484702519,0.789520263671875,0.3577533882862667,3543.893184698919
1227,40.9,0.19358548756586946,0.789520263671875,0.4958308859008948,1331.9507653304843
1228,40.93333333333333,0.0721346153285801,0.352874755859375,0.44303080406380335,1896.0204985681632
1229,40.96666666666667,0.028505420574571342,0.12957763671875,0.3217546334963485,1472.7635790008883
1230,41.0,0.007696043253628751,0.031646728515625,0.5821232234958457,594.3014559527436
1231,41.03333333333333,0.0047309814412476005,0.014495849609375,0.35819319710718245,878.2085451542403
1232,41.06666666666667,0.003719467881833346,0.00701904296875,0.21256895737678427,896.775456803553
1233,41.1,0.0037011945532386846,0.006134033203125,0.15421646909223918,933.3265926764827
1234,41.13333333333333,0.0038125332534975184,0.007110595703125,0.12682746182229337,827.2318980885997
1235,41.166666666666664,0.00416033816894672,0.00860595703125,0.1124813122603242,838.2348072551533
1236,41.2,0.004151070664805297,0.00860595703125,0.13863714810206815,806.1782092692314
1237,41.233333333333334,0.004046221546649264,0.008880615234375,0.10273660031805641,697.212982931814
1238,41.266666666666666,0.0042480669721990496,0.008880615234375,0.15199003461487204,889.3108153527311
1239,41.3,0.004078313155975092,0.007354736328125,0.12247638924634835,945.2818850871968
1240,41.333333333333336,0.003945756934593996,0.006744384765625,0.15960311359255563,990.0072954084607
1241,41.36666666666667,0.004477423838835771,0.013916015625,0.3817296726985069,1866.5787263759214
1242,41.4,0.15776116238390814,0.797393798828125,0.6299437666521157,5266.122724520518
1243,41.43333333333333,0.2503203379622636,0.998626708984375,0.34625121585398283,4321.960228238138
1244,41.46666666666667,0.22151861249361926,0.998626708984375,0.6439939925246366,1338.325306402931
1245,41.5,0.13190179926884155,0.634429931640625,0.4268900006435963,1116.148896994182
1246,41.53333333333333,0.21230704709017398,0.78851318359375,0.4730221465462314,996.7247771671773
1247,41.56666666666667,0.41924277487345807,0.999969482421875,0.5263553648947548,1071.1772764185769
1248,41.6,0.5191570925870507,0.999969482421875,0.5115316367746224,1322.6977183432627
1249,41.63333333333333,0.5011705883965907,0.98016357421875,0.2306598637351433,1366.5786901557055
1250,41.666666666666664,0.3996455603491993,0.971771240234375,0.5037053119729337,1420.1862471403185
1251,41.7,0.3043140291010291,0.98907470703125,0.5878780483637438,3750.6865119813847
1252,41.733333333333334,0.2561406660693661,0.98907470703125,0.3723198602815325,4562.964028691222
1253,41.766666666666666,0.1539179583782497,0.49658203125,0.35849514173573527,3810.654347298184
1254,41.8,0.1383705016809002,0.47076416015625,0.5508880427701639,1513.816430658291
1255,41.833333333333336,0.17136938074104613,0.63641357421875,0.3143827624925648,1807.2233372043586
1256,41.86666666666667,0.16397159081009716,0.63641357421875,0.3695412267178736,2103.8010964853875
1257,41.9,0.09227583248166282,0.615020751953125,0.31824326626297966,2519.509477460261
1258,41.93333333333333,0.05064477730254499,0.214599609375,0.3008040899048335,2341.381961632257
1259,41.96666666666667,0.04916544910856108,0.214599609375,0.2951742421517005,2116.452085886099
1260,42.0,0.04559493053946283,0.206787109375,0.32371163478385656,2398.7428927473916
1261,42.03333333333333,0.04500423968119527,0.206787109375,0.2896151001432612,2423.2089295757096
1262,42.06666666666667,0.028466516900796848,0.142608642578125,0.301325879915735,2754.826804116899
1263,42.1,0.021816423503930153,0.082489013671875,0.306500929490904,2608.2081022745483
1264,42.13333333333333,0.018856002788545767,0.06903076171875,0.2898360385131328,2665.55008885095
1265,42.166666666666664,0.05225721876387135,0.487640380859375,0.32829615698248343,2655.6429535490083
1266,42.2,0.06174513923270144,0.487640380859375,0.2854411741745668,2131.3433301980713
1267,42.233333333333334,0.04358145172007699,0.211639404296875,0.293960401811792,1968.5876491933975
1268,42.266666666666666,0.030463870593299917,0.1656494140625,0.366557621575445,2673.7355342453907
1269,42.3,0.053170468654192574,0.312835693359375,0.3289548197792785,3217.3161741565054
1270,42.333333333333336,0.08312559675879985,0.425201416015625,0.3420253381398069,2488.2557269193494
1271,42.36666666666667,0.14870301168237102,0.8426513671875,0.2976860209259042,2640.6693475506245
1272,42.4,0.25354228592829503,1.0,0.33940527477133176,2122.7752197368886
1273,42.43333333333333,0.3569752903834536,1.0,0.47762928534615257,1317.3138029949582
1274,42.46666666666667,0.42445636168699813,1.0,0.31976981568672763,1433.8406871193401
1275,42.5,0.3843745687758024,1.0,0.40492212922355086,2161.6291272691806
1276,42.53333333333333,0.30439326267285816,0.88958740234375,0.4765819625719439,4046.3992814386434
1277,42.56666666666667,0.2556406009309054,0.85760498046875,0.3350741078060201,4476.490844903708
1278,42.6,0.2117620720467418,0.80657958984375,0.301802025977035,4257.769643219131
1279,42.63333333333333,0.2664689831037529,0.80657958984375,0.6234366071368611,1542.273033219517
1280,42.666666666666664,0.34824516568049196,0.999969482421875,0.30055932966659216,1421.6846234762063
1281,42.7,0.3541545259442018,0.999969482421875,0.4013171351454969,1615.918128563166
1282,42.733333333333334,0.34373145704745317,0.836944580078125,0.4758455570311872,765.2279773836626
1283,42.766666666666666,0.2282636926122895,0.7115478515625,0.3002960901023134,990.0049461245395
1284,42.8,0.2881707432133698,0.999969482421875,0.5720865771168882,2874.9972954192967
1285,42.833333333333336,0.4646756409017516,0.999969482421875,0.45335448799022243,1766.110180863957
1286,42.86666666666667,0.4206371198529799,0.999969482421875,0.4487716641998698,1762.8574052833544
1287,42.9,0.21740102919982665,0.997528076171875,0.3460628832970826,1504.7358606702755
1288,42.93333333333333,0.05135548734250702,0.229095458984375,0.46702102557638453,2623.281314126408
1289,42.96666666666667,0.03882770848297422,0.153228759765625,0.4103613994303284,1638.6586156714548
1290,43.0,0.14181610555543392,0.539886474609375,0.5078642283376248,802.1941007318497
1291,43.03333333333333,0.2859227528762207,0.792572021484375,0.4122488506429487,428.41211210891595
1292,43.06666666666667,0.34270763935961573,0.792572021484375,0.5061946023200311,427.82576009811237
1293,43.1,0.26307858250141286,0.74322509765625,0.5214716190407912,460.1625480048426
1294,43.13333333333333,0.11570445663076617,0.43634033203125,0.2564957688649424,375.72314436229266
1295,43.166666666666664,0.02041491797330186,0.105072021484375,0.44924046514265903,1342.6456367831308
1296,43.2,0.012415940758313962,0.048126220703125,0.4376801412409279,2653.6986401984723
1297,43.233333333333334,0.015831138371745757,0.055877685546875,0.34732909836040726,2981.782048625567
1298,43.266666666666666,0.023398534000093885,0.129852294921875,0.33010439624274135,3241.072453141104
1299,43.3,0.02806694132507115,0.129852294921875,0.311833759312289,3407.093221835153
1300,43.333333333333336,0.028435453441668146,0.09130859375,0.3180367476704188,3471.559225849103
1301,43.36666666666667,0.029652126517290763,0.10601806640625,0.2990853915881113,3498.148168415453
1302,43.4,0.03170606597111407,0.107269287109375,0.3031724777194907,3241.6873242010815
1303,43.43333333333333,0.03487308064537541,0.140411376953125,0.3351091215358972,3180.841474941969
1304,43.46666666666667,0.03326907414292678,0.140411376953125,0.3254730253677318,3288.783647127296
1305,43.5,0.1802916674445332,0.999969482421875,0.42434090688555887,4608.387655846666
1306,43.53333333333333,0.32332180162006297,1.0,0.2827042494061516,4527.848185440424
1307,43.56666666666667,0.4556937204308792,1.0,0.7401860829807299,1185.9975163366103
1308,43.6,0.42898749002069286,0.999969482421875,0.40412239787723947,929.5527044294936
1309,43.63333333333333,0.23879746339905736,0.982635498046875,0.5052141508592488,900.4607132849227
1310,43.666666666666664,0.26700567776956263,0.999969482421875,0.5852572863765654,1020.6865150901741
1311,43.7,0.370736267589804,0.999969482421875,0.43741965875062416,1563.2572208677996
1312,43.733333333333334,0.34755423021406273,0.99761962890625,0.4515800246433651,1922.6746183806247
1313,43.766666666666666,0.2422065843160421,0.90777587890625,0.46930828447495176,1656.3139320180223
1314,43.8,0.12026526072327566,0.447845458984375,0.3754054560433314,2721.4026332630733
1315,43.833333333333336,0.11987420790844838,0.52227783203125,0.49103215070426187,4506.538978313019
1316,43.86666666666667,0.15055090761404233,0.52227783203125,0.5079029996258437,2475.669663524253
1317,43.9,0.16134077598010912,0.549041748046875,0.3896311664511611,1195.8908526316625
1318,43.93333333333333,0.25125560258384827,1.0,0.37225187383786595,1136.9917263808277
1319,43.96666666666667,0.23427876489257699,1.0,0.33429014609794505,781.7891249967613
1320,44.0,0.07486074532157819,0.2529296875,0.327316553495665,419.800943385065
1321,44.03333333333333,0.040505394411194474,0.114227294921875,0.23207704931688605,423.0716844616061
1322,44.06666666666667,0.03651894440574,0.07708740234375,0.3046906015650359,279.12825497471044
1323,44.1,0.02586860161111653,0.063323974609375,0.19921890924069635,297.6735772053305
1324,44.13333333333333,0.010687962647161596,0.027130126953125,0.20281490429770066,428.6501622606491
1325,44.166666666666664,0.022574131300849825,0.118560791015625,0.5692339287247814,2010.7394086813222
1326,44.2,0.0639060535779173,0.436767578125,0.3723911415791575,2769.5762606150606
1327,44.233333333333334,0.19272206345010257,0.999969482421875,0.3464762996979246,1866.1692217384007
1328,44.266666666666666,0.23489011998604278,0.999969482421875,0.21668448486823721,2013.0591583516787
1329,44.3,0.20038153644501816,0.46466064453125,0.37710503343557683,971.8974297258011
1330,44.333333333333336,0.1796287088142294,0.40057373046875,0.2553853057731402,873.9412055303899
1331,44.36666666666667,0.17729437388215352,0.4412841796875,0.2506126909458983,584.4451290413057
1332,44.4,0.16580123870664978,0.4412841796875,0.22910365732094937,705.4403914320767
1333,44.43333333333333,0.2756001539857054,1.0,0.5394731804068836,990.3242798899656
1334,44.46666666666667,0.3293328884322692,1.0,0.39390252934825676,980.7381077505572
1335,44.5,0.2741081225762836,0.8515625,0.41772168547781435,1531.0994036563638
1336,44.53333333333333,0.31568388851752227,0.999969482421875,0.25876783527757186,1272.6953605181607
1337,44.56666666666667,0.37866536981753574,0.999969482421875,0.45585851001214917,855.6457126321571
1338,44.6,0.4480882053414885,0.996429443359375,0.5704225285356685,538.999876340355
1339,44.63333333333333,0.48111195727704387,0.999969482421875,0.5304504529065258,491.1315042475341
1340,44.666666666666664,0.42663313437516737,0.999969482421875,0.26308291043528925,776.9300047974732
1341,44.7,0.25148463955787326,0.992828369140625,0.4067249111381086,775.1133905696432
1342,44.733333333333334,0.17863481317378407,0.993499755859375,0.48099859288649993,1953.9026802650794
1343,44.766666666666666,0.25968998728474607,0.993499755859375,0.39240973505163507,1221.3748194589473
1344,44.8,0.2595443495834972,0.91204833984375,0.4476814694328237,930.846658196974
1345,44.833333333333336,0.30222821314731607,0.995452880859375,0.2309614333395038,860.0088092763517
1346,44.86666666666667,0.3517324532235994,0.995452880859375,0.5313539188357788,1074.2894110668474
1347,44.9,0.3859797855762966,0.978851318359375,0.4069707048653412,1240.9282868590808
1348,44.93333333333333,0.33317502675169436,0.864501953125,0.4754431018570704,1013.1078993892473
1349,44.96666666666667,0.17879720929600226,0.6507568359375,0.31910874474107515,635.3462329016257
1350,45.0,0.034892895332979894,0.08905029296875,0.2852948644395203,350.8060633620164
1351,45.03333333333333,0.017068026820349507,0.04632568359375,0.1709424417107714,318.78099459849966
1352,45.06666666666667,0.009026673205423452,0.029541015625,0.2655459945198814,440.63002292144654
1353,45.1,0.004720459277418794,0.010894775390625,0.27117527849513645,589.782511057525
1354,45.13333333333333,0.003613944273160951,0.0074462890625,0.3325485700510898,887.1953327524931
1355,45.166666666666664,0.0035075679944442813,0.00555419921875,0.15134575755302748,918.669229927743
1356,45.2,0.0037246397334790094,0.007354736328125,0.11362203650410388,888.1918294270231
1357,45.233333333333334,0.004034229041971249,0.00799560546875,0.1551458553444865,779.9907224101581
1358,45.266666666666666,0.0038997558561168775,0.00799560546875,0.126733359271125,882.7720761187949
1359,45.3,0.004039639350748494,0.00909423828125,0.14245198460735614,841.8047376533398
1360,45.333333333333336,0.09277962078615755,0.422393798828125,0.7962100137973112,1491.6387749712837
1361,45.36666666666667,0.21879449822043065,0.962310791015625,0.6775572010744664,4319.454039562599
1362,45.4,0.2681414806039349,0.99078369140625,0.5970735773498697,1456.3619989585798
1363,45.43333333333333,0.21647957527036343,0.99078369140625,0.3945258919442973,896.2100306391703
1364,45.46666666666667,0.2113711809848037,0.77593994140625,0.4136463268141565,2314.553958325927
1365,45.5,0.24926584916671438,0.816802978515625,0.4782775815556216,4349.832768372264
1366,45.53333333333333,0.2387026294716446,0.999969482421875,0.34031074635177005,3850.409135670784
1367,45.56666666666667,0.3270743655784035,0.999969482421875,0.6763635837698315,967.601215690461
1368,45.6,0.42674653742015,0.999969482421875,0.4020179998016581,799.8749566745108
1369,45.63333333333333,0.4598573249274568,0.999969482421875,0.45425337324027076,885.2094478000823
1370,45.666666666666664,0.4582686260680489,0.999969482421875,0.12342487509683578,906.4482633692973
1371,45.7,0.4218920401103909,0.970794677734375,0.41848718560254344,838.0982949246184
1372,45.733333333333334,0.2878671936022868,0.898895263671875,0.4827223290936509,2545.431581357938
1373,45.766666666666666,0.21037552402388895,0.8345947265625,0.4251612263748049,4532.797163697135
1374,45.8,0.23278016299142118,0.8345947265625,0.2745971453244796,4320.046131557979
1375,45.833333333333336,0.4189007412640234,0.979827880859375,0.6531798079313865,1054.1862307964245
1376,45.86666666666667,0.5294078006462031,0.9990234375,0.37980911815524854,742.6139450137797
1377,45.9,0.4248041766104904,0.9990234375,0.47932775829362606,832.8352300540072
1378,45.93333333333333,0.21224387413872287,0.6942138671875,0.46418035615347236,2491.951279538742
1379,45.96666666666667,0.1583594708565707,0.55889892578125,0.34428932418850067,3549.4277222297032
1380,46.0,0.14219625593358787,0.387420654296875,0.46341280009914537,1651.277220412987
1381,46.03333333333333,0.12585006220135003,0.387420654296875,0.2979461315036881,2013.7633254017476
1382,46.06666666666667,0.11687762568741833,0.357177734375,0.261493099963903,1886.692468537069
1383,46.1,0.16038809070235066,0.42364501953125,0.323889309682297,1610.671265942963
1384,46.13333333333333,0.19802072521729244,0.443450927734375,0.2540762131039113,1425.1250346181866
1385,46.166666666666664,0.1859979219215031,0.443450927734375,0.20439535408220885,1883.555975743468
1386,46.2,0.16116748646402482,0.35101318359375,0.25237702467009626,2333.233809447901
1387,46.233333333333334,0.14845407846366512,0.3031005859375,0.26962951971341076,1933.574543394193
1388,46.266666666666666,0.12581379692547506,0.287567138671875,0.23297525950721582,2183.186976874008
1389,46.3,0.11251064060525127,0.92498779296875,0.36017119693937266,2885.867879619724
1390,46.333333333333336,0.11770984092069878,0.36712646484375,0.44436186521795296,1763.8936539381255
1391,46.36666666666667,0.18328883061257362,0.39874267578125,0.3972998980594631,1675.7454750210286
1392,46.4,0.21459975389014957,0.58795166015625,0.1706772006666485,1739.703569039211
1393,46.43333333333333,0.21171040666277835,0.58795166015625,0.2351603167141208,2025.0063595227164
1394,46.46666666666667,0.21174145220384993,0.4332275390625,0.20600598593474398,1935.362312142692
1395,46.5,0.1879087368223333,1.0,0.40089293330470027,3056.844290203419
1396,46.53333333333333,0.13283828415209237,1.0,0.3560119520846746,2226.1912045926542
1397,46.56666666666667,0.13312701144165448,0.4290771484375,0.29310233946677117,2049.7002445642584
1398,46.6,0.1956261940877385,0.619415283203125,0.3526683183428791,1986.5118538880533
1399,46.63333333333333,0.22485676256437762,0.6466064453125,0.33690720277421293,2429.839007915039
1400,46.666666666666664,0.2245073868233718,0.49468994140625,0.36213687194232225,1879.2331465906784
1401,46.7,0.2221601229538003,0.662689208984375,0.2203473583684602,1937.584418450261
1402,46.733333333333334,0.22225888516336895,1.0,0.4198203410995962,2484.4801318684467
1403,46.766666666666666,0.28929988372945303,1.0,0.31122541462923303,2391.644340870096
1404,46.8,0.3793869634451714,0.999969482421875,0.4595100735730534,1380.718906165867
1405,46.833333333333336,0.4012034789421687,0.999969482421875,0.46593315888901726,1533.9920826176747
1406,46.86666666666667,0.3136159933348283,0.999969482421875,0.32387272838821923,1299.38908059287
1407,46.9,0.2166966334430017,0.999969482421875,0.41474363385815605,2168.2060894156302
1408,46.93333333333333,0.22635989525306166,0.999969482421875,0.4151021999374411,1147.2549106977074
1409,46.96666666666667,0.1717905387274598,0.652740478515625,0.35669201177977383,1565.06628017906
1410,47.0,0.138491203636867,0.755767822265625,0.34223516300735246,1886.333523137671
1411,47.03333333333333,0.15322767873791449,0.99993896484375,0.476953563414253,3882.1147180994208
1412,47.06666666666667,0.17557623235863293,0.99993896484375,0.34813193483269633,2745.32713442248
1413,47.1,0.2591669920551302,0.963653564453125,0.44626876717182595,1220.1206868131912
1414,47.13333333333333,0.3511421300566833,0.98492431640625,0.4853161722069773,1071.4273975014448
1415,47.166666666666664,0.30437868978396565,1.0,0.5423631425277485,3172.1676456865594
1416,47.2,0.1846348105578248,0.693939208984375,0.5488540113486714,5482.113836985337
1417,47.233333333333334,0.3037323639149022,0.999969482421875,0.4262801095189236,3819.5093973075136
1418,47.266666666666666,0.4131922503617941,0.999969482421875,0.4986390028220423,1634.3380619399743
1419,47.3,0.3868588751460963,0.993988037109375,0.43694163500468136,1287.7898872002977
1420,47.333333333333336,0.2877469995759857,0.920379638671875,0.46393981744211127,1656.3246495150934
1421,47.36666666666667,0.18011978867028333,0.501312255859375,0.46100744607487326,888.8935187077467
1422,47.4,0.1776982998776812,0.378509521484375,0.30764305680738685,912.8884892443895
1423,47.43333333333333,0.19384530453151813,0.92205810546875,0.23086426773169152,1253.8931007418291
1424,47.46666666666667,0.1929541877492073,0.92205810546875,0.37754552353239845,1988.4173381911244
1425,47.5,0.3313564219900646,0.999969482421875,0.5063866409972028,1380.8196210202107
1426,47.53333333333333,0.3515445721215501,0.999969482421875,0.36359775644979275,1788.051468482001
1427,47.56666666666667,0.2137919420448677,0.97711181640625,0.45976938327215605,996.5638466644875
1428,47.6,0.18150736488854813,0.448822021484375,0.5818844794276663,3244.227513688
1429,47.63333333333333,0.29070541222456936,0.98052978515625,0.5702907816305417,930.4953805290043
1430,47.666666666666664,0.3416702121683988,0.98052978515625,0.317214369046687,1582.6714800431932
1431,47.7,0.2651011211001879,0.88958740234375,0.41263921116509117,631.3635709391546
1432,47.733333333333334,0.27452535979720166,0.986572265625,0.5703648022525991,1521.0389679891896
1433,47.766666666666666,0.3156022350616853,0.986572265625,0.460867669018002,1178.3864415136345
1434,47.8,0.28800690174392346,0.99407958984375,0.5280596450345836,1309.5050048265398
1435,47.833333333333336,0.2530195399256512,0.99407958984375,0.3231198674911121,1317.5065377852075
1436,47.86666666666667,0.21421281424985564,0.654815673828125,0.48133785849576977,702.3124978515069
1437,47.9,0.2308176929172366,0.710723876953125,0.29619780683252667,675.1886650278981
1438,47.93333333333333,0.2199515198883182,0.710723876953125,0.30730964234812447,761.4001242227222
1439,47.96666666666667,0.16337377528919114,0.816192626953125,0.6213975705662139,2469.3069091237057
1440,48.0,0.13201473940501704,0.970916748046875,0.3730271601755232,1543.9565038238557
1441,48.03333333333333,0.10915179088266982,0.970916748046875,0.3628327414337093,2344.259650337619
1442,48.06666666666667,0.12340617367264684,0.92266845703125,0.2615713922485702,2787.3558671618734
1443,48.1,0.16260880356724794,0.92266845703125,0.5506959342078117,1163.2345321410216
1444,48.13333333333333,0.17281062693083865,0.83868408203125,0.4598935709693496,2237.460440318287
1445,48.166666666666664,0.16720635040944243,0.83868408203125,0.46380480032240506,1088.9250941622706
1446,48.2,0.14422902319051453,0.280487060546875,0.17302829572136258,980.9232976919322
1447,48.233333333333334,0.1284832459352433,0.611907958984375,0.3355489437001477,1970.182361441913
1448,48.266666666666666,0.11665039336111385,0.611907958984375,0.2534447154584901,2570.9519483382264
1449,48.3,0.12152476864883686,0.64715576171875,0.3574251110171066,1569.2866489380717
1450,48.333333333333336,0.1796588395295418,0.64715576171875,0.30588862553720964,1378.0496107914933
1451,48.36666666666667,0.251216693764889,0.9208984375,0.3128328931651553,1467.5276960808992
1452,48.4,0.20887563063189343,0.9208984375,0.42133044896394856,2215.27161180061
1453,48.43333333333333,0.1394759893163663,0.30401611328125,0.4107776814758788,1340.6605320395659
1454,48.46666666666667,0.21531397704598693,0.9754638671875,0.45017840279501925,1249.245515467656
1455,48.5,0.23690579640408743,0.9754638671875,0.3873168301900149,1450.6178054267514
1456,48.53333333333333,0.14984081866370805,0.766082763671875,0.3613390379694531,1879.8025379204464
1457,48.56666666666667,0.1606206713039111,0.794769287109375,0.33682133195945607,2112.463171615623
1458,48.6,0.29567445230657563,0.97137451171875,0.30757401319758954,2980.781806946566
1459,48.63333333333333,0.43816832269812356,0.997894287109375,0.5182533219875356,1054.86231459935
1460,48.666666666666664,0.4496447888777001,0.977447509765625,0.22899623714754797,1217.4775563938642
1461,48.7,0.37164479275658197,0.98101806640625,0.42421731256891654,1490.844766963941
1462,48.733333333333334,0.36611771748261485,0.999969482421875,0.3025774970173227,1337.852876706825
1463,48.766666666666666,0.3331389618124529,0.999969482421875,0.4688573680937076,1124.9691105790364
1464,48.8,0.2575828939461305,0.9468994140625,0.4262242732724218,1475.9376051699846
1465,48.833333333333336,0.21780914216986483,0.577789306640625,0.3939757432312512,1335.8143780666903
1466,48.86666666666667,0.2143135777155109,0.577789306640625,0.3582984219009387,1866.8044336872056
1467,48.9,0.18310559379081506,0.420806884765625,0.282985227369401,1721.4740396733134
1468,48.93333333333333,0.3302205754191547,0.965362548828125,0.4153429195642136,1030.6350281982618
1469,48.96666666666667,0.40499398059162245,0.965362548828125,0.2735366082746645,1271.4481714355345
1470,49.0,0.34181738545261114,0.954376220703125,0.3283551462872741,1174.4398068545067
1471,49.03333333333333,0.24489776949491868,0.99066162109375,0.4094850840355804,2322.9144996279165
1472,49.06666666666667,0.14354573547848382,0.99066162109375,0.4078527317091761,2437.1094730467653
1473,49.1,0.07515560868763081,0.3017578125,0.39842090133045693,2032.1306096591588
1474,49.13333333333333,0.10464748162682584,0.78839111328125,0.2402107109661767,1977.2229308056974
1475,49.166666666666664,0.12972966527339963,0.92767333984375,0.31704194121130386,2560.480822515917
1476,49.2,0.11839144526117878,0.92767333984375,0.2777606560073104,2023.3284518478088
1477,49.233333333333334,0.06939637468789558,0.434478759765625,0.31948152807158375,1935.2114296304997
1478,49.266666666666666,0.05203544345754011,0.156158447265625,0.2681822307625177,1796.8370372104946
1479,49.3,0.07917388715259964,0.284912109375,0.3033469216636553,1730.9659478167978
1480,49.333333333333336,0.16185294560890895,0.379608154296875,0.3660542683411247,1440.001154606762
1481,49.36666666666667,0.23335271638607297,0.79595947265625,0.3113288771539534,1213.8295007540946
1482,49.4,0.3824458178374808,0.988189697265625,0.5224916773638308,1128.732480579408
1483,49.43333333333333,0.3721315073690702,0.988189697265625,0.34888313791406683,1448.8926929261027
1484,49.46666666666667,0.25488357235656967,0.978271484375,0.49691887145261887,776.6427084921614
1485,49.5,0.1863865622985987,0.543670654296875,0.6006261178893094,3323.3544476121824
1486,49.53333333333333,0.18752100258060503,0.685821533203125,0.3392890419927229,2537.774545264894
1487,49.56666666666667,0.28566498248754363,0.8575439453125,0.5107285786922592,1001.6300374908552
1488,49.6,0.3924750866786573,0.97283935546875,0.2961057746704413,1091.8360796046857
1489,49.63333333333333,0.4173883419507457,0.98480224609375,0.22912734711912405,1099.601876953507
1490,49.666666666666664,0.34342454057479016,0.98480224609375,0.25778076767150965,1023.9924322904743
1491,49.7,0.21187301185722762,0.734619140625,0.29385432738733486,1105.2396473453457
1492,49.733333333333334,0.20829393184593328,0.9849853515625,0.5224402146788658,3055.997923194545
1493,49.766666666666666,0.3248168776527956,0.989288330078125,0.5737185763282405,907.2625484690033
1494,49.8,0.35826433595688095,0.989288330078125,0.4211127402613092,976.3767239731377
1495,49.833333333333336,0.2916921424656741,0.8956298828125,0.3236592169674253,685.4492705762948
1496,49.86666666666667,0.349189912604356,0.986572265625,0.4412463383138603,631.4622070523363
1497,49.9,0.45200921848287284,0.999725341796875,0.47537096335275236,859.6472313489403
1498,49.93333333333333,0.4439838726677557,0.999725341796875,0.37972407530411345,988.1116340604901
1499,49.96666666666667,0.36679669687675276,0.949127197265625,0.327604890586745,1457.3444483825124
1500,50.0,0.33950220266677067,0.88262939453125,0.31041050344646554,1615.6269734771697
1501,50.03333333333333,0.4288448425423955,0.99542236328125,0.2740948098160121,1347.3562051908941
1502,50.06666666666667,0.4065715964242419,0.99542236328125,0.3198745111564839,977.9134714670774
1503,50.1,0.2937918689717508,0.9930419921875,0.3604339727023679,1005.2045914758611
1504,50.13333333333333,0.19628927978554378,0.616607666015625,0.5208529472044603,2973.4342477811983
1505,50.166666666666664,0.13603085376202598,0.515655517578125,0.26743247900598655,2585.4793356008063
1506,50.2,0.17543168205627002,0.5098876953125,0.5350070930520041,742.8927074508218
1507,50.233333333333334,0.266845427451841,0.999969482421875,0.33127139955594737,1217.0615640865637
1508,50.266666666666666,0.22999629771334973,0.999969482421875,0.3184314496045973,1741.5329475696196
1509,50.3,0.16613851805245688,0.60186767578125,0.38995653776809286,2913.7834427050425
1510,50.333333333333336,0.17801657364945764,0.55755615234375,0.32819813180944213,3381.799721702442
1511,50.36666666666667,0.19357278761243424,0.714569091796875,0.4417975190751901,1725.0855438565234
1512,50.4,0.1736752559982559,0.714569091796875,0.3679623525696614,926.6598907591263
1513,50.43333333333333,0.11660585801263744,0.303985595703125,0.2993053161065038,794.3403731694584
1514,50.46666666666667,0.09442027100866172,0.245758056640625,0.2208683213969696,714.5304705391717
1515,50.5,0.09520004455329052,0.207550048828125,0.13801681619939307,647.9433318832004
1516,50.53333333333333,0.07920390011609219,0.188629150390625,0.1058028369043969,671.4949049166848
1517,50.56666666666667,0.06263634599545143,0.14141845703125,0.12325482408323725,661.6865445791567
1518,50.6,0.051947338213530335,0.139007568359375,0.10151995491154411,663.7473525025467
1519,50.63333333333333,0.03824133360458071,0.1004638671875,0.12564645757291912,695.2112343090089
1520,50.666666666666664,0.03314179444131334,0.0732421875,0.10711698327481278,665.4635181342597
1521,50.7,0.02304290432602006,0.0732421875,0.26340807341757944,680.2226998933251
1522,50.733333333333334,0.004210132647782423,0.023468017578125,0.34416875000610087,983.0783290603271
1523,50.766666666666666,0.01363474243929615,0.07415771484375,0.30953714999105075,1187.5239274576552
1524,50.8,0.020026927244995104,0.07415771484375,0.26591507115484675,1126.6895734236577
1525,50.833333333333336,0.14291463454197553,0.8743896484375,0.6512963249050617,4540.737713929398
1526,50.86666666666667,0.23238397677636036,0.9239501953125,0.3643794606432512,5310.218346712523
1527,50.9,0.24482958514099898,0.9957275390625,0.6922464216331404,1987.8164146799015
1528,50.93333333333333,0.1985689225681192,0.9957275390625,0.462634285342659,1450.6853012293484
1529,50.96666666666667,0.16041908857625417,0.5743408203125,0.4448764354283655,1292.0177687103155
1530,51.0,0.15022112071204882,0.583587646484375,0.40351907854385827,1512.1035559057511
1531,51.03333333333333,0.2141885566919897,0.986572265625,0.6929496388704107,4757.530947443293
1532,51.06666666666667,0.21668767288333696,0.986572265625,0.4144869319213181,3196.5033426435234
1533,51.1,0.21947724451632503,0.999969482421875,0.5470112900365456,1468.0260942144628
1534,51.13333333333333,0.21587530752508777,0.999969482421875,0.30314198245614754,1457.3862573302083
1535,51.166666666666664,0.237813828003749,0.59271240234375,0.5684261854264319,1353.6681723855113
1536,51.2,0.2108582857133253,0.5438232421875,0.2961221403289642,1903.01198894427
1537,51.233333333333334,0.08893693860097211,0.2528076171875,0.47848654213024133,3514.0996145586696
1538,51.266666666666666,0.2042709285294683,0.956207275390625,0.35810201764198435,2819.1934614283427
1539,51.3,0.28804492330011294,0.956207275390625,0.38008813191380786,1655.8686095198839
1540,51.333333333333336,0.2831247670979676,0.719818115234375,0.3824973011491182,1914.460232973105
1541,51.36666666666667,0.2616498781912984,0.68951416015625,0.22483006345597858,1931.5298519767105
1542,51.4,0.18442286499966942,0.61541748046875,0.2697107983122816,1431.1985917171303
1543,51.43333333333333,0.0689605585682394,0.261749267578125,0.40484899637660804,2232.545722563231
1544,51.46666666666667,0.04304529424922495,0.137451171875,0.3591044672247794,1508.1819053164934
1545,51.5,0.043205933033686195,0.128265380859375,0.3956973486138499,2715.3556100965984
1546,51.53333333333333,0.04713378958744746,0.143646240234375,0.29319375353116334,3057.8218302069645
1547,51.56666666666667,0.05377179506066601,0.160888671875,0.2966866626401939,3139.723145239587
1548,51.6,0.06091580623527973,0.241424560546875,0.28362152357075004,3301.622119595422
1549,51.63333333333333,0.06457598942190176,0.241424560546875,0.28110289065878524,3270.49066512985
1550,51.666666666666664,0.06811500271295257,0.224334716796875,0.27961529344567837,3219.818476388199
1551,51.7,0.06910740988964664,0.224334716796875,0.28343315369414646,3227.164188734732
1552,51.733333333333334,0.06511355791407601,0.216552734375,0.29438801251933183,3089.0633589536415
1553,51.766666666666666,0.12330777687233924,0.744903564453125,0.40315717987897076,2312.4659690347667
1554,51.8,0.153625249658533,0.79473876953125,0.383321562743557,3568.347709858716
1555,51.833333333333336,0.33426605430145295,0.999969482421875,0.4791411069956019,1961.8024412897312
1556,51.86666666666667,0.4434430974809744,0.999969482421875,0.4655252211427123,1276.4076217688378
1557,51.9,0.38428515866582136,0.908111572265625,0.2697680922162213,1720.2809661979588
1558,51.93333333333333,0.3045303321608577,0.87060546875,0.3869172715828492,2450.5642522041503
1559,51.96666666666667,0.33395353890902746,0.96868896484375,0.2929944070704193,1880.003160507854
1560,52.0,0.41785580667213884,0.9930419921875,0.3964231833478139,1216.0591807338747
1561,52.03333333333333,0.38882110347078025,0.9930419921875,0.30947280228943735,1052.436498872516
1562,52.06666666666667,0.3118824700093227,0.887847900390625,0.5217816010663189,2352.2928738112973
1563,52.1,0.24984849829391417,0.843414306640625,0.3997549359045195,2468.55295043588
1564,52.13333333333333,0.23062547103798328,0.849365234375,0.46214408791830536,1805.2164338987661
1565,52.166666666666664,0.2372266025295634,0.879638671875,0.3656558248270828,2376.7289745686408
1566,52.2,0.2316403233727295,0.879638671875,0.3939205339707994,1604.854152751481
1567,52.233333333333334,0.29714014149476,0.7354736328125,0.5205248149710817,1064.74684399654
1568,52.266666666666666,0.25610926274963663,0.61102294921875,0.29668361168374746,567.5818748640928
1569,52.3,0.0949766165428497,0.410858154296875,0.6719638479311406,2757.9562879160835
1570,52.333333333333336,0.0767363878355988,0.410858154296875,0.3696444460958175,2172.749247663782
1571,52.36666666666667,0.14669948337885602,0.6817626953125,0.4664468065585642,3288.42461832795
1572,52.4,0.3414091622100131,1.0,0.5345129677304683,1575.3533722178718
1573,52.43333333333333,0.41322402168228883,1.0,0.37439428454783713,1530.040784832797
1574,52.46666666666667,0.294507608915322,1.0,0.48624268024828,1399.5797178541375
1575,52.5,0.15803226840988238,0.728607177734375,0.4405240330761625,2450.3731594579026
1576,52.53333333333333,0.1498277562339416,0.9779052734375,0.36623036073567533,3491.543546064376
1577,52.56666666666667,0.22238540452923222,0.981658935546875,0.5990972930719866,1200.1332590539578
1578,52.6,0.1931924535555686,0.981658935546875,0.3195819333872839,2063.9136816757477
1579,52.63333333333333,0.15812594134544722,0.999969482421875,0.37583991151453666,3091.812795031031
1580,52.666666666666664,0.2980284343036642,0.999969482421875,0.581517330147103,1099.2539569302432
1581,52.7,0.3205153308905118,0.9991455078125,0.4957842278379312,1859.2713741037335
1582,52.733333333333334,0.23103842426522572,0.850189208984375,0.35703502442684854,1930.0282465678745
1583,52.766666666666666,0.22241537502208028,0.999969482421875,0.5756148232585628,4339.868958463055
1584,52.8,0.3258658070305269,0.999969482421875,0.6712527213457806,1502.7166566225253
1585,52.833333333333336,0.3387945890481452,0.999969482421875,0.3936668633257395,1541.934163684347
1586,52.86666666666667,0.3017396709680291,0.899566650390625,0.46614495834899317,1479.3930353403528
1587,52.9,0.18271764716360037,0.8104248046875,0.3700872730640875,1957.9233360855994
1588,52.93333333333333,0.09196948070656964,0.611602783203125,0.36725097489528824,2594.7280145774257
1589,52.96666666666667,0.12009772123577962,0.611602783203125,0.3140532490767005,2794.7423187715312
1590,53.0,0.20365317338571942,0.642852783203125,0.5029712710119002,1642.3985585207674
1591,53.03333333333333,0.28403698238499403,0.7679443359375,0.443975674452931,866.4042707125985
1592,53.06666666666667,0.25473328542213536,0.7679443359375,0.27435493550968304,734.0406809511057
1593,53.1,0.11343277131244608,0.54254150390625,0.388838367187076,820.1861678926259
1594,53.13333333333333,0.038584173363976904,0.108184814453125,0.40010751310076537,931.0893594021068
1595,53.166666666666664,0.03180699288254698,0.08563232421875,0.3742743616154654,2041.7816434621259
1596,53.2,0.047035778890974086,0.314605712890625,0.43779633786108463,3578.0890824325984
1597,53.233333333333334,0.059765816009537974,0.314605712890625,0.2935011844016738,3271.6615653274393
1598,53.266666666666666,0.0757935162558399,0.387542724609375,0.320667914675996,3304.633298683374
1599,53.3,0.08446678262013835,0.3885498046875,0.3093562745077745,3103.306989420874
1600,53.333333333333336,0.08535709459706475,0.39068603515625,0.31590691112902525,3568.8014302867273
1601,53.36666666666667,0.08508448241125503,0.4525146484375,0.32270654206034277,3649.3727284562256
1602,53.4,0.09438692382085476,0.456756591796875,0.3179550489560319,3443.5115662433464
1603,53.43333333333333,0.09287971877412513,0.67071533203125,0.31918791922241796,3946.6211251683385
1604,53.46666666666667,0.06655515315096448,0.67071533203125,0.29913241824841563,3732.456949132506
1605,53.5,0.03736432086272241,0.12945556640625,0.2986514868551179,3775.7214855033903
1606,53.53333333333333,0.03939574940194703,0.122772216796875,0.3264695293805744,3453.4071093965695
1607,53.56666666666667,0.0887324989735466,0.638092041015625,0.2843293593037368,3061.0903301044154
1608,53.6,0.22623165574591803,0.978851318359375,0.5125773634868347,1558.7731740778265
1609,53.63333333333333,0.21429711134263565,0.977081298828125,0.3899060510264595,1525.774858758226
1610,53.666666666666664,0.09137336374126695,0.66998291015625,0.4280401557949456,1171.132555820111
1611,53.7,0.09056759631819138,0.40167236328125,0.4617754040371235,1127.5079008890386
1612,53.733333333333334,0.26620742044662865,0.999755859375,0.4704547871481305,812.9858985683106
1613,53.766666666666666,0.37062777585453655,0.999969482421875,0.3873123176826682,793.6872147001237
1614,53.8,0.4172515085911101,0.999969482421875,0.4418150581117947,978.1934239270666
1615,53.833333333333336,0.4349946211044603,0.993499755859375,0.29255462649605957,890.5473039771913
1616,53.86666666666667,0.3534834555608092,0.993499755859375,0.48331118965029496,1132.0672066907182
1617,53.9,0.25013975561858753,0.96990966796875,0.44253450282127993,1218.222567227969
1618,53.93333333333333,0.2490675805603691,0.885345458984375,0.2578491938147025,1483.4533473812157
1619,53.96666666666667,0.23272418823631488,0.79705810546875,0.41218800309205117,1513.995850247418
1620,54.0,0.16154458850307016,0.608245849609375,0.312226948199456,1953.0711308088403
1621,54.03333333333333,0.07120914463609056,0.220458984375,0.37516051171933285,2293.5478668718347
1622,54.06666666666667,0.06042953246111972,0.1812744140625,0.3172215528819371,3003.6437241738026
1623,54.1,0.06192689935207229,0.1812744140625,0.3313770778969133,3021.3263905534027
1624,54.13333333333333,0.07419849044867352,0.309783935546875,0.3457784420652025,2598.6455704853424
1625,54.166666666666664,0.3751761416688477,0.97369384765625,0.4897990344313217,2149.1514046145076
1626,54.2,0.4949573878873591,1.0,0.3727179540677655,1431.7723846415388
1627,54.233333333333334,0.32872487721020577,0.99554443359375,0.4667099567551682,1692.6843896521393
1628,54.266666666666666,0.15748071678574158,0.705230712890625,0.533819392552305,4459.343439359357
1629,54.3,0.15907327531031332,0.705230712890625,0.34743330386817384,4167.76783252904
1630,54.333333333333336,0.23901427221505075,0.924957275390625,0.5826847310102556,1550.6893675021574
1631,54.36666666666667,0.28021027114031427,0.924957275390625,0.28929880347484127,1325.298060936998
1632,54.4,0.18553182609206142,0.64202880859375,0.5617954572620609,3931.4903392016063
1633,54.43333333333333,0.16420861699577444,0.736236572265625,0.3564523275618203,3549.7159030828248
1634,54.46666666666667,0.24101206218153348,0.736236572265625,0.3733163831273877,2773.5459377013335
1635,54.5,0.2503765319296066,0.78802490234375,0.27217009433213923,2429.517757137407
1636,54.53333333333333,0.22645385569379042,0.849853515625,0.4531935313631682,4190.39592441852
1637,54.56666666666667,0.17805754157388465,0.849853515625,0.3387482638044256,3564.3393034453993
1638,54.6,0.26256925218267135,0.994049072265625,0.5707173521512967,1482.5176708570286
1639,54.63333333333333,0.3347403376036306,0.994049072265625,0.35577713525056803,1209.3556058854888
1640,54.666666666666664,0.21652682495997436,0.953521728515625,0.28564689969890655,934.7657719188447
1641,54.7,0.08423361874072804,0.309783935546875,0.49644822717634807,2485.3067341515707
1642,54.733333333333334,0.2902782077185337,0.925628662109375,0.3759878740402815,1560.7975024123482
1643,54.766666666666666,0.4037268140699643,0.96136474609375,0.28930809558844417,1375.3222154388166
1644,54.8,0.3546258532642718,0.96136474609375,0.2571542218188683,1208.7870622349365
1645,54.833333333333336,0.2219120520963644,0.72906494140625,0.2721344087336188,915.6376238240063
1646,54.86666666666667,0.07964950116551044,0.19952392578125,0.364664810164897,721.609804674326
1647,54.9,0.06633568079537949,0.1588134765625,0.1527194061970673,768.4904475360017
1648,54.93333333333333,0.058620393265320016,0.12237548828125,0.20033520310568778,877.1089905284617
1649,54.96666666666667,0.054442205684635904,0.146453857421875,0.17456130309962523,894.1933839217352
1650,55.0,0.051921644241779766,0.146453857421875,0.2113700949668233,989.8622147995142
1651,55.03333333333333,0.04687949735536011,0.124359130859375,0.20835276597006053,949.3538752911946
1652,55.06666666666667,0.04317875406239937,0.124359130859375,0.19695963261434368,947.1427692750848
1653,55.1,0.02750452615940438,0.101898193359375,0.3147769081945465,997.0488212460428
1654,55.13333333333333,0.2536744315115445,0.880126953125,0.5831732573676122,1344.864171433031
1655,55.166666666666664,0.4256732743502354,0.98193359375,0.3610893670248007,1044.898974025889
1656,55.2,0.46109392602193894,0.98193359375,0.350287290129118,1148.1681769928634
1657,55.233333333333334,0.39921506223337444,0.917755126953125,0.3688737955172798,1011.9847856172044
1658,55.266666666666666,0.3246884943935471,0.83447265625,0.3588890008196099,2269.6941726677924
1659,55.3,0.3021863097922447,0.968414306640625,0.3950895279184612,3837.95190414171
1660,55.333333333333336,0.224633537243382,0.98406982421875,0.5628897887219423,1977.699663055563
1661,55.36666666666667,0.2060501904541627,0.98406982421875,0.36080687410934326,1797.6869969224288
1662,55.4,0.17680640627172783,0.768218994140625,0.37807151447934173,2601.620937462079
1663,55.43333333333333,0.19491450507776745,0.671600341796875,0.28767053781113383,2467.8679519849793
1664,55.46666666666667,0.2396422987151526,0.91156005859375,0.3249193676262774,2251.563180156418
1665,55.5,0.28220948205256347,0.91156005859375,0.315535904232222,2106.325272168156
1666,55.53333333333333,0.36089344412688545,0.94879150390625,0.45044618526485053,1224.572291382168
1667,55.56666666666667,0.43409911203948565,0.9998779296875,0.5253766895861349,903.5355827882175
1668,55.6,0.4134330544727882,0.9998779296875,0.4577601871375973,966.7689256457317
1669,55.63333333333333,0.3133373538133712,0.921722412109375,0.2890127589230585,840.9283594565214
1670,55.666666666666664,0.18173371877840538,0.4927978515625,0.41719767756156534,1276.9979543483582
1671,55.7,0.3327779031787292,0.9974365234375,0.4443759326210837,800.5763119445179
1672,55.733333333333334,0.4910346639587721,0.999969482421875,0.41739342861119444,1251.014420629307
1673,55.766666666666666,0.4588626158686524,0.999969482421875,0.5373701665394678,841.9857801132652
1674,55.8,0.2934774703492959,0.906494140625,0.6091060814078715,2765.1492605306407
1675,55.833333333333336,0.21724593011995705,0.91058349609375,0.4480301825449349,4414.131773436646
1676,55.86666666666667,0.20927590721989245,0.91058349609375,0.2974311331441959,4634.445456176357
1677,55.9,0.19518670589489634,0.8876953125,0.40561198219102595,3099.2331448887517
1678,55.93333333333333,0.19284373220232046,0.8876953125,0.439574175458935,1593.5862670302265
1679,55.96666666666667,0.11133795401455693,0.629302978515625,0.43235301113502483,2188.7010428686813
1680,56.0,0.13870892768036694,0.90362548828125,0.3512844559360633,2918.8014920145333
1681,56.03333333333333,0.13191295947525505,0.90362548828125,0.25062592170397263,2586.497559448121
1682,56.06666666666667,0.0585662859551511,0.23681640625,0.3029932784799163,2280.82236154545
1683,56.1,0.05273944262676569,0.23681640625,0.2878156563826608,2324.616407027254
1684,56.13333333333333,0.13684209310335277,0.72015380859375,0.3327564898864388,2116.175566660361
1685,56.166666666666664,0.13860170085945078,0.72015380859375,0.23662989459459396,1953.25705583779
1686,56.2,0.06730580405254287,0.365325927734375,0.31130502044544556,1838.8067030691675
1687,56.233333333333334,0.06372004306079779,0.365325927734375,0.2596213734844478,1610.5340533459635
1688,56.266666666666666,0.3124481733929342,0.9842529296875,0.3827882158164604,1526.5673462588359
1689,56.3,0.4142750206899944,0.9842529296875,0.39659178651343086,999.9865151151682
1690,56.333333333333336,0.3455185816571465,0.8326416015625,0.21991922023407323,1608.4406736756127
1691,56.36666666666667,0.2720065000504051,0.581573486328125,0.2568447320129266,1894.119484994776
1692,56.4,0.23574505876879948,0.97607421875,0.2889734956676089,1870.8950418610414
1693,56.43333333333333,0.24077449901247255,0.978057861328125,0.41520206560932504,2200.065739151403
1694,56.46666666666667,0.25344988288353154,0.978057861328125,0.38173953175511777,1583.9853528804415
1695,56.5,0.1769161866662264,0.861541748046875,0.3594029380183521,1403.0536709943406
1696,56.53333333333333,0.1265176808962178,0.689727783203125,0.5256386969812968,2007.9289394341192
1697,56.56666666666667,0.29935348086136776,0.999969482421875,0.3874340447277719,2449.0423881833385
1698,56.6,0.3939074310544005,0.999969482421875,0.43971911756491633,1332.3107034605646
1699,56.63333333333333,0.351077501079518,0.981475830078125,0.4315339585062694,1679.479306534494
1700,56.666666666666664,0.27971868406157246,0.696929931640625,0.2815319897689732,1615.9294794572359
1701,56.7,0.26560874826305225,0.889068603515625,0.5790561819429276,3614.298279434675
1702,56.733333333333334,0.2664517604226197,0.889068603515625,0.37096712404462284,4530.473684912769
1703,56.766666666666666,0.2175256756350306,0.803619384765625,0.3073870942835504,4482.986600544543
1704,56.8,0.3118564263767148,0.984039306640625,0.48063007059346113,2453.1352313495145
1705,56.833333333333336,0.4163849424806576,0.984039306640625,0.3416714057435948,1677.661528204357
1706,56.86666666666667,0.33708561588247893,0.947052001953125,0.4030126349786377,1159.6618266184057
1707,56.9,0.2307464874098864,0.94110107421875,0.47529556980845505,2385.4095732078604
1708,56.93333333333333,0.2520806617786673,0.965423583984375,0.5870000615259713,734.7942062861773
1709,56.96666666666667,0.3307672880817575,0.988800048828125,0.5240090566119091,1491.9343417427124
1710,57.0,0.3250103112973351,0.988800048828125,0.34849563445752346,1090.5448883565546
1711,57.03333333333333,0.23938459225898182,0.79150390625,0.46002633431287854,1678.252720402314
1712,57.06666666666667,0.15145264620068846,0.889923095703125,0.48892503899628803,3588.857621850717
1713,57.1,0.24637047335937448,0.9661865234375,0.3801096522697369,2553.573368600727
1714,57.13333333333333,0.2689035736377505,0.9661865234375,0.41588485251281154,1434.887089234056
1715,57.166666666666664,0.15445491807406583,0.802154541015625,0.41852367758349,1472.527125039508
1716,57.2,0.07741751982554919,0.444061279296875,0.49906786163746575,3453.57799999705
1717,57.233333333333334,0.11561957595133472,0.55029296875,0.5539934968336753,1618.7621239576226
1718,57.266666666666666,0.2760956523911352,0.924835205078125,0.5228653338511843,1064.9084902811942
1719,57.3,0.33112915775830226,0.933624267578125,0.21350375139023525,943.4789423371285
1720,57.333333333333336,0.2859804911511273,0.933624267578125,0.3878436460769482,1233.8624508463865
1721,57.36666666666667,0.26606286612995184,0.875396728515625,0.37436938599017366,1312.431901172666
1722,57.4,0.3241986348521167,0.960479736328125,0.3605733470309397,1474.0741810566467
1723,57.43333333333333,0.355684071964542,0.960479736328125,0.3298545865549799,993.3741724550015
1724,57.46666666666667,0.3124934985049531,0.700714111328125,0.26326651845911075,1086.343789922714
1725,57.5,0.3128231291533985,0.69964599609375,0.2378762585287405,1228.7014982357925
1726,57.53333333333333,0.34997209066882673,0.790618896484375,0.34996455915226915,1794.9504504757992
1727,57.56666666666667,0.31154642403905053,0.790618896484375,0.24515665493064356,1845.4537460131905
1728,57.6,0.21642263470292872,0.480560302734375,0.3147040895714036,2041.1075792439553
1729,57.63333333333333,0.2296148575460227,0.793609619140625,0.324992730633855,2441.7823792857243
1730,57.666666666666664,0.29714020181295003,0.793609619140625,0.3439562303924453,2683.5462588596374
1731,57.7,0.30913176975914275,0.65838623046875,0.3364426031617738,1979.8879353763073
1732,57.733333333333334,0.2883644278783103,0.93060302734375,0.2768802768737507,1967.854916424346
1733,57.766666666666666,0.29332533426524626,0.948211669921875,0.4766251751813043,3294.3748674600797
1734,57.8,0.3563481316100217,0.948211669921875,0.48003571742772266,1387.6186307720225
1735,57.833333333333336,0.3939209588861308,0.937164306640625,0.43187578292714457,973.9739635606719
1736,57.86666666666667,0.3548723544000842,0.937164306640625,0.49770207595610594,1117.895408869457
1737,57.9,0.33694517228856485,0.939453125,0.3738204707995021,1761.8038187595384
1738,57.93333333333333,0.32974698604958846,0.939453125,0.30396708901397296,1466.8544699606866
1739,57.96666666666667,0.28187348568480153,0.834014892578125,0.41966793290778837,2204.066009079465
1740,58.0,0.28471587731467296,0.834014892578125,0.38655015277720495,3822.315457456585
1741,58.03333333333333,0.34628003772080795,0.93878173828125,0.3517834487948764,2626.4050651458315
1742,58.06666666666667,0.3886896028861385,0.93878173828125,0.4009311997621952,1539.1193274584016
1743,58.1,0.34805337475968223,0.857421875,0.3656814035664905,1403.1035941645307
1744,58.13333333333333,0.34372321517635407,0.924957275390625,0.3394222865661171,1279.556887549663
1745,58.166666666666664,0.3074336657171666,0.924957275390625,0.3465387614775299,1175.3496953374552
1746,58.2,0.2287969850082545,0.614044189453125,0.25935846930402107,1705.1695901798544
1747,58.233333333333334,0.27320054600648197,0.614044189453125,0.3802786405533966,1738.180820768028
1748,58.266666666666666,0.3105881329919984,0.952545166015625,0.44618991863223784,1193.50434847865
1749,58.3,0.3326136367422823,0.952545166015625,0.3350667380317913,1930.5655977437573
1750,58.333333333333336,0.29249747646498664,0.821044921875,0.5093071780708912,4147.728566684312
1751,58.36666666666667,0.2540451153120325,0.821044921875,0.29787357170596834,4112.804857267808
1752,58.4,0.24598382461071472,0.779693603515625,0.550695116512376,1860.5510735533367
1753,58.43333333333333,0.21814763498035958,0.779693603515625,0.28646833058618654,2052.014547144366
1754,58.46666666666667,0.3072065506730437,0.98992919921875,0.47219800563851216,3117.619443692172
1755,58.5,0.4110332092983314,0.98992919921875,0.453695601976072,1303.6863054551166
1756,58.53333333333333,0.3782464158174768,0.9859619140625,0.29743316926898017,1256.6625741320918
1757,58.56666666666667,0.29924902893992467,0.766204833984375,0.6383619463978912,4704.553473244454
1758,58.6,0.25559026063254875,0.851776123046875,0.3153252872971014,5053.807522389116
1759,58.63333333333333,0.30452496342469815,0.9791259765625,0.3679016718826287,3631.498400207858
1760,58.666666666666664,0.39201185583184867,0.9847412109375,0.5928230543657244,1099.6312446806792
1761,58.7,0.31591361491521647,0.9847412109375,0.4928688119335517,874.3952635384293
1762,58.733333333333334,0.11697497020301988,0.4808349609375,0.4233062737360297,924.7425844093578
1763,58.766666666666666,0.04815140038663553,0.11651611328125,0.34914513662633895,714.8033692670222
1764,58.8,0.03091307149796768,0.075286865234375,0.2563499144066459,991.0949519684317
1765,58.833333333333336,0.026262964600600184,0.04766845703125,0.20113989572424773,1126.4569976589
1766,58.86666666666667,0.0243632840003283,0.04766845703125,0.19182328898350598,911.0245540126796
1767,58.9,0.01676169364983443,0.038909912109375,0.19453198571083546,991.542223859431
1768,58.93333333333333,0.008142312595163096,0.0311279296875,0.2878948062963168,1133.8318404580375
1769,58.96666666666667,0.0650211972691551,0.31195068359375,0.6155866351422451,1183.3837478077892
1770,59.0,0.15603970875686754,0.419281005859375,0.3493435581969804,951.3186560037419
1771,59.03333333333333,0.1975369568116712,0.419281005859375,0.3113189096091568,895.4250348762855
1772,59.06666666666667,0.2306368011042048,0.70062255859375,0.5920462631083866,2843.7075019533404
1773,59.1,0.28664991447554106,0.97930908203125,0.283946412278705,2893.8518318828037
1774,59.13333333333333,0.3102239081235967,0.980255126953125,0.4881202145342176,1059.0291967281607
1775,59.166666666666664,0.3648658242512603,0.999969482421875,0.4471083288309991,967.1840032231241
1776,59.2,0.4098946836775671,0.999969482421875,0.5186574276926195,1005.3237407904338
1777,59.233333333333334,0.43129244577988557,0.953460693359375,0.4280041078212894,1622.2710859627778
1778,59.266666666666666,0.38962282117685454,0.985870361328125,0.44005824150251904,1782.8016824379088
1779,59.3,0.25260209202067596,0.985870361328125,0.402960719187504,2011.2625166541363
1780,59.333333333333336,0.3215778572020789,0.97552490234375,0.3724426345878287,1920.6630834516047
1781,59.36666666666667,0.3507715749009037,0.97552490234375,0.2502103033362821,1420.611790900877
1782,59.4,0.18662875509314128,0.7208251953125,0.37499261993652566,2531.6799342638947
1783,59.43333333333333,0.16744931639288124,0.60186767578125,0.3294249155262141,3404.7597708216554
1784,59.46666666666667,0.1983246414351071,0.60186767578125,0.45205879419069595,1618.232083490145
1785,59.5,0.19192115184252398,0.59503173828125,0.3828181952862785,1949.2949071583623
1786,59.53333333333333,0.13737341219942634,0.55169677734375,0.320949447044296,2118.0105366455527
1787,59.56666666666667,0.07723726325666169,0.245697021484375,0.4246071520821587,3167.9109065458815
1788,59.6,0.08032880408182011,0.39459228515625,0.3435271043579841,3385.162171100029
1789,59.63333333333333,0.21284883805599492,0.845611572265625,0.46707255178491613,1688.9551965963358
1790,59.666666666666664,0.3385097446660593,0.991943359375,0.3815917811298615,1773.0556359387842
1791,59.7,0.3585866494095439,0.991943359375,0.3193900964829392,1614.9816531275194
1792,59.733333333333334,0.29936599161214783,0.932769775390625,0.39075199881512757,1816.673021495437
1793,59.766666666666666,0.15268114832832733,0.74951171875,0.3757799821795196,2397.9296869555765
1794,59.8,0.041550676108350774,0.217926025390625,0.37201802380622945,3060.378739041905
1795,59.833333333333336,0.16738882328364793,0.707183837890625,0.4012721546893498,2105.101364449344
1796,59.86666666666667,0.2516064778958456,0.707183837890625,0.47555711482724217,1450.093874059234
1797,59.9,0.25108499748878804,0.594512939453125,0.22356922024031053,1730.1481873998946
1798,59.93333333333333,0.18837647347618855,0.499176025390625,0.39415483746163527,3151.621225745466
1799,59.96666666666667,0.13352661533748036,0.40716552734375,0.3070453882421577,2183.446359463457
1800,60.0,0.09716735174496108,0.283721923828125,0.2657008685563332,2579.4057894904367
1801,60.03333333333333,0.07146906323037984,0.205963134765625,0.31495337734893003,2440.4278962833623
1802,60.06666666666667,0.08630292714287088,0.640411376953125,0.32453392158433964,2178.7902175656704
1803,60.1,0.09232852863580493,0.640411376953125,0.313748880166211,2299.5313626181796
1804,60.13333333333333,0.1127208357449199,0.444488525390625,0.3472315333876338,2353.2668526681205
1805,60.166666666666664,0.27423447295493997,0.975128173828125,0.3425891100881785,1976.4681447530736
1806,60.2,0.3538719036988508,0.985595703125,0.376658583413603,1660.7932844491374
1807,60.233333333333334,0.5310492124927243,0.999969482421875,0.4250174682833316,1156.153828475645
1808,60.266666666666666,0.5988317893952095,0.999969482421875,0.30633840397051176,874.2957072911054
1809,60.3,0.46602754924373996,0.990203857421875,0.2657603205330256,787.5060632074088
1810,60.333333333333336,0.39664472118348953,0.94647216796875,0.3044156559692496,755.2214224186203
1811,60.36666666666667,0.36919981624577125,0.94647216796875,0.3748877341232978,1426.067277211811
1812,60.4,0.35280713504388983,0.99786376953125,0.4796480368485613,1353.3002701309
1813,60.43333333333333,0.34488363770233504,0.99786376953125,0.40865636893428675,1305.4233734299996
1814,60.46666666666667,0.21608861903264218,0.794708251953125,0.43341852355244476,879.0154741314433
1815,60.5,0.24070732962517363,0.9351806640625,0.6534502063028711,3842.3067586911734
1816,60.53333333333333,0.2397509885818265,0.9351806640625,0.31238727890465756,4350.607520173948
1817,60.56666666666667,0.16436088250442596,0.586517333984375,0.5618614731242486,1969.7819388464645
1818,60.6,0.20159343412070851,0.652008056640625,0.3713581578201991,1665.4033620071655
1819,60.63333333333333,0.1722052224921571,0.7281494140625,0.3512623461604989,1048.8576414991642
1820,60.666666666666664,0.24965657047774506,0.99542236328125,0.7015611244800685,4175.905608536056
1821,60.7,0.2846856929171598,0.999969482421875,0.6182179590037088,1558.1125082350002
1822,60.733333333333334,0.27464877487778977,0.999969482421875,0.4205846302324723,1488.003160990202
1823,60.766666666666666,0.2819595996264858,0.90911865234375,0.381153595989657,1116.3983715021852
1824,60.8,0.2417124792552662,0.755859375,0.3770237970496273,988.7384664381437
1825,60.833333333333336,0.1739911728753407,0.550506591796875,0.47272336970543377,2750.7431713508195
1826,60.86666666666667,0.28750446488161574,0.979095458984375,0.35689417332809853,2045.606623717517
1827,60.9,0.4177763618701442,0.982086181640625,0.4869090068023432,914.7026102728054
1828,60.93333333333333,0.4824423506840178,0.982086181640625,0.23306204424217825,819.2887393023096
1829,60.96666666666667,0.3885223706263425,0.972625732421875,0.2874336201806105,1158.7356125547822
1830,61.0,0.1663365547050467,0.62286376953125,0.5446679841274918,3588.0114598682508
1831,61.03333333333333,0.24955367483675178,0.999969482421875,0.2910163143716363,3432.1230587841696
1832,61.06666666666667,0.411338585770536,0.999969482421875,0.4722524739369336,1690.3376019431598
1833,61.1,0.4181276364948487,0.999969482421875,0.26280528518705343,1413.5252134259376
1834,61.13333333333333,0.3233935831733352,0.971282958984375,0.2875259730306187,966.4817961345991
1835,61.166666666666664,0.20849141676591476,0.71551513671875,0.31893211781610675,704.4365253835088
1836,61.2,0.14031482183472255,0.32421875,0.2154653907107919,1132.8648565035285
1837,61.233333333333334,0.10697974575118648,0.222015380859375,0.15187497392603477,860.6872634287226
1838,61.266666666666666,0.08727799279071113,0.202972412109375,0.4544500324893287,2986.0670844159617
1839,61.3,0.06407191875338628,0.144927978515625,0.33576988893178805,1656.841401463806
1840,61.333333333333336,0.04744008845677383,0.100067138671875,0.20060640479555966,1530.092912026445
1841,61.36666666666667,0.03568403396488394,0.08319091796875,0.24216583825375193,2354.9428912127137
1842,61.4,0.023465862606558575,0.06597900390625,0.238793805229065,1637.1871024235725
1843,61.43333333333333,0.18578069352345652,1.0,0.6225090294775818,1000.43784083672
1844,61.46666666666667,0.26295030950903253,1.0,0.14562368380936377,976.8853574095999
1845,61.5,0.28409561603144184,1.0,0.28480712167879796,890.0717784024071
1846,61.53333333333333,0.3078731679542498,1.0,0.32714098066071085,1458.157426663061
1847,61.56666666666667,0.32032957680237045,0.994415283203125,0.43789094535609535,1049.2245940382672
1848,61.6,0.29968126771147957,0.985748291015625,0.3993915414795648,922.8088935379989
1849,61.63333333333333,0.25890106917654365,0.9852294921875,0.2925038980759921,1144.4564315259054
1850,61.666666666666664,0.2791543338855768,0.999969482421875,0.267283531978995,1249.5987048621291
1851,61.7,0.27300494145917464,0.999969482421875,0.2915957356703539,1084.4308636996582
1852,61.733333333333334,0.16623883286683894,0.999969482421875,0.47846026038966544,1076.9796491888283
1853,61.766666666666666,0.10693542563773112,0.3291015625,0.39705378457006674,1132.4258646318854
1854,61.8,0.2712302469042746,0.983184814453125,0.34944883273476623,1680.0825691580403
1855,61.833333333333336,0.39439902575417035,0.998321533203125,0.3224275985518246,1170.6739203355107
1856,61.86666666666667,0.3863774310883704,0.957611083984375,0.34690561763712985,761.7871554855103
1857,61.9,0.33251911986104127,0.8436279296875,0.40237231027822745,865.778501878489
1858,61.93333333333333,0.34446566570588555,0.89007568359375,0.3304013402825826,1144.8424045604165
1859,61.96666666666667,0.4557642263670087,0.974212646484375,0.21145173223881397,1332.4752254174412
1860,62.0,0.47273404336798647,0.985015869140625,0.29966545958975876,937.9620213031391
1861,62.03333333333333,0.37654855809262877,0.985015869140625,0.24581922551850444,899.4419320122122
1862,62.06666666666667,0.2954650040969218,0.999969482421875,0.47738973125697515,1903.5997671376326
1863,62.1,0.24403853698080272,0.999969482421875,0.3683631361427482,1486.6835488039599
1864,62.13333333333333,0.06665586657064505,0.306610107421875,0.29443254787461015,1248.7994814007398
1865,62.166666666666664,0.028703186135106033,0.08349609375,0.34021885896325554,1151.8896963650366
1866,62.2,0.027565579231144336,0.08349609375,0.2763533369948719,921.5412267176383
1867,62.233333333333334,0.023241682558406033,0.062957763671875,0.34528372804810703,1088.5177580341624
1868,62.266666666666666,0.019865252614488883,0.046173095703125,0.31891095803685926,973.9156811949056
1869,62.3,0.01616356099858972,0.046173095703125,0.29235726343611146,964.1475952095163
1870,62.333333333333336,0.012195424995930902,0.0430908203125,0.3499491226058041,1158.3214357296104
1871,62.36666666666667,0.010963404647249684,0.028839111328125,0.2871946019899014,1069.6863815617353
1872,62.4,0.010738075647744724,0.028839111328125,0.22678212575171278,969.4380737112982
1873,62.43333333333333,0.007748067931175609,0.026763916015625,0.20978958932668207,956.7994302151586
1874,62.46666666666667,0.19609511805257127,0.997467041015625,0.4177813420170313,910.8241072994576
1875,62.5,0.2614129994485307,0.999969482421875,0.4604854616961085,1517.2494965480964
1876,62.53333333333333,0.22422747903005602,0.999969482421875,0.38747408241208814,1699.7251383664682
1877,62.56666666666667,0.224899962293926,0.86822509765625,0.4751526981231966,1677.865302328523
1878,62.6,0.26924859656611,1.0,0.6228312876167096,4358.881958934194
1879,62.63333333333333,0.25035394440960146,1.0,0.3245799729599309,4319.023583102956
1880,62.666666666666664,0.2562808277504562,0.956634521484375,0.6015436781732252,1886.5564143889906
1881,62.7,0.30130912582301245,0.97576904296875,0.44908057699279047,2036.5421731946697
1882,62.733333333333334,0.19271086292017683,0.881103515625,0.4313311560695962,3449.8926435580843
1883,62.766666666666666,0.05151159641481518,0.352294921875,0.33329131726737016,3577.2428139052545
1884,62.8,0.08506485516122489,0.840911865234375,0.2757666128014359,3624.930058043645
1885,62.833333333333336,0.1777673336839152,0.840911865234375,0.3904889662332963,2655.0072525431233
1886,62.86666666666667,0.26736078241151423,0.714935302734375,0.3465920701725228,1785.2934307593416
1887,62.9,0.2809481649192859,0.714935302734375,0.450313299932683,1596.1128442353997
1888,62.93333333333333,0.22705726514555405,0.622314453125,0.46491975295881005,1920.1838478098882
1889,62.96666666666667,0.1326445146350471,0.614227294921875,0.4586392577954409,3260.2520927560404
1890,63.0,0.09580409046742332,0.89630126953125,0.3090196244090325,3715.2880068626996
1891,63.03333333333333,0.07913677521312344,0.89630126953125,0.2734118442263779,3585.9490368219276
1892,63.06666666666667,0.011844986608584648,0.07257080078125,0.29941522404390275,3397.7006336229156
1893,63.1,0.0036556855748015793,0.0078125,0.5773750254878697,1189.5898187747755
1894,63.13333333333333,0.0036565120831340944,0.005035400390625,0.2534295210145643,657.2992927273384
1895,63.166666666666664,0.0037294761836877527,0.0048828125,0.09667300993920955,622.8718305775377
1896,63.2,0.003993235148611959,0.005615234375,0.10692803847015608,620.5338054989734
1897,63.233333333333334,0.004270043402212151,0.01495361328125,0.12449451815498316,796.9929376971893
1898,63.266666666666666,0.03399808269620659,0.16680908203125,0.7386111148336123,3783.1385608894593
1899,63.3,0.13966457641727675,0.72418212890625,0.39489822040774325,4861.605140375685
1900,63.333333333333336,0.21298366946178587,0.901123046875,0.31388972617537886,5064.230162285562
1901,63.36666666666667,0.3362690870523212,1.0,0.5036311189541859,2682.5419604865324
1902,63.4,0.41249110031460834,1.0,0.4281165370463738,1211.7640994072192
1903,63.43333333333333,0.34387048526870667,0.991424560546875,0.25305611033118197,931.5671542555176
1904,63.46666666666667,0.40434236760576886,0.986419677734375,0.5679054779025878,522.6359323318919
1905,63.5,0.46209180336419164,0.999969482421875,0.49206112932471174,701.1669004710113
1906,63.53333333333333,0.40148275908226944,0.999969482421875,0.4479809953116398,1000.5850645138911
1907,63.56666666666667,0.28783130488566705,0.990570068359375,0.4753016438570079,1314.4035268757932
1908,63.6,0.13773912933189722,0.540008544921875,0.6519886576024201,4488.888560031265
1909,63.63333333333333,0.3359362533602868,0.993438720703125,0.552569476824779,1867.222740160411
1910,63.666666666666664,0.46084139385846745,0.993438720703125,0.3630334461891092,1509.1107928833653
1911,63.7,0.40170314715581756,0.986572265625,0.49338042375163876,1317.182260850601
1912,63.733333333333334,0.27809651155320564,0.684783935546875,0.4451283336907376,2069.080967109495
1913,63.766666666666666,0.21966251063304912,0.999969482421875,0.44028200832771547,3618.8847626996917
1914,63.8,0.29543490775991343,0.999969482421875,0.6228116234797876,1060.040191520654
1915,63.833333333333336,0.3355919054447742,0.994903564453125,0.39893655604700917,909.4150254490971
1916,63.86666666666667,0.34964379339227836,0.998687744140625,0.47648851802326914,642.4781695265984
1917,63.9,0.28359357761217036,0.998687744140625,0.4167649735719468,727.452096299902
1918,63.93333333333333,0.15714345975310168,0.568878173828125,0.3996771622284722,444.8259213136317
1919,63.96666666666667,0.030353193488072052,0.17181396484375,0.3859020888664544,471.8142005236173
1920,64.0,0.014431479802376659,0.03912353515625,0.24773689602887253,484.783010827948
1921,64.03333333333333,0.012236700662522377,0.034576416015625,0.26701956518376657,530.1338660969681
1922,64.06666666666666,0.013271549613811651,0.0421142578125,0.2969443318318816,606.8584603176374
1923,64.1,0.014643797384770287,0.0421142578125,0.2599558881319987,576.6646218644476
1924,64.13333333333334,0.014974624973012898,0.03460693359375,0.3254924788428793,618.8054696665308
1925,64.16666666666667,0.017769948736898588,0.060638427734375,0.3209472992609185,737.7010067575516
1926,64.2,0.03575946842182943,0.189361572265625,0.5607124379718771,2355.789951329598
1927,64.23333333333333,0.2821576492465805,0.999969482421875,0.47688868213058344,1300.6760466986436
1928,64.26666666666667,0.37401186194919156,0.999969482421875,0.33282230199981716,1287.9206569960731
1929,64.3,0.22728967652190546,0.953582763671875,0.3990663718174676,703.1718822021646
1930,64.33333333333333,0.19810952942321108,0.949737548828125,0.8549657485557282,5355.832970101062
1931,64.36666666666666,0.26877975490785166,0.949737548828125,0.3123635874725184,4886.092638205419
1932,64.4,0.35189070820345336,0.999969482421875,0.6072513966335708,1992.8806727949134
1933,64.43333333333334,0.3722620128870329,0.999969482421875,0.42740558602766243,2224.132358272107
1934,64.46666666666667,0.24809870989346036,0.8056640625,0.3575732322785029,2392.793509705824
1935,64.5,0.22546927217625756,0.943115234375,0.49040271691039616,4569.015538639807
1936,64.53333333333333,0.3046723133683106,0.999969482421875,0.5615989454490641,1807.9696914663932
1937,64.56666666666666,0.24183134352313027,0.999969482421875,0.3932838998779009,1725.7909095461607
1938,64.6,0.12154987335871435,0.427642822265625,0.41560543902773767,825.5556488712613
1939,64.63333333333334,0.08095791780997232,0.396942138671875,0.35084922242647676,1332.7107559357737
1940,64.66666666666667,0.23974453396568746,0.999969482421875,0.5318318396945946,1549.2546220961942
1941,64.7,0.35917647569548844,0.999969482421875,0.39821335276090813,989.8994349067307
1942,64.73333333333333,0.4203964790017999,0.977630615234375,0.3458497303215592,960.9487916900175
1943,64.76666666666667,0.33043352538808785,0.977630615234375,0.5495766172651549,1226.1101887734837
1944,64.8,0.31155698594424275,0.998260498046875,0.3576351728258002,1583.8905179109704
1945,64.83333333333333,0.40315066635328844,1.0,0.31839377709765737,1489.2094641812375
1946,64.86666666666666,0.2935759548372208,1.0,0.3937152467070369,1596.6531339776238
1947,64.9,0.100824678610061,1.0,0.43952153793839754,2784.9690104664464
1948,64.93333333333334,0.12406065909655482,0.936187744140625,0.4304703532374292,2236.54636957752
1949,64.96666666666667,0.26216650114070933,0.936187744140625,0.43311428371137467,2884.428397806459
1950,65.0,0.2976821284381279,0.931640625,0.3787040622999791,2792.043688901745
1951,65.03333333333333,0.24174728730633857,0.931640625,0.479393620156669,4847.876585652172
1952,65.06666666666666,0.23657078684947763,0.83026123046875,0.41772990308601393,3407.1381011519006
1953,65.1,0.3372007596987168,0.73626708984375,0.6463887264734,777.6897587474108
1954,65.13333333333334,0.3348160813689082,0.73626708984375,0.4662325967753721,608.9304121688627
1955,65.16666666666667,0.24273247329357522,0.7593994140625,0.8058266231011257,4442.846332476876
1956,65.2,0.3348470095043977,0.9937744140625,0.35857792593675475,3556.790212501332
1957,65.23333333333333,0.33712014147423586,0.9937744140625,0.4260590954232519,2113.8108530617324
1958,65.26666666666667,0.30344484339788746,0.988494873046875,0.46421009323984513,3989.2158126692148
1959,65.3,0.42649430461603505,0.999969482421875,0.5591085787615174,1692.5760168626991
1960,65.33333333333333,0.4282276453436852,0.999969482421875,0.2572119967283352,1214.0157953322278
1961,65.36666666666666,0.30801168195997325,0.781524658203125,0.39297774038398436,2653.8309150331756
1962,65.4,0.22977481242977305,0.999969482421875,0.5334216600939067,4890.699825161194
1963,65.43333333333334,0.22752378997620476,0.976287841796875,0.39034322202555904,3975.721213947496
1964,65.46666666666667,0.3564634555787101,0.999969482421875,0.693255953140022,1133.6133174440115
1965,65.5,0.31764335197232135,0.987060546875,0.2806523760948445,1198.01389282352
1966,65.53333333333333,0.12220078101819358,0.693817138671875,0.46656876976023814,2476.527613361573
1967,65.56666666666666,0.17028637153451762,0.999908447265625,0.33418806505041027,1967.5177331302325
1968,65.6,0.33201263253987656,0.999969482421875,0.5150753563311713,1062.6572270356755
1969,65.63333333333334,0.3156805483202895,0.980072021484375,0.46048106952017626,1050.324977451274
1970,65.66666666666667,0.15475028336672036,0.6190185546875,0.4549506881455338,922.0726954712311
1971,65.7,0.025106533587974673,0.123992919921875,0.3116878331142185,816.0553258597274
1972,65.73333333333333,0.005177113595481859,0.015228271484375,0.45165779999886224,437.013946062054
1973,65.76666666666667,0.0011134665718162463,0.004669189453125,0.3332041717601498,988.4214770965671
1974,65.8,0.00022777268663852428,0.00103759765625,0.29974473490621073,1701.1763948896494
1975,65.83333333333333,1e-06,0.0,0.0,0.0
1976,65.86666666666666,1e-06,0.0,0.0,0.0
1977,65.9,4.0551904099606485e-05,0.000335693359375,1.0,3241.402449084322
1978,65.93333333333334,0.0017489898417709314,0.007568359375,0.3715675843182732,1785.2854409675804
1979,65.96666666666667,0.007958960591357731,0.069549560546875,0.29831431749330833,1583.5864416384902
1980,66.0,0.18293388821584347,0.937652587890625,0.7165857625738072,4719.438073379946
1981,66.03333333333333,0.2530217252955522,0.959808349609375,0.3377822744681195,4334.014557558274
1982,66.06666666666666,0.3019137141269468,1.0,0.6464004357186015,1448.8422575820407
1983,66.1,0.32055805981999735,1.0,0.4536018055261025,1506.3286160843875
1984,66.13333333333334,0.2707205662927663,0.999969482421875,0.3757714122658715,1179.9962435251105
1985,66.16666666666667,0.1732800821924702,0.877288818359375,0.33907186977134307,825.767296339819
1986,66.2,0.08737473885585179,0.4593505859375,0.40057273680400934,471.12135372906965
1987,66.23333333333333,0.23866403736455738,0.999969482421875,0.48096568785296895,889.6925128936088
1988,66.26666666666667,0.31587287497503636,0.999969482421875,0.37703180596835817,1587.7299007204717
1989,66.3,0.29846507752431706,0.99395751953125,0.4578876959748607,907.8160923750746
1990,66.33333333333333,0.27420384384580815,0.772796630859375,0.4920402261462831,3167.5880250412665
1991,66.36666666666666,0.35628702799490075,0.999969482421875,0.3702366267095445,3685.3779338635723
1992,66.4,0.42369726178219463,0.999969482421875,0.5498324325300921,1219.1983707070171
1993,66.43333333333334,0.3174994277749302,0.88262939453125,0.4975989514080479,1008.9537412439846
1994,66.46666666666667,0.1839039286484942,0.673614501953125,0.4770766939766633,1892.6456481828557
1995,66.5,0.1409342209854347,0.673614501953125,0.5983430586872085,5191.054551713243
1996,66.53333333333333,0.1342449940248491,0.54974365234375,0.3383893439311828,5052.2445528604685
1997,66.56666666666666,0.11447514862918787,0.538116455078125,0.33335308614303305,5037.96879298461
1998,66.6,0.15445095258764951,0.609527587890625,0.4676819268318707,3044.091515738335
1999,66.63333333333334,0.26295086084940833,0.737823486328125,0.4601099252048846,1256.5390284131586
2000,66.66666666666667,0.3272051012029716,0.946044921875,0.4226055359475779,1214.4777014014244
2001,66.7,0.29121229921856234,0.946044921875,0.42993475401489817,1043.77204888574
2002,66.73333333333333,0.15937468320979642,0.749786376953125,0.32034145576594664,516.1877327784474
2003,66.76666666666667,0.015184109511503879,0.04443359375,0.48564147639833466,1020.7361161841882
2004,66.8,0.01222204909177602,0.03497314453125,0.2578138127974548,1030.7894191061457
2005,66.83333333333333,0.015580250599822713,0.052276611328125,0.3375662335898128,1049.0028818683832
2006,66.86666666666666,0.018663221559586843,0.053985595703125,0.29245597734827167,997.0524828419548
2007,66.9,0.017382964970950803,0.053985595703125,0.287240496397724,1060.4586009077698
2008,66.93333333333334,0.023267492739233224,0.07098388671875,0.2791421837995317,1075.412807935476
2009,66.96666666666667,0.030769044327818986,0.10369873046875,0.28724244544627076,989.2850990149706
2010,67.0,0.032808136063567986,0.10369873046875,0.24909625462708676,1037.5643634594
2011,67.03333333333333,0.04914195841778491,0.14923095703125,0.30060105093011746,1044.871621761358
2012,67.06666666666666,0.05927042954136415,0.14923095703125,0.32298980208874073,1064.3636012673264
2013,67.1,0.07337511252462989,0.28167724609375,0.2974360559412943,1186.5581954758002
2014,67.13333333333334,0.16141651128251397,0.667510986328125,0.3681034751171227,1593.9953606689999
2015,67.16666666666667,0.20253429210393256,0.667510986328125,0.3274793339619885,1662.8891084743066
2016,67.2,0.39499589010255554,0.999969482421875,0.49875641546798116,1087.935219179697
2017,67.23333333333333,0.4916107127086647,0.999969482421875,0.34870200539115687,984.0833798593088
2018,67.26666666666667,0.35874004700271056,0.96466064453125,0.48038370087547166,1134.7131685422241
2019,67.3,0.2608484138618945,0.887054443359375,0.49296660480905,2700.958390808858
2020,67.33333333333333,0.3231488748000078,0.887542724609375,0.3363800798023812,2180.261246831047
2021,67.36666666666666,0.31812792167895737,0.999969482421875,0.3491313017501344,2052.8016320829356
2022,67.4,0.39390530032908033,0.999969482421875,0.4099432688933052,867.7742373794869
2023,67.43333333333334,0.3986665033186802,0.9512939453125,0.40316246329578426,799.7934636489189
2024,67.46666666666667,0.3611282381989335,0.96600341796875,0.40340696960481237,908.8125460445659
2025,67.5,0.27323003591843226,0.96600341796875,0.31688592080163325,993.4839315951045
2026,67.53333333333333,0.13356067965914606,0.459991455078125,0.28108677932341153,1074.9164038822526
2027,67.56666666666666,0.25140348128187906,0.809234619140625,0.25852991640824624,1072.682230383832
2028,67.6,0.2924172181722451,0.809234619140625,0.3329586255005798,856.248303982222
2029,67.63333333333334,0.19719269364974765,0.546051025390625,0.2848759335941539,859.3534020867677
2030,67.66666666666667,0.11139091977801685,0.34442138671875,0.363032125644908,1112.3852451243956
2031,67.7,0.09415477567350224,0.24920654296875,0.2696875316175481,1135.665844327997
2032,67.73333333333333,0.10517274005327422,0.251373291015625,0.2635351021818788,952.6711220987391
2033,67.76666666666667,0.10071330202475483,0.276123046875,0.33292294567637937,1422.0722365033353
2034,67.8,0.28610355485813477,0.9842529296875,0.4870071051753547,1122.7532733624857
2035,67.83333333333333,0.3243243153087841,0.9842529296875,0.2977928928594744,1261.0114461072303
2036,67.86666666666666,0.1866985435288959,0.963897705078125,0.3634294013572487,1135.3639858642623
2037,67.9,0.21205109031224192,0.97955322265625,0.6558417920486417,4478.57094286679
2038,67.93333333333334,0.30900532459294433,0.999969482421875,0.6712535185227798,987.8391571733415
2039,67.96666666666667,0.3666977100242906,0.999969482421875,0.3191355462722984,1104.8605881440635
2040,68.0,0.4062805806034388,0.9951171875,0.5311969695103679,570.7969045077183
2041,68.03333333333333,0.34771422170399585,0.8955078125,0.5774629453508657,3170.014808021836
2042,68.06666666666666,0.18737335995067544,0.8955078125,0.3915967469391613,4128.107185019854
2043,68.1,0.17226551995200706,0.60357666015625,0.6868650470888015,1366.9057058777917
2044,68.13333333333334,0.21246543224316378,0.60357666015625,0.4121125352188513,872.5179883672671
2045,68.16666666666667,0.19082072635647193,0.571197509765625,0.385076370486233,567.2042232782491
2046,68.2,0.2872105878107282,1.0,0.45641116856246716,826.7305082123939
2047,68.23333333333333,0.3587285673464509,1.0,0.3168161382325787,1191.9496633194701
2048,68.26666666666667,0.3606379675763524,0.998565673828125,0.35358298882168354,1086.6827509848417
2049,68.3,0.3574428588655249,0.998565673828125,0.5105617422747497,802.1711937385516
2050,68.33333333333333,0.23651221106329706,0.957183837890625,0.3937681179428774,574.4798548793559
2051,68.36666666666666,0.1779468254514441,0.972442626953125,0.6373100343952222,2693.790453684677
2052,68.4,0.30363190057108086,1.0,0.43581272204970156,1631.474418823934
2053,68.43333333333334,0.30911973939125637,1.0,0.4055803603584405,1706.6503390187509
2054,68.46666666666667,0.27589218867550475,0.9381103515625,0.37331456907591076,1468.4773651747737
2055,68.5,0.28099761578557875,0.932037353515625,0.6345545796814437,504.8361780837494
2056,68.53333333333333,0.199280427808522,0.686553955078125,0.31833186111451467,647.2988347726434
2057,68.56666666666666,0.1825779958480339,0.98541259765625,0.5639288702008826,1232.6459181751281
2058,68.6,0.18866464960100085,0.98541259765625,0.35193075242397576,2486.4675900508355
2059,68.63333333333334,0.0768895392477013,0.42486572265625,0.361162651608873,1327.2637575592787
2060,68.66666666666667,0.0630492184746716,0.337982177734375,0.40050665862277834,1836.7288051100802
2061,68.7,0.18734233299247502,0.9320068359375,0.6587221903751678,4615.595491577482
2062,68.73333333333333,0.20165855935717394,0.9320068359375,0.3511634173367021,4004.7156039594847
2063,68.76666666666667,0.1308884461433548,0.65802001953125,0.4285174129340479,3568.372812861337
2064,68.8,0.1689926945820474,0.64422607421875,0.5391691876773175,1536.6772612058173
2065,68.83333333333333,0.17371377138060062,0.461700439453125,0.20325593704077627,1474.7341612171608
2066,68.86666666666666,0.1629416366298865,0.486328125,0.1935978265553756,1376.563611487955
2067,68.9,0.11377609456691758,0.486328125,0.42689814019468797,2392.265822289517
2068,68.93333333333334,0.14557420839585555,0.849273681640625,0.4132825317289169,3866.5654639311256
2069,68.96666666666667,0.1804840995567403,0.849273681640625,0.420600638058502,4959.789984133737
2070,69.0,0.17369017104108014,0.800811767578125,0.4947886409394664,2957.0091767871713
2071,69.03333333333333,0.1473992797734616,0.800811767578125,0.28066136859311286,2255.9521840708003
2072,69.06666666666666,0.06565765463513255,0.3565673828125,0.38985935070473177,3427.517290774872
2073,69.1,0.05615349824689339,0.650909423828125,0.2938111118577373,3605.706778471591
2074,69.13333333333334,0.047048323251522445,0.650909423828125,0.2562660060085147,3439.287351953915
2075,69.16666666666667,0.0349136863368223,0.43701171875,0.27675779196303885,3659.8082945448064
2076,69.2,0.0390238088453726,0.43701171875,0.2870727440641244,3284.618830695377
2077,69.23333333333333,0.031221527500658503,0.27362060546875,0.2805046324562299,3436.6397579982463
2078,69.26666666666667,0.048032213248343114,0.7440185546875,0.2917735637960889,3741.5916576357795
2079,69.3,0.04363577235783317,0.7440185546875,0.2742287885410096,3802.7598262454044
2080,69.33333333333333,0.012172915951496145,0.07159423828125,0.31781870750251967,3356.4610993463903
2081,69.36666666666666,0.021241410423001452,0.235137939453125,0.28599648392112476,3572.819211889787
2082,69.4,0.025497088062164015,0.235137939453125,0.2797591982333788,4002.083855942637
2083,69.43333333333334,0.031593249562880316,0.151336669921875,0.2895678996515402,3810.1455151271903
2084,69.46666666666667,0.23859930817747582,0.999969482421875,0.5304001735178842,1796.8512692414033
2085,69.5,0.3463109833167866,0.999969482421875,0.3744120234825326,1284.3445132342213
2086,69.53333333333333,0.33618846859493323,0.999969482421875,0.4632257001673765,1342.5021556685579
2087,69.56666666666666,0.23384031635059732,0.9478759765625,0.42452822828266457,1609.891890370814
2088,69.6,0.0651985307586333,0.247283935546875,0.44394006071885966,2957.628331411314
2089,69.63333333333334,0.30169089515642616,0.999969482421875,0.5268675153232948,1714.0507688939747
2090,69.66666666666667,0.4023588311686958,0.999969482421875,0.3992032064002816,901.1839804283604
2091,69.7,0.3520588945340667,0.88336181640625,0.3734039186819472,1527.593304164977
2092,69.73333333333333,0.2865975286210655,0.7625732421875,0.29591448245092195,1855.8514210543112
2093,69.76666666666667,0.3401752623623441,0.9921875,0.4565326072774204,906.1412045890794
2094,69.8,0.30720198546090527,0.9921875,0.4956465988668407,1067.0115643298288
2095,69.83333333333333,0.11236012227867338,0.473480224609375,0.5420986116710167,2321.2508349577565
2096,69.86666666666666,0.0782858921089434,0.346435546875,0.4012554669987132,2563.459420599073
2097,69.9,0.11806564028106939,0.465118408203125,0.4246665225359049,1273.721939727065
2098,69.93333333333334,0.1736629409089318,0.485443115234375,0.3784833211762869,1147.6214473636296
2099,69.96666666666667,0.1687456852838097,0.485443115234375,0.204609923079292,1275.4290740385675
2100,70.0,0.09552996158799254,0.400848388671875,0.34874717769936503,1903.6967229840725
2101,70.03333333333333,0.03215335514775715,0.130126953125,0.4452963574536861,3269.9538558594595
2102,70.06666666666666,0.02372875673836022,0.082733154296875,0.30262946314911543,3594.923594821689
2103,70.1,0.02670458519298182,0.088287353515625,0.31877026604752423,3712.920431291872
2104,70.13333333333334,0.03014203641175013,0.11395263671875,0.30435885789040196,3606.932792839298
2105,70.16666666666667,0.03232088590280357,0.11395263671875,0.30469729929535033,3790.505235294006
2106,70.2,0.03695472793670368,0.115142822265625,0.2880458642662129,3595.0361574432477
2107,70.23333333333333,0.04080851198292251,0.121826171875,0.3073011107540543,3787.5605156224683
2108,70.26666666666667,0.04439905605703232,0.1502685546875,0.28878235739153685,3764.280147461889
2109,70.3,0.04953046902240123,0.16168212890625,0.3040462950416829,4284.721453820433
2110,70.33333333333333,0.051089961392006236,0.1846923828125,0.3131729301959344,4313.052979792226
2111,70.36666666666666,0.1696435510772449,0.97955322265625,0.372046526509711,3431.751205706738
2112,70.4,0.3127754216465899,0.983612060546875,0.4369751553678226,2041.836568656063
2113,70.43333333333334,0.3190952023452047,0.983612060546875,0.39739913048613906,1781.2433884437423
2114,70.46666666666667,0.1675345702663148,0.834869384765625,0.3637555833360618,2257.6749398961147
2115,70.5,0.12183161100627021,0.66229248046875,0.3424215845642293,2806.669588527649
2116,70.53333333333333,0.23087995262461158,0.794921875,0.47585452064164946,1557.9086594843175
2117,70.56666666666666,0.3137580944114494,0.924652099609375,0.3716608362677142,1892.0844272782983
2118,70.6,0.44271971503256546,0.999969482421875,0.48583530556706855,1198.2720584861481
2119,70.63333333333334,0.45254996754754173,0.999969482421875,0.2608918633274992,1202.8211118487534
2120,70.66666666666667,0.335486390845952,0.962188720703125,0.6639789181614277,4285.410461798499
2121,70.7,0.24325307512946842,0.962188720703125,0.34101361422292437,4930.648112052263
2122,70.73333333333333,0.16990260157817025,0.685516357421875,0.6385281439213476,1954.5671898217136
2123,70.76666666666667,0.11526458275072739,0.518035888671875,0.2958739765440813,1695.1708901655268
2124,70.8,0.11279697119337295,0.515228271484375,0.2853668297000172,1612.6988725158747
2125,70.83333333333333,0.1351344235764277,0.515228271484375,0.4206511838785957,1619.0777293389115
2126,70.86666666666666,0.09438840862525172,0.44580078125,0.37391931202374734,2004.8527139881915
2127,70.9,0.10042339840120526,0.480743408203125,0.5455186111434008,4822.919479329662
2128,70.93333333333334,0.16263224081307573,0.991668701171875,0.575839991864293,1898.5308173339135
2129,70.96666666666667,0.1533311734308237,0.991668701171875,0.3604197367223251,1661.716523142405
2130,71.0,0.16713124948103258,0.96234130859375,0.28145677283907167,1633.453819115224
2131,71.03333333333333,0.25223229652903245,0.96234130859375,0.5127007514485994,898.5194312252326
2132,71.06666666666666,0.3532158412209646,0.999969482421875,0.4282061744259243,752.6130199286896
2133,71.1,0.4061601382702621,0.999969482421875,0.5025224025519416,791.4475372579466
2134,71.13333333333334,0.33728740192708084,0.981201171875,0.2547122302670159,1047.4134148396997
2135,71.16666666666667,0.1655681366278035,0.613677978515625,0.3400136472400806,1049.6135327438471
2136,71.2,0.03423981621139119,0.144805908203125,0.31873634581444393,584.3134394043344
2137,71.23333333333333,0.0191278475495835,0.048828125,0.31218823250663696,370.3511946170465
2138,71.26666666666667,0.005940789985224984,0.024169921875,0.3488255042762833,674.7547077715238
2139,71.3,0.0006538097183524296,0.0020751953125,0.2789356409335349,1581.358542610599
2140,71.33333333333333,3.9322150224933086e-05,0.000274658203125,0.5351785449272355,3415.374515203766
2141,71.36666666666666,1e-06,0.0,0.0,0.0
2142,71.4,6.157738153729473e-05,0.000244140625,1.0,3215.2307950195836
2143,71.43333333333334,0.0002589767524279723,0.0008544921875,0.300663690916859,2618.4676778632993
2144,71.46666666666667,0.0008865381782439455,0.0023193359375,0.3667958930773999,1386.6810817551834
2145,71.5,0.017723896494539128,0.186737060546875,0.3373507340404423,2533.364364022677
2146,71.53333333333333,0.32480771353151244,0.99432373046875,0.5390698406476515,2244.1070827610324
2147,71.56666666666666,0.46387023744503886,0.99432373046875,0.40577099239662623,1406.7351870748116
2148,71.6,0.36509655177529843,0.975982666015625,0.46039336079651993,2530.9991487443317
2149,71.63333333333334,0.161698109128422,0.614959716796875,0.4532571734155824,4665.0501230836035
2150,71.66666666666667,0.19294597819728013,0.992431640625,0.3738509495158743,3703.850296747569
2151,71.7,0.2778625381871729,0.992431640625,0.5373197778876098,1423.143590978579
2152,71.73333333333333,0.2978151837470572,0.9505615234375,0.3284217790591418,1145.6883204829817
2153,71.76666666666667,0.296362967029104,0.74395751953125,0.5005030039595925,656.1292560205501
2154,71.8,0.2579590145816157,0.61187744140625,0.39398853176170767,326.6168688848557
2155,71.83333333333333,0.2848620524530326,0.99627685546875,0.5499667969516556,1067.2944344122118
2156,71.86666666666666,0.38434422279233194,0.99627685546875,0.4409620223174137,835.7098055784164
2157,71.9,0.28915727426271093,0.986602783203125,0.3636068838724602,691.1325406678199
2158,71.93333333333334,0.09349284468360607,0.381378173828125,0.351623404382518,714.8820782340349
2159,71.96666666666667,0.026367043594739056,0.114593505859375,0.3131595684220336,424.137308622089
2160,72.0,0.01269198481008007,0.0499267578125,0.36189751643071233,618.2194438552763
2161,72.03333333333333,0.004456955375970761,0.011138916015625,0.3390332871235975,824.3424811119738
2162,72.06666666666666,0.003748260379953703,0.007598876953125,0.24657795367713822,1003.4710144763596
2163,72.1,0.003733385145850014,0.007232666015625,0.23784466205852767,1206.1590731673552
2164,72.13333333333334,0.003782262732318978,0.00732421875,0.2205591696382265,1343.8833893270057
2165,72.16666666666667,0.003927693413812598,0.008209228515625,0.20055194568975448,1404.8068176987408
2166,72.2,0.004334905084243704,0.0087890625,0.22597731346920472,1329.8663844241246
2167,72.23333333333333,0.004464045274573284,0.009674072265625,0.23375413845815038,1347.243509207831
2168,72.26666666666667,0.004265913469895996,0.009674072265625,0.2546761178899757,1334.9778323158578
2169,72.3,0.0043152346613614685,0.0096435546875,0.21414149323079096,1498.2413767467394
2170,72.33333333333333,0.004598053670523448,0.01202392578125,0.27728780898970845,1458.5051509785212
2171,72.36666666666666,0.004592897101841578,0.01202392578125,0.23207964202239964,1487.3394772861343
2172,72.4,0.15867079513006166,0.999969482421875,0.528597980693271,1110.267156086442
2173,72.43333333333334,0.20694789686453952,0.999969482421875,0.27243069655907276,1419.888483774797
2174,72.46666666666667,0.1441309552611043,0.794158935546875,0.4330055030696843,1475.2020156381518
2175,72.5,0.07468987623655293,0.46533203125,0.48632239433057256,3156.953813132983
2176,72.53333333333333,0.07275218783391943,0.451568603515625,0.3994360042055384,4529.3064488852315
2177,72.56666666666666,0.22488105292302937,0.94293212890625,0.5399902778711152,2278.8057471147195
2178,72.6,0.38239508070345907,0.94293212890625,0.504399569068193,1237.9703073347835
2179,72.63333333333334,0.4074654512053491,0.871368408203125,0.40892602139256456,691.138106389829
2180,72.66666666666667,0.3010341129185667,0.995391845703125,0.6062121681676756,1829.1305916342794
2181,72.7,0.2553928824638597,0.999969482421875,0.3133389578962674,1792.899066927045
2182,72.73333333333333,0.2945385281180869,0.999969482421875,0.41045339595794667,1225.9094283192162
2183,72.76666666666667,0.1952742219508745,0.999969482421875,0.30276481768578156,1209.321611565901
2184,72.8,0.07032789915598255,0.359832763671875,0.46246180240950735,1996.7076692139312
2185,72.83333333333333,0.059956435411241175,0.359832763671875,0.3450035719079365,2197.781115502917
2186,72.86666666666666,0.23761352035537686,0.907196044921875,0.6537150127696503,737.6439273433493
2187,72.9,0.41996121747055637,1.0,0.2945618768110075,496.22011958309844
2188,72.93333333333334,0.4850326125973231,1.0,0.5242422953740324,600.0342588782536
2189,72.96666666666667,0.43303904987271064,0.956390380859375,0.5407444127859284,635.8655673159684
2190,73.0,0.2591288357990598,0.89605712890625,0.3426977651297638,552.3925191786791
2191,73.03333333333333,0.0724438332449952,0.26708984375,0.3280510931796651,592.1113315870576
2192,73.06666666666666,0.02033287167738141,0.08612060546875,0.291595221563433,871.8740904034395
2193,73.1,0.04456751905456417,0.47039794921875,0.36491704905092526,1656.7306485807842
2194,73.13333333333334,0.1036675137360466,0.608306884765625,0.6414106555612,4987.9304160259035
2195,73.16666666666667,0.3015018750571621,0.9984130859375,0.7456753614302737,1104.2515400298353
2196,73.2,0.4469141463660437,1.0,0.39710854312205984,662.2676185078938
2197,73.23333333333333,0.3758974044772032,1.0,0.4608190442706134,488.27644871740597
2198,73.26666666666667,0.30850016231969535,0.977874755859375,0.5948653928164322,1423.693113077114
2199,73.3,0.4247125396803703,0.999969482421875,0.5253159846795308,1156.307060704088
2200,73.33333333333333,0.3874343937749761,0.999969482421875,0.4404887472107072,1017.2878669341424
2201,73.36666666666666,0.2139305652124605,0.75396728515625,0.5962904847140624,3566.0642802847055
2202,73.4,0.2486519694659547,0.99462890625,0.3122482216964205,2738.8688263573636
2203,73.43333333333334,0.32348472102528997,0.99462890625,0.5143365068594844,1211.0489829785793
2204,73.46666666666667,0.26742591958941264,0.980316162109375,0.29296532891941945,789.7577664637442
2205,73.5,0.18328037887844498,0.6234130859375,0.42255646019088156,865.9613648319549
2206,73.53333333333333,0.24695222660487431,0.99822998046875,0.48853380443277994,1377.9140260050115
2207,73.56666666666666,0.2415981406865937,0.99822998046875,0.3466308492255917,1401.1198437166504
2208,73.6,0.173121947736773,0.841552734375,0.4507682097295792,2664.1679798818227
2209,73.63333333333334,0.2582839259182845,1.0,0.47336058889682353,4344.226194231433
2210,73.66666666666667,0.2976113489576773,1.0,0.33310519508516423,4728.284771365497
2211,73.7,0.2960905661603028,0.999969482421875,0.347548930842544,3720.7504464647186
2212,73.73333333333333,0.2820251536581963,0.999969482421875,0.6296843770936317,1146.3425395637453
2213,73.76666666666667,0.1435493309999614,0.738555908203125,0.3970820122359706,2031.3195669212669
2214,73.8,0.13258746505369565,0.87322998046875,0.4511070150323947,2848.4480165468176
2215,73.83333333333333,0.25397570461879576,0.87322998046875,0.4959226919462995,1514.4753175226842
2216,73.86666666666666,0.3352250510837334,0.881195068359375,0.34299231214057224,1153.862379734353
2217,73.9,0.3684824606636906,0.881195068359375,0.4378349291781012,1399.2123349974456
2218,73.93333333333334,0.3159877418026108,0.858795166015625,0.3717843182971624,1365.3290618555898
2219,73.96666666666667,0.29340493139249973,0.98382568359375,0.49873823522418803,1268.8673776774644
2220,74.0,0.287596622037506,0.98382568359375,0.2965759404877036,1473.4405924222701
2221,74.03333333333333,0.31249546949479773,0.999298095703125,0.6648405514815174,4578.917220289478
2222,74.06666666666666,0.29060341540714485,0.999298095703125,0.3225660433612121,5384.027511345484
2223,74.1,0.1536189615082994,0.912933349609375,0.3792987285691343,4196.552898500847
2224,74.13333333333334,0.08390225413847502,0.25567626953125,0.5766705978957822,1554.991061740125
2225,74.16666666666667,0.0704474209275363,0.23712158203125,0.2875457737741705,1633.5421672672403
2226,74.2,0.0434592926736269,0.1678466796875,0.3842191567760127,2435.3700027095942
2227,74.23333333333333,0.030041054922302714,0.139556884765625,0.4049809817960119,2687.307416478237
2228,74.26666666666667,0.023397811769927054,0.110595703125,0.27914888127858106,3035.5605008783727
2229,74.3,0.026394490505535023,0.12066650390625,0.20934080301207642,3066.8416605626335
2230,74.33333333333333,0.07152011441122363,0.864837646484375,0.3420440313062021,3430.4792581502525
2231,74.36666666666666,0.0687955686994287,0.864837646484375,0.3100635126611583,3326.1941517946843
2232,74.4,0.021585422450340785,0.120880126953125,0.21749971984601169,3265.313514725087
2233,74.43333333333334,0.026651849248127628,0.120880126953125,0.3131934500923386,3101.3978758018025
2234,74.46666666666667,0.040143089206222476,0.146087646484375,0.31620724907889886,3220.9467365288606
2235,74.5,0.22400722602554188,0.95831298828125,0.46400858859756094,2002.7507203567177
2236,74.53333333333333,0.30015808037326797,0.99334716796875,0.3202801578742374,2482.521125763113
2237,74.56666666666666,0.2908785061344143,0.99334716796875,0.3940925814949804,1869.496725203497
2238,74.6,0.3178473800495161,0.963226318359375,0.3433393017272337,1751.317953691663
2239,74.63333333333334,0.26067828156236844,0.777587890625,0.3084440633662917,1394.6465621355928
2240,74.66666666666667,0.11356005191618967,0.538787841796875,0.47470786433262924,3274.79587351266
2241,74.7,0.09353945320278012,0.400115966796875,0.40053541558533756,4624.882878872236
2242,74.73333333333333,0.11087020003657362,0.400115966796875,0.3288015599233304,5010.492481133945
2243,74.76666666666667,0.3526059069811061,0.999969482421875,0.618530914459078,1888.7769489128782
2244,74.8,0.4972027325985083,0.999969482421875,0.4089722573571133,1169.6768079817673
2245,74.83333333333333,0.4748644670076343,0.999969482421875,0.4670122179729984,986.1707385094156
2246,74.86666666666666,0.39753710903431005,0.992095947265625,0.5026350166606102,1101.7329103127513
2247,74.9,0.24344805904661548,0.91839599609375,0.4207740977200203,1604.5915290747243
2248,74.93333333333334,0.08420017047258532,0.4688720703125,0.33160228933915104,2009.8943234939554
2249,74.96666666666667,0.20343869802994058,0.88421630859375,0.5585470332549667,4513.71114236035
2250,75.0,0.2576895367458675,0.88421630859375,0.32811747740159447,4006.2464902808024
2251,75.03333333333333,0.31165045153716914,0.999969482421875,0.6413102483256737,1556.34389819745
2252,75.06666666666666,0.3341621235061274,0.999969482421875,0.4877558705138659,1439.0576084256957
2253,75.1,0.26538652053426987,0.999969482421875,0.5188003854592963,1664.3680985442147
2254,75.13333333333334,0.25637895153789875,0.9742431640625,0.30860203791437796,1317.6663478672717
2255,75.16666666666667,0.1878824409198483,0.42791748046875,0.4213861203169571,1392.1167682825662
2256,75.2,0.18079695009575933,0.729339599609375,0.5308519754750571,2616.700202518361
2257,75.23333333333333,0.32493140089217076,0.99908447265625,0.4313802040812242,1616.0412529208963
2258,75.26666666666667,0.33777971283156816,0.99908447265625,0.3562876469746221,1228.635256518671
2259,75.3,0.29795229914429733,0.99261474609375,0.5251023450051125,1052.3031434923005
2260,75.33333333333333,0.28256796538317525,0.999969482421875,0.48425696503147486,1122.2879134845193
2261,75.36666666666666,0.24100941914733437,0.999969482421875,0.3803515525854572,1737.2920004569041
2262,75.4,0.2829104921435829,0.957733154296875,0.4907883838583601,1240.1313107462245
2263,75.43333333333334,0.28469407233180444,0.865142822265625,0.45969592140914084,2653.693135405716
2264,75.46666666666667,0.18754748786788328,0.865142822265625,0.42445968995765326,4068.760396137253
2265,75.5,0.2546509698562106,0.80731201171875,0.6558791588036214,1372.8438702522317
2266,75.53333333333333,0.3655653494314546,0.94744873046875,0.37724938231585115,1438.0828536576696
2267,75.56666666666666,0.3585911762005037,0.94744873046875,0.4403838797300034,1953.8472443571127
2268,75.6,0.30054255986574924,0.818817138671875,0.4746323422254536,1716.433853698677
2269,75.63333333333334,0.32311304025342524,0.90008544921875,0.2677580291258155,1548.7846722284548
2270,75.66666666666667,0.2662565392911457,0.90008544921875,0.41564598877702813,1543.8479059212577
2271,75.7,0.20145979384773027,0.999969482421875,0.4796883184261961,1706.5801639713986
2272,75.73333333333333,0.3207995621763429,0.999969482421875,0.48417773550178755,1094.9099370713182
2273,75.76666666666667,0.2541293949987701,0.999969482421875,0.2626543123125913,841.2175022524528
2274,75.8,0.14389131682654926,0.682159423828125,0.5468917136021674,2140.7467882514184
2275,75.83333333333333,0.2961054702996259,0.7440185546875,0.5908243506620688,573.2101452625594
2276,75.86666666666666,0.3558909817794788,0.7440185546875,0.49535900004935224,436.9172455210687
2277,75.9,0.25758494153154315,0.620513916015625,0.5303929792764187,499.43068756869314
2278,75.93333333333334,0.11162286614080702,0.404937744140625,0.5042239984737413,2064.5291873368133
2279,75.96666666666667,0.13382979726342997,0.747772216796875,0.43668565877915366,3421.868077685147
2280,76.0,0.20648764491467606,0.999969482421875,0.6340684531387492,943.8956073288444
2281,76.03333333333333,0.1756946788757836,0.999969482421875,0.3804382957911829,1316.2869026195
2282,76.06666666666666,0.06771776326912755,0.2615966796875,0.4145911135579387,1224.8616072039943
2283,76.1,0.027480195378158923,0.137664794921875,0.39442051461069316,1084.3794288791912
2284,76.13333333333334,0.0050952159237727356,0.014801025390625,0.40084410473534626,1475.856063130648
2285,76.16666666666667,0.004341445194096113,0.01153564453125,0.24512622914598528,1520.737189762798
2286,76.2,0.004328229751097368,0.010040283203125,0.27690453604956944,1593.722544406586
2287,76.23333333333333,0.025806520961249125,0.201690673828125,0.3372911013340161,2488.3312886519493
2288,76.26666666666667,0.044377159125667004,0.325286865234375,0.3693272786864527,2967.617335627828
2289,76.3,0.034181062385188345,0.325286865234375,0.2902043173509097,2548.650265859486
2290,76.33333333333333,0.018689002969162045,0.080352783203125,0.28668357122280363,2330.7414418066023
2291,76.36666666666666,0.04970802615913724,0.2874755859375,0.37446495850076894,3273.065092092291
2292,76.4,0.06571888416119151,0.380096435546875,0.2706745453764967,3257.447688609037
2293,76.43333333333334,0.04633811408946899,0.380096435546875,0.22870681452864705,3307.0210354543697
2294,76.46666666666667,0.026807890462303544,0.17742919921875,0.29422579500375934,3106.7485874418085
2295,76.5,0.03708261681388046,0.17742919921875,0.3729775209729641,4097.136578195276
2296,76.53333333333333,0.03923414580034114,0.2506103515625,0.39172752131711513,3020.89228311797
2297,76.56666666666666,0.0548571246773183,0.361236572265625,0.2623637092864113,2961.7983660115488
2298,76.6,0.07698297739168933,0.39263916015625,0.34134491247527454,3187.6943846146874
2299,76.63333333333334,0.07660190116125294,0.39263916015625,0.2893917321424309,3123.6493427784903
2300,76.66666666666667,0.055477426213336345,0.289031982421875,0.31316032306845837,2721.747591560949
2301,76.7,0.03454522244338788,0.138092041015625,0.2220733813265881,2926.084734351641
2302,76.73333333333333,0.02893965556474381,0.1317138671875,0.3284488611551962,3096.8334455175236
2303,76.76666666666667,0.05116322850646753,0.321563720703125,0.3146268879566449,2932.557190421631
2304,76.8,0.16785468204641685,0.8677978515625,0.4591547474399133,4636.034503928397
2305,76.83333333333333,0.29053539485025576,0.994598388671875,0.4663637215319523,2799.415007059029
2306,76.86666666666666,0.3433261084168845,0.994598388671875,0.4214509302399087,1655.610476483885
2307,76.9,0.2662618943437948,0.80975341796875,0.46930651065737056,1076.439142468309
2308,76.93333333333334,0.15313238724073597,0.601043701171875,0.3889925182103205,1817.4357103900597
2309,76.96666666666667,0.09517835288384106,0.601043701171875,0.3987503036512684,2551.1617249390056
2310,77.0,0.2597310350591174,0.999969482421875,0.4921522982666925,1307.6445722351475
2311,77.03333333333333,0.2773055433949778,0.999969482421875,0.243024973193655,1366.106986436346
2312,77.06666666666666,0.13239222034248235,0.73626708984375,0.44474440384203673,2171.8078001036674
2313,77.1,0.07242543525517327,0.498626708984375,0.3352354753627712,2684.160637338931
2314,77.13333333333334,0.3258577040055728,0.999267578125,0.5188001858723285,1378.9107248857208
2315,77.16666666666667,0.43392191192720114,0.999267578125,0.33320120548370175,1670.782339654073
2316,77.2,0.29272001079128795,0.989776611328125,0.3203390687597007,1436.0117099074548
2317,77.23333333333333,0.19177028618582062,1.0,0.6297349837404751,4822.404104165463
2318,77.26666666666667,0.22886594435657315,1.0,0.3523574069068103,5000.23381824172
2319,77.3,0.3916673647600755,0.998046875,0.6515053022394498,1791.8821557309623
2320,77.33333333333333,0.4134679989481315,0.9969482421875,0.34568394855020423,1250.7847656408896
2321,77.36666666666666,0.2350943298541197,0.84857177734375,0.4855682932285385,1824.2946768345676
2322,77.4,0.08660070196688306,0.336181640625,0.4134134840390652,2962.927723665547
2323,77.43333333333334,0.04781756255536406,0.15533447265625,0.21784322746803428,2890.1786874894506
2324,77.46666666666667,0.04625335311963558,0.175262451171875,0.31521463307835196,2816.741093535687
2325,77.5,0.047974091856115474,0.175262451171875,0.32466363469596093,2951.1818330060746
2326,77.53333333333333,0.04566197357577141,0.171600341796875,0.3667754660716942,2801.8705896151855
2327,77.56666666666666,0.047820154762719544,0.199951171875,0.34743879250051,3161.8849498868626
2328,77.6,0.04928012122611496,0.199951171875,0.30512130400512366,3106.8893738882216
2329,77.63333333333334,0.051742247487868785,0.167572021484375,0.34420012620730966,2951.26665558363
2330,77.66666666666667,0.056941012955867495,0.241058349609375,0.33383639282066946,3065.1581181262736
2331,77.7,0.06097733838510545,0.241058349609375,0.30720714956571893,3000.299249451153
2332,77.73333333333333,0.05472441156540195,0.217254638671875,0.2794607595320302,2786.311082315417
2333,77.76666666666667,0.040904502229509275,0.135711669921875,0.28822994547705905,2829.285039833205
2334,77.8,0.1980191108497497,0.89990234375,0.5137076660913159,4777.145289590185
2335,77.83333333333333,0.2376113939851838,0.89990234375,0.28962720742271975,4767.3922317395645
2336,77.86666666666666,0.2839986685273765,0.97216796875,0.587278593220901,2013.8128280504338
2337,77.9,0.2943840839236744,0.97216796875,0.3456106428045209,1264.9399669766824
2338,77.93333333333334,0.17058821743610153,0.86358642578125,0.403030180756238,1983.268359185083
2339,77.96666666666667,0.09457002389243548,0.39581298828125,0.43361765454489337,2776.1309080235387
2340,78.0,0.33132337295603337,0.999969482421875,0.5120643352194917,1495.4565875271035
2341,78.03333333333333,0.39206054700516424,0.999969482421875,0.39440918513940426,1196.6633691014333
2342,78.06666666666666,0.267792897201752,0.949371337890625,0.44710118712952474,1007.9044803910161
2343,78.1,0.17630651424035695,0.646514892578125,0.5812155082571983,3635.5771226342695
2344,78.13333333333334,0.20401034448109445,0.999969482421875,0.35837453094889304,2342.4923887155715
2345,78.16666666666667,0.19017574929110867,0.999969482421875,0.36511101887400454,1520.160078019322
2346,78.2,0.08930585880993198,0.81231689453125,0.317376243033753,1878.4352087089212
2347,78.23333333333333,0.05724763538080872,0.316375732421875,0.31087411428605566,1806.270220418599
2348,78.26666666666667,0.13990806046575377,0.98272705078125,0.49758264295986343,2617.410410605516
2349,78.3,0.18377128629213055,0.98272705078125,0.364920870925506,2433.7484221418126
2350,78.33333333333333,0.2990529366115985,0.986297607421875,0.37987858238247046,1637.3534699007068
2351,78.36666666666666,0.36145279389519547,0.986297607421875,0.2945643641846583,1419.3501010488058
2352,78.4,0.3159092389155187,0.95843505859375,0.38245206460956666,1547.7383801761887
2353,78.43333333333334,0.2072482499176157,0.8037109375,0.3855503108640007,2797.5258143741366
2354,78.46666666666667,0.07181602490885282,0.289886474609375,0.30363097329837796,2642.331321877015
2355,78.5,0.04177591830949882,0.1331787109375,0.27564692708369176,2311.612579264913
2356,78.53333333333333,0.031233297287793588,0.10833740234375,0.3194691000058356,2192.118385367646
2357,78.56666666666666,0.030567869918700592,0.08636474609375,0.29585003732667525,2049.9441283619067
2358,78.6,0.03297753918444944,0.09381103515625,0.30427231828981616,2039.6209871183826
2359,78.63333333333334,0.03301916025327884,0.101806640625,0.3437283799127794,2396.8475763772108
2360,78.66666666666667,0.06451806930247048,0.482452392578125,0.43287769675114796,3732.0526827968833
2361,78.7,0.06633666326126642,0.482452392578125,0.3758973728328039,2752.13282279369
2362,78.73333333333333,0.03533640843020168,0.116912841796875,0.18971702852478728,2652.2690649713295
2363,78.76666666666667,0.04244686586698664,0.177947998046875,0.34559924202222536,2894.7065238147097
2364,78.8,0.04280746888034194,0.177947998046875,0.3233882046699918,2393.7583782800443
2365,78.83333333333333,0.042874750468622096,0.183013916015625,0.3642896516781193,3212.1357321618334
2366,78.86666666666666,0.04525241788235365,0.183013916015625,0.3293571528855447,2741.033813906187
2367,78.9,0.38438548352543134,0.999969482421875,0.5871981968289894,1136.1134625362145
2368,78.93333333333334,0.5028395105668747,0.999969482421875,0.34574936782178434,708.4609564973522
2369,78.96666666666667,0.40481326872986506,0.993377685546875,0.5217146262229381,805.8189001951506
2370,79.0,0.3147442540994427,0.7691650390625,0.5533139568930947,1803.0634677674682
2371,79.03333333333333,0.2702625376194826,0.9677734375,0.6054467732421643,4589.669680449371
2372,79.06666666666666,0.2352223601669198,0.9677734375,0.33578336874102255,4428.967079763465
2373,79.1,0.24884432851489396,0.98138427734375,0.6718953855405877,1501.3607365735807
2374,79.13333333333334,0.22957624071993343,0.98138427734375,0.44314548855393554,1458.0197114949012
2375,79.16666666666667,0.10269992569759458,0.7169189453125,0.35848998348587635,1708.739485768014
2376,79.2,0.0960273321732809,0.703399658203125,0.3741967000887888,2343.141897840984
2377,79.23333333333333,0.24137930526874649,0.99871826171875,0.5367683878027955,1047.0211244075447
2378,79.26666666666667,0.2402998435819158,0.99871826171875,0.3306008519323495,1315.4798972499232
2379,79.3,0.14467463915351572,0.827117919921875,0.39364116869013266,1488.988435626207
2380,79.33333333333333,0.0846454889585049,0.364593505859375,0.3887017824426998,2105.3484434907327
2381,79.36666666666666,0.08212842338129973,0.35107421875,0.49153286011180813,4159.3686616000505
2382,79.4,0.100468645223101,0.545318603515625,0.40308031796602495,3300.1746927533422
2383,79.43333333333334,0.3176564546697817,0.999969482421875,0.5957055388126629,1584.263013961468
2384,79.46666666666667,0.4358039099809605,0.999969482421875,0.35729642719192933,856.3202102365912
2385,79.5,0.3493549896700939,0.99737548828125,0.24880762104016177,830.4428681067718
2386,79.53333333333333,0.19154742971402589,0.799774169921875,0.37832364888287967,1659.725528280879
2387,79.56666666666666,0.047996488271792065,0.24542236328125,0.37616125554385055,2014.0818399639231
2388,79.6,0.035167582163671295,0.14141845703125,0.34004275927989513,2476.5917768962013
2389,79.63333333333334,0.03493414663106574,0.1182861328125,0.3459079740275189,2475.7808510286027
2390,79.66666666666667,0.038471634704901995,0.138824462890625,0.3550524709543782,2580.51291609297
2391,79.7,0.042965665180621726,0.17169189453125,0.3460735515015363,2827.629635249468
2392,79.73333333333333,0.04240430355931328,0.17169189453125,0.3561487355780994,3245.1957365389576
2393,79.76666666666667,0.0327499512598374,0.1165771484375,0.3459607419578005,2777.3565854436292
2394,79.8,0.03309536529981974,0.291778564453125,0.2889742185802543,2402.687255393854
2395,79.83333333333333,0.05373139449112926,0.291778564453125,0.3705932694557238,3270.598301193075
2396,79.86666666666666,0.049377975884428216,0.2061767578125,0.3547421665500442,2295.496457125264
2397,79.9,0.039506369954081244,0.130767822265625,0.34273176791461635,2436.1503245747385
2398,79.93333333333334,0.04118360940725743,0.131622314453125,0.2952538700847042,2219.1650610262686
2399,79.96666666666667,0.03807410988581926,0.131622314453125,0.3496008994906866,2976.917575785397
2400,80.0,0.24466384321221638,0.999969482421875,0.48320517639726535,1665.5682098219593
2401,80.03333333333333,0.3604028604966976,0.999969482421875,0.4294985170286695,882.7055443950433
2402,80.06666666666666,0.2698034064854458,0.999969482421875,0.45759253064272104,938.7756388777508
2403,80.1,0.13132509934599146,0.56341552734375,0.6287497796950141,3546.453340555359
2404,80.13333333333334,0.23137635709381651,0.766387939453125,0.3776310488578049,2330.979912665862
2405,80.16666666666667,0.27308697085554334,0.766387939453125,0.35583072984385006,1836.3473382993996
2406,80.2,0.229805558732406,0.572509765625,0.3701254079275902,1145.4712280423348
2407,80.23333333333333,0.2537889524958382,0.841888427734375,0.28653518931613164,845.4372498231786
2408,80.26666666666667,0.34100282883775046,0.996368408203125,0.3008493574355338,1406.054847743722
2409,80.3,0.3525471275310908,0.996368408203125,0.48807228091483135,1127.9688723850866
2410,80.33333333333333,0.25580988717255826,0.99053955078125,0.480562202954379,1330.863728178915
2411,80.36666666666666,0.1323085519015192,0.689849853515625,0.35077810053689423,967.7683248402843
2412,80.4,0.0946173859907039,0.454681396484375,0.31455305494662955,1311.5374060008699
2413,80.43333333333334,0.2543117653568377,0.999969482421875,0.400312618408714,1110.2662947746228
2414,80.46666666666667,0.3747519083114021,0.999969482421875,0.3902584409483991,1035.0348033856353
2415,80.5,0.34266523284899475,0.99932861328125,0.5283811121150441,1211.8646881036161
2416,80.53333333333333,0.2765418176268458,0.99932861328125,0.5130825004855497,1655.0830837001743
2417,80.56666666666666,0.17486883512510687,0.859619140625,0.3904700979224236,931.8007124738427
2418,80.6,0.07254137596405598,0.373687744140625,0.6465289112187927,4473.171509865764
2419,80.63333333333334,0.24437239236498318,0.995941162109375,0.31910717505998965,4416.61598403072
2420,80.66666666666667,0.3662027405751544,0.999969482421875,0.6048838699532708,1344.8504059372483
2421,80.7,0.29466539591370655,0.959747314453125,0.4598233669300113,733.9800293492824
2422,80.73333333333333,0.3441888100555547,0.999969482421875,0.38072354986292306,1082.9644964886636
2423,80.76666666666667,0.4240318297138066,0.999969482421875,0.4109482875926758,559.9251097126206
2424,80.8,0.3636507447980835,0.902069091796875,0.5586104873303175,469.34780026581507
2425,80.83333333333333,0.2247030114144118,0.5904541015625,0.45493023728437465,627.0388314331466
2426,80.86666666666666,0.06845290902932831,0.2591552734375,0.6748254178218571,3395.8634691043085
2427,80.9,0.08519804310471492,0.4659423828125,0.4204571876197708,1771.954935747448
2428,80.93333333333334,0.0760416013597266,0.4659423828125,0.3800984373094397,780.3699905306676
2429,80.96666666666667,0.04141146175442697,0.277618408203125,0.36848006672871464,876.0539220405578
2430,81.0,0.09151648805323098,0.44049072265625,0.7005529282936978,4358.4063066895515
2431,81.03333333333333,0.2539539424383454,0.999969482421875,0.7106640111520635,971.2808865782622
2432,81.06666666666666,0.3095776912398362,0.999969482421875,0.3614746160211423,926.4333135374685
2433,81.1,0.24373747565996823,0.99554443359375,0.5056466497130885,832.9337338627
2434,81.13333333333334,0.17922304534614544,0.5509033203125,0.4618939953872157,693.847064244815
2435,81.16666666666667,0.1031847200738537,0.271636962890625,0.27990269028239645,1181.8487046411713
2436,81.2,0.026322803082141022,0.073699951171875,0.4256977674863823,1978.6260885613858
2437,81.23333333333333,0.02306592567870316,0.064117431640625,0.29888195301557724,2153.035562911592
2438,81.26666666666667,0.021212299281029003,0.062744140625,0.2989909096372887,2502.817371508965
2439,81.3,0.022487660443187653,0.072998046875,0.32184821297959715,2781.907491781462
2440,81.33333333333333,0.030008566627777466,0.09661865234375,0.34107229080134516,2845.021023747002
2441,81.36666666666666,0.0393253488393654,0.1256103515625,0.33320335913701526,2682.372499422318
2442,81.4,0.04288428628194891,0.1256103515625,0.3187657340883914,2279.5646667502956
2443,81.43333333333334,0.09195574659450051,0.3756103515625,0.34222318772570703,1793.0283962280305
2444,81.46666666666667,0.1269771121745267,0.3756103515625,0.33806586786213927,1409.8956042947798
2445,81.5,0.10579816918749002,0.268402099609375,0.3066526345560561,1313.242664239214
2446,81.53333333333333,0.2170184667467357,0.999969482421875,0.40733762279831326,1598.2131396575753
2447,81.56666666666666,0.33064027086470466,0.999969482421875,0.3924709731702468,971.6373573542176
2448,81.6,0.4219889961347081,0.9962158203125,0.4386466753883579,750.9192202198058
2449,81.63333333333334,0.47279277770561323,0.9962158203125,0.437034677097685,605.6749330509074
2450,81.66666666666667,0.3195784416256828,0.91473388671875,0.3865975206967607,831.3837256653396
2451,81.7,0.1824333466584588,0.922454833984375,0.5924944464072666,2900.522657246361
2452,81.73333333333333,0.34302749335766436,0.999969482421875,0.5743748701697761,1077.129019170552
2453,81.76666666666667,0.4189037651949713,0.999969482421875,0.23398328322804254,884.4759716247909
2454,81.8,0.43736776782290726,0.999969482421875,0.5417614203020873,787.1162140834361
2455,81.83333333333333,0.4562061098451074,0.999969482421875,0.4727834444157485,1111.3253337891852
2456,81.86666666666666,0.3740828944185203,0.999969482421875,0.38553932093707577,1276.3281855873627
2457,81.9,0.20231179377714514,0.785186767578125,0.43853418904702346,1217.7865887485505
2458,81.93333333333334,0.1416017772502966,0.999969482421875,0.4052876063407635,2163.6962669484183
2459,81.96666666666667,0.23522587765592923,0.999969482421875,0.4130352459864099,1359.4058096239469
2460,82.0,0.2689844408251742,0.999969482421875,0.37718853697034443,1501.6930240201236
2461,82.03333333333333,0.280127909492366,0.80377197265625,0.42362773891666017,1492.5211385401135
2462,82.06666666666666,0.3402308394784322,0.7952880859375,0.3161343634437781,1360.0603455807645
2463,82.1,0.4092970414001531,0.81134033203125,0.20596944428622738,1019.7477771874047
2464,82.13333333333334,0.4124265861426496,0.811004638671875,0.19941948599481002,1524.1012122484924
2465,82.16666666666667,0.42442825139076834,0.833953857421875,0.3048580862945043,1797.148421821103
2466,82.2,0.42281999816116594,0.833953857421875,0.296255445049567,1589.754357219612
2467,82.23333333333333,0.26794027600917064,0.777191162109375,0.21017742459180053,958.2608269353266
2468,82.26666666666667,0.0822930896432077,0.286895751953125,0.2783673782348866,376.7656799160523
2469,82.3,0.03441829020856436,0.088134765625,0.2539262880335251,352.86249174628654
2470,82.33333333333333,0.01968056772895056,0.0445556640625,0.11946436084952843,396.7253076033737
2471,82.36666666666666,0.009535916201953537,0.028656005859375,0.23617460968439774,524.8684559749044
2472,82.4,0.004259414113105696,0.009429931640625,0.38499130311295454,779.7236195492188
2473,82.43333333333334,0.003919957265401514,0.00592041015625,0.16849033108743441,818.8122487972729
2474,82.46666666666667,0.0038996954520914015,0.007537841796875,0.1946611836727386,1714.748854854269
2475,82.5,0.003879155607581848,0.007537841796875,0.15952249020354972,1185.8152603560793
2476,82.53333333333333,0.004184422540829657,0.006317138671875,0.12538403616247767,880.6442472038436
2477,82.56666666666666,0.004204560262747918,0.006439208984375,0.11128742260057133,794.9582609820827
2478,82.6,0.0040381684518271095,0.006439208984375,0.09922497588246515,857.2296117103393
2479,82.63333333333334,0.004122491187820947,0.006134033203125,0.11201744687583752,849.5455139757812
2480,82.66666666666667,0.030049102150952064,0.319671630859375,0.6515763619183648,3070.495147071375
2481,82.7,0.1986780347883542,0.876800537109375,0.49510975266118984,4610.922329845219
2482,82.73333333333333,0.2824084416976181,0.992401123046875,0.36495869952824184,5291.519591776909
2483,82.76666666666667,0.2588932387556076,0.90863037109375,0.34075374427793503,4525.47904103086
2484,82.8,0.31871994995875447,0.90863037109375,0.7754864284076469,1076.1891058853757
2485,82.83333333333333,0.38653722367711063,0.846832275390625,0.3577451128740301,937.1278839178946
2486,82.86666666666666,0.33717064943557545,0.908660888671875,0.5778012870198553,3243.641752951768
2487,82.9,0.19627335664106954,0.908660888671875,0.4068921811859477,4675.18793394596
2488,82.93333333333334,0.16842706001116836,0.95513916015625,0.6737389350930802,1591.0917144591642
2489,82.96666666666667,0.26787776543004516,0.95513916015625,0.4239761148163673,1294.2289980626185
2490,83.0,0.30765147036477686,0.990966796875,0.42978544637294924,1023.1188009462887
2491,83.03333333333333,0.2505975890409452,0.990966796875,0.3200434908176701,1379.445060915567
2492,83.06666666666666,0.11301075665343038,0.42401123046875,0.48899601639402734,3191.0526774916684
2493,83.1,0.15109496067097966,0.999969482421875,0.340142620540811,3585.841608698858
2494,83.13333333333334,0.27081510593401226,0.999969482421875,0.6345080620433866,1229.1170542602322
2495,83.16666666666667,0.2997289846485688,0.999969482421875,0.45145536929579133,1111.5737952240158
2496,83.2,0.25646377220834443,0.902679443359375,0.4636767747353524,827.4071420875854
2497,83.23333333333333,0.3177202464151477,0.984619140625,0.4271882950365827,443.7345737885165
2498,83.26666666666667,0.41900862861202637,0.999969482421875,0.5207462179963971,1197.4190613331223
2499,83.3,0.4064974628030497,0.999969482421875,0.1787586520059456,1593.3451156652834
2500,83.33333333333333,0.3102165176310702,0.999969482421875,0.4680281278284416,1456.1208583415398
2501,83.36666666666666,0.2084741143211605,0.825836181640625,0.4177538256551126,1560.9694497519774
2502,83.4,0.11911246881865711,0.716278076171875,0.3569535878460362,1458.6364245798936
2503,83.43333333333334,0.023096403207870594,0.08123779296875,0.5325089477813738,437.5379826149564
2504,83.46666666666667,0.008492028981543767,0.0250244140625,0.26071753560501176,445.88852036559797
2505,83.5,0.05256348155313874,0.345611572265625,0.2810404216958662,538.6418749927076
2506,83.53333333333333,0.3706436707559424,1.0,0.5807531996887382,742.8032558833978
2507,83.56666666666666,0.5346580982369659,1.0,0.45478060683178734,1214.972590549474
2508,83.6,0.4763463548775173,1.0,0.3842330477364428,942.3049897454373
2509,83.63333333333334,0.31813481597534865,0.997650146484375,0.5813150789274071,503.59340922940135
2510,83.66666666666667,0.24061990830117908,0.9801025390625,0.4080384331400899,615.4087649844294
2511,83.7,0.20391969595155043,0.9801025390625,0.28607498908572315,1093.2809113736557
2512,83.73333333333333,0.0782509194428933,0.41314697265625,0.29519532960769534,1193.044776834109
2513,83.76666666666667,0.03524399741875291,0.13714599609375,0.3474734531914592,629.162908836254
2514,83.8,0.016597439737961163,0.04083251953125,0.30518516452561373,600.0431106050424
2515,83.83333333333333,0.0870439367948087,0.559539794921875,0.7474313635311318,4067.269405341101
2516,83.86666666666666,0.3545437941194698,0.999969482421875,0.5167942350239353,2044.0993341796943
2517,83.9,0.4287667756916401,0.999969482421875,0.34902230673690104,1453.3883190541515
2518,83.93333333333334,0.2681962918450203,0.7884521484375,0.5098341409728335,805.1098916767492
2519,83.96666666666667,0.09320471914531801,0.392181396484375,0.4493957224505052,2105.7038067195595
2520,84.0,0.03164026049347228,0.0882568359375,0.3093989437103275,2696.7132193446964
2521,84.03333333333333,0.01938968353712133,0.065826416015625,0.34244279725151505,3615.2601441713264
2522,84.06666666666666,0.021012422475784297,0.06683349609375,0.29503534193921965,3847.82469200058
2523,84.1,0.024575281627944742,0.088623046875,0.3388343798096739,3793.8032059384204
2524,84.13333333333334,0.028546285667457278,0.094696044921875,0.3348237175275087,3779.140884513999
2525,84.16666666666667,0.03424129153986876,0.1063232421875,0.31729679431099606,3660.1991435428004
2526,84.2,0.03849213214754934,0.12091064453125,0.29920725924050723,3639.837711788563
2527,84.23333333333333,0.04597876322798277,0.184112548828125,0.30161449417392605,3751.6176748169446
2528,84.26666666666667,0.08068201789107746,0.309478759765625,0.3281736009547355,3996.282976345801
2529,84.3,0.2691214622168437,1.0,0.4277124410417143,2567.723216249903
2530,84.33333333333333,0.33015438674648834,1.0,0.4181607541823845,1441.322128896283
2531,84.36666666666666,0.21977356214141552,0.976226806640625,0.4158969769505706,1906.049149113183
2532,84.4,0.10092965408849437,0.332672119140625,0.44313937521191515,2922.3918066069104
2533,84.43333333333334,0.20149440114331466,0.999969482421875,0.4041170238280694,2100.7995261722895
2534,84.46666666666667,0.2997619634623315,0.999969482421875,0.38916775978936496,1283.8884380169975
2535,84.5,0.2566939558654682,0.98779296875,0.3710851427520895,1388.5727670632398
2536,84.53333333333333,0.15110107960699493,0.840423583984375,0.6118910348534103,2558.801743628312
2537,84.56666666666666,0.11344477371374152,0.840423583984375,0.311873778303996,2831.0396683005424
2538,84.6,0.06620258870562723,0.35003662109375,0.3090229725346246,3004.3476959142745
2539,84.63333333333334,0.07708579723778106,0.35003662109375,0.32672329433790837,2978.688856189791
2540,84.66666666666667,0.06579053551564448,0.31103515625,0.2504249289595252,2980.7834098499097
2541,84.7,0.0329085823968717,0.1173095703125,0.31319426714212745,3198.4364051271605
2542,84.73333333333333,0.029086996423910313,0.106414794921875,0.18944711032306383,3228.5106842509017
2543,84.76666666666667,0.035412003983817546,0.152679443359375,0.3304839940827145,3582.111920426028
2544,84.8,0.12670592754399326,0.774078369140625,0.37149294134568667,2973.8499554815767
2545,84.83333333333333,0.13102937127854347,0.774078369140625,0.2802185420858831,2676.7310589534077
2546,84.86666666666666,0.05430475832238175,0.233489990234375,0.23185075477510783,2624.6274901512083
2547,84.9,0.03598167752666628,0.153564453125,0.30258796336841753,2573.526442867237
2548,84.93333333333334,0.027043711218903074,0.100830078125,0.1926842095582621,2454.3382368935086
2549,84.96666666666667,0.021671610070552374,0.100830078125,0.3351250776548521,2247.1016976532933
2550,85.0,0.019764184469452013,0.067962646484375,0.2931876033246549,2593.8461014462428
2551,85.03333333333333,0.24893798895338332,1.0,0.5828713309815816,943.6721611250118
2552,85.06666666666666,0.3947268018171793,1.0,0.37501989247048784,1196.135642119785
2553,85.1,0.30454445867648444,1.0,0.28544552991740196,987.9361379491053
2554,85.13333333333334,0.09668226359846147,0.5157470703125,0.4667856751225124,1599.5508730789152
2555,85.16666666666667,0.13017479383982464,0.5157470703125,0.46185075669681014,3046.443162159044
2556,85.2,0.21091143416762728,0.997344970703125,0.40159514495189547,1952.6296099029296
2557,85.23333333333333,0.29275802267277473,0.997344970703125,0.373821859525217,1266.067441372378
2558,85.26666666666667,0.3542111886928188,0.862213134765625,0.5271607836072344,897.6777391369675
2559,85.3,0.33554400920593275,0.608001708984375,0.26760772550001305,433.4481211896257
2560,85.33333333333333,0.29057540172398233,0.998779296875,0.6079107294352274,1140.331324258593
2561,85.36666666666666,0.2833298389075472,0.998779296875,0.4622946331380476,1331.6022529744007
2562,85.4,0.3051711385747793,0.990875244140625,0.3680125000632869,1351.7622241845752
2563,85.43333333333334,0.3577935563950038,0.95892333984375,0.46642107174772596,1042.1921945070487
2564,85.46666666666667,0.3765574066886387,1.0,0.3403601171035863,501.2088225281563
2565,85.5,0.40789176074174666,1.0,0.4989662190061505,903.0022028756513
2566,85.53333333333333,0.4235670763760576,0.997283935546875,0.35513090926730567,1172.896803317605
2567,85.56666666666666,0.3935981622513041,1.0,0.46107382715633305,2661.4680639569915
2568,85.6,0.33380316933411774,1.0,0.4772207083601143,4404.187940403848
2569,85.63333333333334,0.2086760186292562,0.928497314453125,0.28791443518985566,4570.376790817606
2570,85.66666666666667,0.12770655140439455,0.55389404296875,0.47577274718697216,2819.46963933643
2571,85.7,0.12765958316119452,0.55389404296875,0.3799491608627217,3062.4927423075906
2572,85.73333333333333,0.24481964677877707,0.999969482421875,0.4203253418576037,3587.0265033550404
2573,85.76666666666667,0.3360833888191095,0.999969482421875,0.5394902616322825,1607.7249702396066
2574,85.8,0.3123444571115627,0.967010498046875,0.2867691892999469,1331.2566053958233
2575,85.83333333333333,0.2618277833616404,0.68927001953125,0.36250405502363214,872.3354288541107
2576,85.86666666666666,0.18876910179190654,0.780914306640625,0.7686907393531467,4217.149232930702
2577,85.9,0.204159070881991,0.990234375,0.7110915454801009,1205.750241961719
2578,85.93333333333334,0.25639828148900196,0.990234375,0.37052371873753176,891.9065007577069
2579,85.96666666666667,0.2626601690809675,0.836944580078125,0.4349913882126908,799.523185902244
2580,86.0,0.19882404269619455,0.742919921875,0.47560627024880664,968.5600749131892
2581,86.03333333333333,0.0925021964033386,0.379974365234375,0.39455310535822624,1848.279784998408
2582,86.06666666666666,0.023736084858533773,0.070159912109375,0.4267548473481849,3270.422119188937
2583,86.1,0.022680078501451394,0.0706787109375,0.26645503488124017,3493.327631240963
2584,86.13333333333334,0.024286246269763636,0.084381103515625,0.3035020734395336,3450.8165796500216
2585,86.16666666666667,0.024708277115783665,0.084381103515625,0.2874770364361422,3820.0948806221595
2586,86.2,0.02884473979264039,0.10052490234375,0.33310379976239735,3894.6481646497164
2587,86.23333333333333,0.03828793254071931,0.1473388671875,0.3351887624700527,3775.464014452005
2588,86.26666666666667,0.04731833588169984,0.16168212890625,0.32164894929601495,3686.117177804281
2589,86.3,0.053893467196108394,0.17132568359375,0.3036715707737772,3576.783906385065
2590,86.33333333333333,0.049883715162318716,0.17132568359375,0.3098133313796137,3640.6893382926683
2591,86.36666666666666,0.04544510227046369,0.207489013671875,0.24176762385761147,3777.824443297509
2592,86.4,0.04971780625775161,0.207489013671875,0.33873436614764263,3823.351803040233
2593,86.43333333333334,0.05179156743728565,0.19091796875,0.33006305096458877,4004.121457019978
2594,86.46666666666667,0.052169355793516926,0.19091796875,0.300225670863664,3831.360584891562
2595,86.5,0.04685574738494109,0.156036376953125,0.32440665371161886,3675.082589571564
2596,86.53333333333333,0.048269810205153196,0.154022216796875,0.2504287865791514,3795.9882570263394
2597,86.56666666666666,0.19924483812300597,0.999969482421875,0.49890721463786986,2011.1512294420172
2598,86.6,0.2629585424938509,0.999969482421875,0.38791763332803514,1568.0570591479561
2599,86.63333333333334,0.18795694044345684,0.999969482421875,0.33356158337805564,1680.8333424696027
2600,86.66666666666667,0.17736563109852416,0.978607177734375,0.645459126419903,4558.434604726211
2601,86.7,0.3689031296661083,0.999969482421875,0.5466298156174569,2158.3064865091383
2602,86.73333333333333,0.39649767733442676,0.999969482421875,0.2668515533314563,2416.751518147694
2603,86.76666666666667,0.27029220656530645,0.7900390625,0.45765976562814037,4227.137727840425
2604,86.8,0.33828066607467877,0.999969482421875,0.577526466295754,1734.5199880768837
2605,86.83333333333333,0.2679135416635596,0.999969482421875,0.30296659752154986,1608.8852409985054
2606,86.86666666666666,0.12738205312564696,0.999969482421875,0.45190918534825664,2661.0146370766183
2607,86.9,0.20590791889350107,0.999969482421875,0.5297541585073154,1210.4605833391925
2608,86.93333333333334,0.18059090264169778,0.999969482421875,0.3387976877541555,1250.724235467256
2609,86.96666666666667,0.0780807609451698,0.254119873046875,0.4367368536871908,1193.9255726496795
2610,87.0,0.07834500640536346,0.3807373046875,0.37751133945969617,2064.652149388868
2611,87.03333333333333,0.20832694355264175,0.999969482421875,0.3257868538236654,2618.2820187573097
2612,87.06666666666666,0.31477414883357563,0.999969482421875,0.5240368818761936,1393.828751137768
2613,87.1,0.3067103230398479,0.999969482421875,0.32266586236202965,1258.0729972913346
2614,87.13333333333334,0.24047094999564791,0.578704833984375,0.35435743941828374,619.120463048406
2615,87.16666666666667,0.24918802086350908,0.999969482421875,0.5716940224753205,1385.8281980811391
2616,87.2,0.30640562320561504,0.999969482421875,0.43433641324186983,987.0215687359171
2617,87.23333333333333,0.2551191377831237,0.999969482421875,0.5119124413564906,1258.4654770717552
2618,87.26666666666667,0.17082649041926978,0.864593505859375,0.3905629896998566,1275.5169721979162
2619,87.3,0.06575305408660788,0.216156005859375,0.39749357851397815,883.4373689422542
2620,87.33333333333333,0.028179010810946644,0.0941162109375,0.27938163415574174,1374.08970954219
2621,87.36666666666666,0.018365322925338438,0.048187255859375,0.2833283529870603,1898.8755714775666
2622,87.4,0.1291423024992492,0.666839599609375,0.6102763786402785,3642.660205247235
2623,87.43333333333334,0.14521620978980115,0.666839599609375,0.3410878809056598,4215.4235830137195
2624,87.46666666666667,0.3180238556100965,0.999969482421875,0.5822789626315596,1967.818507546364
2625,87.5,0.475565075399643,0.999969482421875,0.42565487047101275,1042.5184428179975
2626,87.53333333333333,0.433702672476571,0.963470458984375,0.2237513169201497,1257.358519740185
2627,87.56666666666666,0.38954020078473206,0.999969482421875,0.6299541598531582,4432.562401950207
2628,87.6,0.4722958139416918,0.999969482421875,0.5544039770885285,1667.2082116883566
2629,87.63333333333334,0.49628510425868666,0.999969482421875,0.3163829480204742,1033.6438211586658
2630,87.66666666666667,0.36454987023857405,0.995697021484375,0.3184914207789278,1715.5706864838055
2631,87.7,0.2508723308084671,0.934600830078125,0.6570787597629312,5181.772904133263
2632,87.73333333333333,0.21787303067264238,0.934600830078125,0.4056982284816774,4155.216632307678
2633,87.76666666666667,0.11682479231306138,0.582427978515625,0.4376226755249504,2443.4316962514636
2634,87.8,0.10609120331195963,0.582427978515625,0.3624679463780301,1426.3968267511425
2635,87.83333333333333,0.09135839974881074,0.365753173828125,0.3484569826387001,1756.4954172748648
2636,87.86666666666666,0.13726546909105913,0.37713623046875,0.3891078086387509,1670.480848846418
2637,87.9,0.1345483661866145,0.37713623046875,0.3442273432600414,1702.578601976972
2638,87.93333333333334,0.07115780812874485,0.354766845703125,0.34779961565185247,1843.231808374606
2639,87.96666666666667,0.015250030241857324,0.062835693359375,0.4089203963156517,1470.5448521991166
2640,88.0,0.01637148928050311,0.04193115234375,0.3411040524256066,1379.956634057857
2641,88.03333333333333,0.01901824220384089,0.04193115234375,0.350655546166898,1029.1530312306102
2642,88.06666666666666,0.017600884313578504,0.042816162109375,0.22432993831052653,909.9539459474747
2643,88.1,0.015774244692913053,0.042816162109375,0.26014952444217976,896.4352944347446
2644,88.13333333333334,0.013410903738320172,0.03887939453125,0.3514107189963942,993.1151162675335
2645,88.16666666666667,0.017319178184073455,0.0484619140625,0.29785050195243506,780.464459096015
2646,88.2,0.021154996083145305,0.057952880859375,0.3292559596309163,744.6094244546808
2647,88.23333333333333,0.020263475086695557,0.057952880859375,0.284089303129344,694.1102573883815
2648,88.26666666666667,0.016389390409568216,0.041961669921875,0.21644915435611264,729.7450083051662
2649,88.3,0.014510256393642793,0.03924560546875,0.3205736476435878,885.0056671677514
2650,88.33333333333333,0.01620894739227213,0.0401611328125,0.43456724632460664,831.9160359934992
2651,88.36666666666666,0.017459907465528997,0.0401611328125,0.3579613247323439,731.9814476112354
2652,88.4,0.028858377047254496,0.17156982421875,0.45301510672728146,2048.990354616171
2653,88.43333333333334,0.09235395573761922,0.497039794921875,0.6106010854717357,5069.080823120791
2654,88.46666666666667,0.23361616453803014,0.999969482421875,0.6146711907684639,1833.3258826088777
2655,88.5,0.24202780690765527,0.999969482421875,0.4026512251710844,1281.134550549261
2656,88.53333333333333,0.1085599273785412,0.684967041015625,0.4233424236486367,563.394678023789
2657,88.56666666666666,0.04774676005370791,0.255279541015625,0.49009527440194045,1547.4618159631902
2658,88.6,0.13665692614510597,0.563934326171875,0.4316447186273274,688.5350270376535
2659,88.63333333333334,0.162980499121221,0.563934326171875,0.42068214147180955,1644.7998176255273
2660,88.66666666666667,0.1967197928064506,0.73931884765625,0.6442321702569136,4126.2637822478
2661,88.7,0.26382721771243006,0.997406005859375,0.4140493177931697,2793.8853186034544
2662,88.73333333333333,0.2685070819700495,0.997406005859375,0.5349933552500835,1384.9026425378293
2663,88.76666666666667,0.20787057667336228,0.9541015625,0.4173065827069292,1175.1619030525744
2664,88.8,0.09601211607103118,0.39874267578125,0.41972827241137345,1021.3274191007057
2665,88.83333333333333,0.12872597299386618,0.721221923828125,0.7078641282613631,4725.311831917929
2666,88.86666666666666,0.27240563275505647,0.8973388671875,0.6786657432718459,1121.038683147872
2667,88.9,0.2647599508937968,0.8973388671875,0.33834641671118604,1411.333842538745
2668,88.93333333333334,0.14703280683224645,0.415863037109375,0.38982510609330867,1427.7717622799742
2669,88.96666666666667,0.15734208856124926,0.5623779296875,0.5890744281981906,3957.4718557593474
2670,89.0,0.14551459753336338,0.5623779296875,0.3929399349211039,4021.7836536977866
2671,89.03333333333333,0.29142887602730433,0.99908447265625,0.5660131727427357,1643.5627212090922
2672,89.06666666666666,0.2963510957732538,0.99908447265625,0.29783322494401204,1475.6923471837858
2673,89.1,0.2013648725644273,0.777618408203125,0.38215838302678373,1437.5131549265645
2674,89.13333333333334,0.1667743321808917,0.777618408203125,0.33287304210010416,1635.8025400179956
2675,89.16666666666667,0.15933383646327146,0.989349365234375,0.4834551879408646,1872.533043918885
2676,89.2,0.2795831650637618,0.999969482421875,0.4311547995664442,1275.2270968993191
2677,89.23333333333333,0.30213456963169666,0.999969482421875,0.3370277920300483,1478.1931722912395
2678,89.26666666666667,0.2795576806033632,1.0,0.44817383924187904,1966.8731953352312
2679,89.3,0.311780779793112,1.0,0.4509826170735695,3552.870441422388
2680,89.33333333333333,0.36986397290211237,0.98211669921875,0.4651856248670513,1568.2567667596143
2681,89.36666666666666,0.2804048738485704,0.98052978515625,0.47698157495566446,1420.3488717115554
2682,89.4,0.12603062468001766,0.479827880859375,0.4651036215720191,2591.4110078741996
2683,89.43333333333334,0.10150103844876796,0.428497314453125,0.4672665170885372,4715.888987011077
2684,89.46666666666667,0.11393725423461436,0.428497314453125,0.309944268847567,4591.083511632843
2685,89.5,0.09511136543861502,0.402313232421875,0.31849689511440094,4633.20006185876
2686,89.53333333333333,0.16992565537585064,0.7064208984375,0.4663681021808159,2439.4331676051056
2687,89.56666666666666,0.21853120785396649,0.7064208984375,0.3682593496114901,1844.3204733006705
2688,89.6,0.16791730489466297,0.689483642578125,0.3970604028785356,2467.9551775689524
2689,89.63333333333334,0.07715101773968133,0.292266845703125,0.37394768004879575,3734.2708319026747
2690,89.66666666666667,0.0435421519624882,0.132476806640625,0.3054698108555799,3837.4011992112387
2691,89.7,0.041971595252472876,0.16558837890625,0.3158909061386985,3959.8962533409085
2692,89.73333333333333,0.040979740378976434,0.16558837890625,0.28514776346115217,3929.8440161307144
2693,89.76666666666667,0.038201382601963256,0.1461181640625,0.3160058931704002,3835.5999443183814
2694,89.8,0.03196298398801842,0.100189208984375,0.2929423808018355,3603.5003855382975
2695,89.83333333333333,0.03321974002166558,0.1097412109375,0.3208268740714053,3686.546383657016
2696,89.86666666666666,0.0328175492111834,0.122222900390625,0.29059856694955255,3624.571794550064
2697,89.9,0.029369837291751983,0.122222900390625,0.3086206032283938,3472.6971091849928
2698,89.93333333333334,0.033713231421470174,0.154876708984375,0.30920971613189263,3437.3633141977625
2699,89.96666666666667,0.035396114132928695,0.154876708984375,0.32006665633406184,3330.701045695593
2700,90.0,0.031347386585106884,0.130859375,0.354697797481303,3341.6603550932878
2701,90.03333333333333,0.05070386668513897,0.287139892578125,0.3384960630407471,4058.44048913824
2702,90.06666666666666,0.20469849890166664,0.992523193359375,0.3365867636650926,4908.855677353789
2703,90.1,0.4067728888304161,0.999969482421875,0.6187432440905909,1723.578770089833
2704,90.13333333333334,0.43313678671817124,0.999969482421875,0.3337585774988769,943.3008770161046
2705,90.16666666666667,0.42857090455741775,0.8343505859375,0.27090958887434474,886.4401301136502
2706,90.2,0.4802240972667205,0.999969482421875,0.48016390670954157,818.7793394291219
2707,90.23333333333333,0.44787034713332463,0.999969482421875,0.23139234855230684,804.8901127750988
2708,90.26666666666667,0.3021531324953177,0.926483154296875,0.47893357499335687,924.0530300991865
2709,90.3,0.10301702229900185,0.47119140625,0.4688048456318854,2222.6552883054724
2710,90.33333333333333,0.057115130528016596,0.47119140625,0.31600034741282274,2988.4183102435068
2711,90.36666666666666,0.024978277244809968,0.071502685546875,0.32779361828926584,2695.1891182514078
2712,90.4,0.019988767428089683,0.064208984375,0.3053755687779687,3124.036641834835
2713,90.43333333333334,0.016539066858238662,0.053375244140625,0.3258549521281616,2666.030714733476
2714,90.46666666666667,0.017120373921049502,0.041961669921875,0.2902375263814305,2380.2153004078846
2715,90.5,0.018747494222183095,0.0577392578125,0.26921505468307966,1890.332891601543
2716,90.53333333333333,0.015674508876830844,0.0577392578125,0.27037972580571434,1687.2127525652513
2717,90.56666666666666,0.013663615269299182,0.03558349609375,0.33861173601523037,2023.4031276668454
2718,90.6,0.05008237990078638,0.315887451171875,0.4677091169766149,3418.544774192175
2719,90.63333333333334,0.05026975501579606,0.315887451171875,0.22047542985941646,3303.5930115026836
2720,90.66666666666667,0.08764492807757528,0.815673828125,0.3996864326453954,3732.1280320485253
2721,90.7,0.09200424351842239,0.815673828125,0.33345503945741933,3443.2022029779896
2722,90.73333333333333,0.14831748090737554,0.69305419921875,0.37518274696186643,4567.3266082283
2723,90.76666666666667,0.24489764608064316,0.999969482421875,0.31210007042496446,4877.2248753845015
2724,90.8,0.4491452128659401,0.999969482421875,0.8136630118456742,850.9862420296779
2725,90.83333333333333,0.5016621289409469,0.999969482421875,0.48151542475016745,920.5806207418716
2726,90.86666666666666,0.3172661375116694,0.995452880859375,0.4254183698085311,1213.2765623997375
2727,90.9,0.10639648245191723,0.39715576171875,0.5728554185096963,3970.608492086998
2728,90.93333333333334,0.17115057976345666,0.74468994140625,0.33737807891198507,4580.497600135159
2729,90.96666666666667,0.3719382986778307,0.99395751953125,0.5727295331213406,1901.9603449153456
2730,91.0,0.39118184832329084,0.99395751953125,0.4767210635891223,1218.9721287456293
2731,91.03333333333333,0.19330134946458946,0.85430908203125,0.3853064597774357,1532.102473620902
2732,91.06666666666666,0.040738288206673356,0.12933349609375,0.32069596370578524,2578.726340070017
2733,91.1,0.022647872225316595,0.0634765625,0.3594719775377883,3188.620786847098
2734,91.13333333333334,0.02109854237226521,0.064910888671875,0.38128728975046866,3174.633634808042
2735,91.16666666666667,0.020189720510844843,0.064910888671875,0.39048601755926127,3325.310596779161
2736,91.2,0.03327662802867388,0.398162841796875,0.395767707486797,3331.048297345024
2737,91.23333333333333,0.035768941617952126,0.398162841796875,0.2370631599375665,3197.9742417109733
2738,91.26666666666667,0.025804400894892023,0.202789306640625,0.34353889327633247,3270.672220642075
2739,91.3,0.043752115683600684,0.188934326171875,0.3769890115287481,2379.478464982875
2740,91.33333333333333,0.19832079276646766,0.999969482421875,0.4440508231995176,2186.423443795891
2741,91.36666666666666,0.24038744425061714,0.999969482421875,0.47459690449632913,1214.024051181908
2742,91.4,0.10415671479851303,0.556304931640625,0.3683063472296302,2239.851632786079
2743,91.43333333333334,0.057602903219685184,0.323455810546875,0.4373997868408004,2533.336837236303
2744,91.46666666666667,0.20983070176246577,0.9962158203125,0.42400321913785044,1831.612690319176
2745,91.5,0.3913457306344918,0.999969482421875,0.5126968971103044,683.3865195970633
2746,91.53333333333333,0.344694298514683,0.999969482421875,0.5442085780901331,2213.415954921404
2747,91.56666666666666,0.16770871955724576,0.805877685546875,0.42519980733352514,1483.1742981077186
2748,91.6,0.265443519784344,0.999969482421875,0.45036646063938474,1327.0304060337185
2749,91.63333333333334,0.2513602328760993,0.999969482421875,0.29838286437811967,1497.808763248045
2750,91.66666666666667,0.1083872253070053,0.66485595703125,0.4574986367117871,2215.8870181094676
2751,91.7,0.0930345388916731,0.66485595703125,0.3262489266780981,2628.6657516517043
2752,91.73333333333333,0.07064870995531641,0.24853515625,0.5218778585154993,1306.8678845340892
2753,91.76666666666667,0.03308794912536597,0.16168212890625,0.48763251072467195,1807.8092941085263
2754,91.8,0.01271835153928435,0.0396728515625,0.3601467682623858,1887.2150913553066
2755,91.83333333333333,0.009588290669315339,0.031890869140625,0.1959048170453782,1953.952682777694
2756,91.86666666666666,0.01042610495342865,0.0308837890625,0.2704763414436927,1486.0199960452405
2757,91.9,0.012794873260281798,0.033203125,0.3020126990713369,1080.9018501884882
2758,91.93333333333334,0.010974974821640993,0.033203125,0.32117628547440413,1134.1895614548473
2759,91.96666666666667,0.00908001736007573,0.023681640625,0.17954742527886883,1502.621087254187
2760,92.0,0.010395827618639648,0.04052734375,0.3846289155673955,2818.6188969659092
2761,92.03333333333333,0.01400752976237668,0.047698974609375,0.32666228685301346,3140.3591771817783
2762,92.06666666666666,0.019980969751062814,0.0740966796875,0.33994569556163934,3368.6467544796888
2763,92.1,0.2632557640239899,0.999969482421875,0.4648008326905343,2194.077256392693
2764,92.13333333333334,0.4300857275563999,0.999969482421875,0.40576663767868415,1443.3027678630037
2765,92.16666666666667,0.4508606280481181,0.999969482421875,0.39236870007615654,1444.9974125978792
2766,92.2,0.48570225407873513,0.989105224609375,0.24860877098088635,1401.9162724078299
2767,92.23333333333333,0.4931683442896005,0.989105224609375,0.3139859196109049,1552.0547446842709
2768,92.26666666666667,0.3683869145151401,0.9625244140625,0.4657584245845254,1645.8262989167672
2769,92.3,0.19513201988448386,0.8251953125,0.5337217488485426,3903.848054331829
2770,92.33333333333333,0.33674472169297925,0.967864990234375,0.3292194818009007,2910.7291057802618
2771,92.36666666666666,0.3954850073561986,0.967864990234375,0.3179205500829826,2214.84924703947
2772,92.4,0.2819878313640834,0.836212158203125,0.4600717056028063,4221.361605799083
2773,92.43333333333334,0.3520056789439347,0.96612548828125,0.3957493527292209,2865.375685689032
2774,92.46666666666667,0.4532622785485735,0.96612548828125,0.34528146583829783,1746.5710482067607
2775,92.5,0.45942995449752405,0.94476318359375,0.2539840210803763,1854.5025789688734
2776,92.53333333333333,0.49139855489054857,0.974609375,0.24126786284865331,1991.188574089231
2777,92.56666666666666,0.49914734710318565,0.999969482421875,0.35383855122757274,1652.0781857810045
2778,92.6,0.41987627537602334,0.999969482421875,0.4745161683831373,1866.1923566703904
2779,92.63333333333334,0.28321148421305387,0.963409423828125,0.4566264832654799,1936.8499913054318
2780,92.66666666666667,0.2716387584103284,0.973541259765625,0.40440273319516085,1786.7020072055348
2781,92.7,0.3087362603745518,0.999969482421875,0.36503272879060183,1431.85781301726
2782,92.73333333333333,0.3088631174168276,0.999969482421875,0.446271908948788,1162.837996328497
2783,92.76666666666667,0.3030812770289748,0.989776611328125,0.4891741257883997,1381.6714599194531
2784,92.8,0.23491656301153016,0.814056396484375,0.2679516936290343,1484.2159892235347
2785,92.83333333333333,0.1142957455311285,0.53900146484375,0.4370889137730164,2126.318471886112
2786,92.86666666666666,0.02706727040210304,0.12835693359375,0.3192221099643443,3120.120904918733
2787,92.9,0.015954190259021377,0.050811767578125,0.31853344538611594,3628.95758628611
2788,92.93333333333334,0.014765314556035714,0.050811767578125,0.32328303647426726,3650.584779306825
2789,92.96666666666667,0.016242608629495024,0.066131591796875,0.3121223714290297,3434.705999990521
2790,93.0,0.24585411342261226,0.940521240234375,0.5798743179686242,1509.4236629227587
2791,93.03333333333333,0.4460149227918315,0.985137939453125,0.44382220758907914,1032.6293832146025
2792,93.06666666666666,0.4192276896994302,0.985137939453125,0.43303470869434363,784.0830172107244
2793,93.1,0.3429689035099551,0.996185302734375,0.42206767273445206,877.9349283007581
2794,93.13333333333334,0.3826346559932396,0.999969482421875,0.427916044995528,825.3241467279355
2795,93.16666666666667,0.30304986017924324,0.999969482421875,0.5122708748784071,1019.0588775476941
2796,93.2,0.14631590369505848,0.760498046875,0.3670749851509477,993.1577622254965
2797,93.23333333333333,0.13891408360366922,0.638916015625,0.7554695453305549,4704.91348983713
2798,93.26666666666667,0.24365598803109334,0.90557861328125,0.3485288143191869,3986.8944006103734
2799,93.3,0.36233791956064515,0.993560791015625,0.5391539631918839,1474.023604657684
2800,93.33333333333333,0.31183365617681397,0.993560791015625,0.40762935646132015,2524.1033679428137
2801,93.36666666666666,0.30805103281260215,0.999969482421875,0.5005068391915686,4354.856899818617
2802,93.4,0.43676443227062156,0.999969482421875,0.5800987701673537,1630.6494204882126
2803,93.43333333333334,0.35110076670641166,0.988525390625,0.22733892557285618,1533.3878394083924
2804,93.46666666666667,0.1790382152063015,0.690338134765625,0.6075275761862112,4474.732500824661
2805,93.5,0.30170491392537496,0.999969482421875,0.6299690997281104,1586.7866615385315
2806,93.53333333333333,0.351328165476031,0.999969482421875,0.3748034683445221,1118.552627128718
2807,93.56666666666666,0.24531690569024636,0.9769287109375,0.4337651599494788,550.086366960099
2808,93.6,0.2625566107613997,0.999969482421875,0.6390373868210941,844.1547089169275
2809,93.63333333333334,0.30079725657667306,0.999969482421875,0.4608610508432064,1139.8914053019018
2810,93.66666666666667,0.2817761530000548,0.999969482421875,0.7159229215706061,4028.4888908576304
2811,93.7,0.308497584696166,0.936248779296875,0.30877320130109576,4538.9598957868775
2812,93.73333333333333,0.3022398140611552,0.977996826171875,0.3545148888428301,3950.6163767219273
2813,93.76666666666667,0.24045760371221006,0.977996826171875,0.6828628846621397,1143.074385707978
2814,93.8,0.09548549126636376,0.346771240234375,0.39741669252738543,1736.4648365892742
2815,93.83333333333333,0.12384798425384592,0.63995361328125,0.3459565062673144,2674.643780672458
2816,93.86666666666666,0.2785273581487442,0.82611083984375,0.4698162157556809,1377.0692633329086
2817,93.9,0.3721555838697776,0.82611083984375,0.3208496451298063,786.6467893293072
2818,93.93333333333334,0.39740567592057835,0.898773193359375,0.1771626071679618,813.9629514524963
2819,93.96666666666667,0.35655634892125293,0.999969482421875,0.5447948573026582,769.3506418714911
2820,94.0,0.32657459070455874,0.999969482421875,0.34653326208901586,864.3534597798016
2821,94.03333333333333,0.2960880066571487,0.847564697265625,0.5951590084539643,2837.7715081376705
2822,94.06666666666666,0.2603808489156097,0.87603759765625,0.520200615131787,5341.236259031353
2823,94.1,0.20722825293192546,0.87603759765625,0.2994872726621017,5204.882613627487
2824,94.13333333333334,0.15906180491931785,0.553070068359375,0.4275995966008124,3512.691846104618
2825,94.16666666666667,0.21826073771530421,0.631927490234375,0.5520746992918705,1302.7244991860375
2826,94.2,0.22973415228407396,0.546112060546875,0.4107588245387517,771.0924338914634
2827,94.23333333333333,0.1963365051823789,0.478118896484375,0.4922086185146101,650.3430885296225
2828,94.26666666666667,0.12176602641229488,0.3956298828125,0.4052808286926929,343.54044101189714
2829,94.3,0.023570140548691134,0.120819091796875,0.36126581324904405,393.48110387913357
2830,94.33333333333333,0.007792220912805952,0.027587890625,0.29543355501943747,481.29413424326947
2831,94.36666666666666,0.004649653785305305,0.010162353515625,0.2593572993924742,762.5366075999603
2832,94.4,0.004095532905405167,0.009063720703125,0.23388910493385476,778.6111321458736
2833,94.43333333333334,0.003943093882826067,0.007354736328125,0.15038247995172085,840.2754956007021
2834,94.46666666666667,0.0037948206310026308,0.00604248046875,0.1028543171630369,843.8239264060202
2835,94.5,0.00403974708002188,0.006103515625,0.1200013596923563,888.5146640834938
2836,94.53333333333333,0.004123315884763926,0.0062255859375,0.1204493857152956,853.5027075324113
2837,94.56666666666666,0.003970883885243885,0.0064697265625,0.12429621213479214,835.3982145291114
2838,94.6,0.004196558533034741,0.0064697265625,0.13970213149938343,849.058983515139
2839,94.63333333333334,0.00416128836142512,0.00634765625,0.08632948381102752,884.4629623082342
2840,94.66666666666667,0.004109710736422402,0.006744384765625,0.13155061384711322,736.921654495113
2841,94.7,0.004295307101149992,0.006744384765625,0.13824839378877535,850.5864535025803
2842,94.73333333333333,0.013496333158331441,0.09234619140625,0.6356259829947973,1944.8039710149963
2843,94.76666666666667,0.0502091759324706,0.203277587890625,0.3904741513129272,3006.2134081260056
2844,94.8,0.21071670818163596,0.999969482421875,0.4109422942517437,2212.706268915054
2845,94.83333333333333,0.29476451532538805,0.999969482421875,0.42201832707589837,1314.2903191376781
2846,94.86666666666666,0.28596773642278245,0.993011474609375,0.3508763861943152,1219.2731955358913
2847,94.9,0.3039199438452406,0.971466064453125,0.22155348694489496,1036.128986895674
2848,94.93333333333334,0.35421027495436114,0.999969482421875,0.49027027962058434,946.9379031936467
2849,94.96666666666667,0.4429277716289218,0.999969482421875,0.5196394539028261,771.5348375162167
2850,95.0,0.5015382644972163,0.993499755859375,0.5387820920231593,857.9933136312296
2851,95.03333333333333,0.5038618966405685,0.974822998046875,0.42681313298274937,1139.2177261780325
2852,95.06666666666666,0.4158308867311735,0.9366455078125,0.19208417255745075,946.6675039649276
2853,95.1,0.3506941907019514,0.90313720703125,0.3577189576056826,786.5071375234879
2854,95.13333333333334,0.4694260807355266,0.999969482421875,0.5346495552202397,1501.1958615139263
2855,95.16666666666667,0.5144861457375339,0.999969482421875,0.38866602320774746,1825.9454834482544
2856,95.2,0.4651325312655813,0.999969482421875,0.558554222024648,1174.417189198448
2857,95.23333333333333,0.353473746921174,0.981842041015625,0.5749954104110109,2198.4709623257036
2858,95.26666666666667,0.2629758857389133,0.813751220703125,0.5786607580065163,5120.025571553523
2859,95.3,0.2180200060268812,0.802032470703125,0.3366347299274129,4824.799717896998
2860,95.33333333333333,0.24592875764414937,0.854949951171875,0.5033582599380908,2667.296197137503
2861,95.36666666666666,0.3213528963752045,0.854949951171875,0.4852108857587272,1197.7555053722647
2862,95.4,0.35253898721133264,0.81597900390625,0.4980993054942217,709.9337366938884
2863,95.43333333333334,0.38558470883221263,0.859130859375,0.5233550180648925,681.0342987740003
2864,95.46666666666667,0.2981442381917429,0.859130859375,0.4114456992779456,465.73291630856176
2865,95.5,0.11267397471480316,0.361175537109375,0.30621437392869455,309.31744265111405
2866,95.53333333333333,0.023202567094262758,0.059356689453125,0.2682970608867797,349.1377927555437
2867,95.56666666666666,0.007014956794430592,0.023040771484375,0.5336116344853867,644.9576033060439
2868,95.6,0.004103166883779942,0.008331298828125,0.2589091507054911,709.3494273827123
2869,95.63333333333334,0.004063991775828429,0.011932373046875,0.245940257311434,848.1933380473339
2870,95.66666666666667,0.01676645659430209,0.084075927734375,0.6179834628504274,2655.1116385534892
2871,95.7,0.16507607227288545,0.9854736328125,0.4034801571111997,1676.812242410969
2872,95.73333333333333,0.2687693032752212,0.9854736328125,0.3877781796121557,1068.369092459736
2873,95.76666666666667,0.21643242178536795,0.981201171875,0.4445845647221009,1022.7202277292445
2874,95.8,0.087710817526035,0.30902099609375,0.5880231367938,3416.5210217983595
2875,95.83333333333333,0.07986461195573015,0.30902099609375,0.3484399719773657,2736.8653792064506
2876,95.86666666666666,0.09846502121345055,0.596710205078125,0.4442098340594752,4582.264196599783
2877,95.9,0.1074905838580598,0.596710205078125,0.28583969344690097,4234.137167062273
2878,95.93333333333334,0.17261278192097862,0.842987060546875,0.4933667250208241,2297.4310786632923
2879,95.96666666666667,0.31463046687964974,0.900543212890625,0.5217756248769718,1299.3968113588758
2880,96.0,0.3070699087387381,0.900543212890625,0.6672791019458884,4542.594439714822
2881,96.03333333333333,0.29576196364390017,0.999969482421875,0.3600630459025068,3469.2469955012566
2882,96.06666666666666,0.33505439724247704,0.999969482421875,0.4910940392720205,1541.3425889993844
2883,96.1,0.24934594311082905,0.8438720703125,0.4620903811544899,642.7428643913954
2884,96.13333333333334,0.131050480638901,0.40936279296875,0.6356512142088078,3374.80733738218
2885,96.16666666666667,0.061185004191246437,0.246063232421875,0.3703801022185025,2836.646964854739
2886,96.2,0.28248777496753114,0.999969482421875,0.6749131761199124,1031.466643108753
2887,96.23333333333333,0.3669511641607134,0.999969482421875,0.390361313501883,993.6421841148258
2888,96.26666666666667,0.2949994915132414,0.95892333984375,0.5787055960104058,829.6042438276656
2889,96.3,0.21857501793307002,0.933990478515625,0.5179474569408048,572.5500846344245
2890,96.33333333333333,0.12921030080238205,0.354339599609375,0.44627662267831913,417.48022692647044
2891,96.36666666666666,0.1047703490933193,0.288848876953125,0.40571735892677013,515.590061664539
2892,96.4,0.06662771520432349,0.288848876953125,0.32404030649188087,641.7332669294791
2893,96.43333333333334,0.021379777797802736,0.072723388671875,0.47823588273243456,902.4915313987686
2894,96.46666666666667,0.007250583129782505,0.03887939453125,0.37979411936932334,748.7601459293064
2895,96.5,0.0016527789753069554,0.00494384765625,0.4102663183624591,958.0074798431048
2896,96.53333333333333,0.0004314236458908163,0.001617431640625,0.29096904708177307,2002.3796911425707
2897,96.56666666666666,6.815335609676585e-05,0.000335693359375,0.4787786836332124,3805.306015209748
2898,96.6,2.4446441957124166e-05,0.000152587890625,0.28770302782314683,3947.209720938302
2899,96.63333333333334,8.866145280064863e-05,0.000335693359375,0.30929961219681656,3673.6928963314517
2900,96.66666666666667,0.0005439264550542898,0.001617431640625,0.44954211147366974,1921.1513121440275
2901,96.7,0.008522020783256205,0.067474365234375,0.594491857524945,4732.31908390798
2902,96.73333333333333,0.03587616440409756,0.245697021484375,0.3201045851971008,4842.879128916814
2903,96.76666666666667,0.05726533128585082,0.245697021484375,0.32211823458615485,4705.610198507359
2904,96.8,0.29162054128694986,0.999969482421875,0.7154246986261895,1577.3246172994739
2905,96.83333333333333,0.37985326718350765,0.999969482421875,0.3035673786261111,1177.0925189538182
2906,96.86666666666666,0.3625058140841179,0.999969482421875,0.40854326857357504,1568.2707913895706
2907,96.9,0.3330924243719627,0.922271728515625,0.30294283811265693,1732.2599091485404
2908,96.93333333333334,0.29133109072563207,0.7802734375,0.429511538139435,1470.86158203453
2909,96.96666666666667,0.2919081407510499,0.752349853515625,0.41500387476656064,1332.6332525846487
2910,97.0,0.23154629805095886,0.752349853515625,0.2467600484186257,1327.4829952583714
2911,97.03333333333333,0.11967832222641536,0.552490234375,0.31153139300828103,1418.1813965829563
2912,97.06666666666666,0.0356393072715092,0.180694580078125,0.31807369804318303,1780.83967796305
2913,97.1,0.010633640933651258,0.036346435546875,0.38653418819115326,2873.1086326978107
2914,97.13333333333334,0.010648296866932435,0.03533935546875,0.3121328328395537,3025.3788162513574
2915,97.16666666666667,0.012991664817448944,0.045806884765625,0.3125286000149874,3206.555451693848
2916,97.2,0.015343648800958194,0.054595947265625,0.29078889015069564,3229.5703353373237
2917,97.23333333333333,0.020064625508611635,0.07550048828125,0.2916942321027792,3316.32585264385
2918,97.26666666666667,0.025852985668917968,0.100799560546875,0.3033957531578829,3438.676980295578
2919,97.3,0.02996519479206317,0.100799560546875,0.279840028241343,3373.87194635173
2920,97.33333333333333,0.03527694448181908,0.12567138671875,0.2820089627446911,3480.1714799086776
2921,97.36666666666666,0.042787974034805824,0.152862548828125,0.27922498557006775,3569.847628917056
2922,97.4,0.046820316009565134,0.175201416015625,0.28602135030584813,3445.2088371718005
2923,97.43333333333334,0.06025997893290284,0.253692626953125,0.28314232264807615,3514.033246959941
2924,97.46666666666667,0.1758354349473802,0.919036865234375,0.30407724250494417,3991.9407440451446
2925,97.5,0.3320738955695054,0.999969482421875,0.34678215293256054,3269.9877248542034
2926,97.53333333333333,0.3673407978152022,0.999969482421875,0.4926431494513907,1381.481968002344
2927,97.56666666666666,0.31155296857867637,0.76837158203125,0.36347132064883486,1779.0644738844912
2928,97.6,0.3010652827214673,0.935638427734375,0.39827178779446354,3279.874521207694
2929,97.63333333333334,0.4545055759262349,0.9813232421875,0.40907589929535904,2870.3456577060983
2930,97.66666666666667,0.5196872073036869,0.9847412109375,0.3850834966880552,1578.9656057204952
2931,97.7,0.4416846325903224,0.9847412109375,0.5040462832790327,1494.8627358486733
2932,97.73333333333333,0.3102649297944676,0.973907470703125,0.4607100196307515,2049.8412754515584
2933,97.76666666666667,0.1551337018198127,0.4791259765625,0.416903015108747,2771.822478050961
2934,97.8,0.2339652240259289,0.999969482421875,0.3146259586923207,2097.7401564689358
2935,97.83333333333333,0.29827837536222107,0.999969482421875,0.3781427445556439,1713.4205872485843
2936,97.86666666666666,0.24258391865806714,0.923431396484375,0.38524282848656316,2224.693470671533
2937,97.9,0.22446076484763525,0.90325927734375,0.3587733086789951,2548.393939933942
2938,97.93333333333334,0.22283464074024392,0.90325927734375,0.33202986875109375,2842.555903762256
2939,97.96666666666667,0.1861189651892041,0.811614990234375,0.30816859826695714,2462.4051148171875
2940,98.0,0.19332605440045664,0.91754150390625,0.37195985294144496,2594.1723188983337
2941,98.03333333333333,0.2028290272552194,0.91754150390625,0.24978951958053883,2835.753753781219
2942,98.06666666666666,0.2209008666238997,0.956573486328125,0.42755156858046695,1934.4613779320332
2943,98.1,0.211113186561375,0.956573486328125,0.35550807402180706,1755.3430014587864
2944,98.13333333333334,0.12285902195436457,0.48565673828125,0.33747488504779133,1701.2004320991832
2945,98.16666666666667,0.04307212727959847,0.215057373046875,0.4489445565150546,2772.058034393756
2946,98.2,0.021245727827631743,0.106597900390625,0.3469901287552147,3030.7231386764315
2947,98.23333333333333,0.015883711915991364,0.106597900390625,0.33190295475926673,3223.9655548830433
2948,98.26666666666667,0.015335785410209869,0.053009033203125,0.3213935745419517,3089.1719366987354
2949,98.3,0.0216140671770153,0.094085693359375,0.359151673328497,2692.8158605767426
2950,98.33333333333333,0.01952088456520627,0.094085693359375,0.28385853020913154,2979.8613412325367
2951,98.36666666666666,0.013756950188553491,0.046234130859375,0.30091875352980524,2961.6235740257566
2952,98.4,0.016005197554344833,0.064971923828125,0.27842812590358756,3118.7994293232373
2953,98.43333333333334,0.01853487232273277,0.073394775390625,0.3333189949817146,3668.5286549197344
2954,98.46666666666667,0.02302085731719755,0.083282470703125,0.2950107315898022,3566.854831662682
2955,98.5,0.029739525439804924,0.13092041015625,0.2830447627837966,3310.4305392341835
2956,98.53333333333333,0.03839679834151157,0.14501953125,0.3052494316920573,3095.8503289222094
2957,98.56666666666666,0.1588962346185354,0.895965576171875,0.3210219411298221,3110.493196159346
2958,98.6,0.3955078920408032,0.999969482421875,0.5754870683091512,1210.3198714067037
2959,98.63333333333334,0.44487849850695943,0.999969482421875,0.5094122056559448,1028.3892291690527
2960,98.66666666666667,0.335701706836827,0.993560791015625,0.6595517915345113,3896.2849911703092
2961,98.7,0.19935627580386345,0.993560791015625,0.31340631131500185,4394.2788039527895
2962,98.73333333333333,0.24380209482110674,0.650787353515625,0.6263559939231462,1577.084752769832
2963,98.76666666666667,0.2270158962838049,0.650787353515625,0.34935781993545173,1945.918118480738
2964,98.8,0.05473949324300278,0.24761962890625,0.433314850303655,3052.1049439782328
2965,98.83333333333333,0.2321986163186854,0.9954833984375,0.33498849610494175,2763.581624876709
2966,98.86666666666666,0.4003567201439379,0.999969482421875,0.37490649924660335,1729.0286370283477
2967,98.9,0.4181809349438069,0.998382568359375,0.41269049937861085,1117.883616968088
2968,98.93333333333334,0.29446782672846555,1.0,0.5025374255735291,2723.0499074487143
2969,98.96666666666667,0.2639795872655658,1.0,0.43989866288784496,4575.662590725558
2970,99.0,0.403028249269002,0.999969482421875,0.5522699849921217,1953.206962530581
2971,99.03333333333333,0.4147522062711202,0.999969482421875,0.41247298399279636,1004.0620925137893
2972,99.06666666666666,0.32750879016144946,0.82769775390625,0.4865498239894025,1535.0700852183934
2973,99.1,0.30791149938858325,0.83697509765625,0.4964647305916027,1170.0125235153896
2974,99.13333333333334,0.2864246009644328,0.89471435546875,0.4717236205714792,1208.339012499367
2975,99.16666666666667,0.288911846929194,0.930877685546875,0.34102004420713405,1695.817712044013
2976,99.2,0.4046378579629162,0.999969482421875,0.47220077157154294,1425.5885436014794
2977,99.23333333333333,0.432267206419838,0.999969482421875,0.4298549153240323,1592.9082841521922
2978,99.26666666666667,0.34598651633146665,0.97296142578125,0.38499427456047663,1362.4509749671702
2979,99.3,0.2562525687947313,0.904144287109375,0.4549106701739579,3283.056590798102
2980,99.33333333333333,0.2742681498688199,1.0,0.37229715189251067,2143.54497832218
2981,99.36666666666666,0.315664676324192,1.0,0.4809662612082463,917.0693043958161
2982,99.4,0.2773305659598573,0.82281494140625,0.40159873822048264,924.4729510335018
2983,99.43333333333334,0.19573922863223744,0.652801513671875,0.3092362801014636,919.0198905986094
2984,99.46666666666667,0.08544026415228509,0.380401611328125,0.34364320854107466,1270.517071002788
2985,99.5,0.04140323318844926,0.178375244140625,0.36006314945905865,1956.2284985292947
2986,99.53333333333333,0.21706190688584473,0.814910888671875,0.5448023846270221,963.6553094617587
2987,99.56666666666666,0.3781237684071835,0.999969482421875,0.47397635021622686,654.5049871889133
2988,99.6,0.38817192186292165,0.999969482421875,0.3285130061882923,931.7687853983391
2989,99.63333333333334,0.27410829301931305,0.988372802734375,0.5320959521284805,792.4461901888706
2990,99.66666666666667,0.14518361691903234,0.559356689453125,0.41681663953972065,956.4592726440248
2991,99.7,0.08669666199255703,0.40460205078125,0.532819700539807,2988.4177375280865
2992,99.73333333333333,0.07924535636487873,0.39691162109375,0.42896788323552326,4741.412255811098
2993,99.76666666666667,0.06178390971548265,0.253021240234375,0.34431816898311557,4758.795488829188
2994,99.8,0.23237722097374233,0.92474365234375,0.8109074776943291,849.6180031820253
2995,99.83333333333333,0.33297685278291883,0.999969482421875,0.43373365456543034,705.0653958193169
2996,99.86666666666666,0.32783001716353183,0.999969482421875,0.4166434222752693,1065.4507695713185
2997,99.9,0.26415313082905784,0.997955322265625,0.5062317766118867,1247.1006480216615
2998,99.93333333333334,0.1682870021530876,0.9493408203125,0.4484494825774203,1169.8652062495812
2999,99.96666666666667,0.06263666275366003,0.239013671875,0.4530200831022687,778.5765657381307
3000,100.0,0.24787410651486255,0.999969482421875,0.3637074150458475,723.6563168116473
3001,100.03333333333333,0.3309252437198918,0.999969482421875,0.4072985036391734,1149.5750001514684
3002,100.06666666666666,0.3187990977834384,0.959808349609375,0.4830506701307247,1181.5648210602494
3003,100.1,0.2554223837492162,0.766998291015625,0.3504291411051041,921.5796284626397
3004,100.13333333333334,0.11409460258441027,0.37152099609375,0.20635795863375728,537.2759325568392
3005,100.16666666666667,0.02707679257076318,0.071258544921875,0.1652236185862559,325.9547836971585
3006,100.2,0.013663506171689365,0.035308837890625,0.17422882531236952,431.3611642313471
3007,100.23333333333333,0.006065165175880944,0.018524169921875,0.36089863186663634,624.5563021587162
3008,100.26666666666667,0.003487493366614515,0.006134033203125,0.21435674396840054,701.6709791777113
3009,100.3,0.0034724785416121915,0.00579833984375,0.16104433471782248,760.3648106366024
3010,100.33333333333333,0.003701441626551602,0.006195068359375,0.13522301687739496,871.11550998879
3011,100.36666666666666,0.003789243067276596,0.006195068359375,0.13268278672450415,784.4801657399755
3012,100.4,0.0037822569611996666,0.007720947265625,0.18793580926972606,1317.5855169903846
3013,100.43333333333334,0.004897215497665733,0.022125244140625,0.4917856814182815,3431.4343795499585
3014,100.46666666666667,0.006468228688823393,0.022216796875,0.290748106497844,3798.6287361609407
3015,100.5,0.010093459603722951,0.04522705078125,0.300563694164381,4121.950402254453
3016,100.53333333333333,0.015887436787625647,0.0626220703125,0.28338368046264023,3906.364446574018
3017,100.56666666666666,0.02454543714044069,0.093353271484375,0.32442156614963974,3780.5704268869545
3018,100.6,0.027515286037503743,0.093353271484375,0.32256407591615827,4083.6272364106917
3019,100.63333333333334,0.03292850140648868,0.141357421875,0.2793148637853715,4081.9503726718235
3020,100.66666666666667,0.13158706048435692,0.999969482421875,0.37862729616733637,3336.6681748153833
3021,100.7,0.22555839650565343,0.999969482421875,0.4732306203376941,1546.4881740472204
3022,100.73333333333333,0.25014436996993294,0.999969482421875,0.40586112295203536,1618.1154579530698
3023,100.76666666666667,0.21955218381399735,0.9603271484375,0.41166438974475483,2251.375485118251
3024,100.8,0.2747322870716546,1.0,0.5444938354446435,4065.124746211023
3025,100.83333333333333,0.2719413390264964,1.0,0.3349238006551995,4710.427239208622
3026,100.86666666666666,0.23164620020845247,0.88348388671875,0.40643407209544696,3428.8827716312253
3027,100.9,0.32595818601063137,0.998291015625,0.48758424795533595,1594.1287239043695
3028,100.93333333333334,0.2990595009891804,0.998291015625,0.4105479639904865,1289.0866695201728
3029,100.96666666666667,0.15254684120822656,0.767974853515625,0.3719181138256176,1874.4340028706363
3030,101.0,0.05496676743378363,0.326934814453125,0.4162677814593938,3017.9601725723787
3031,101.03333333333333,0.0486928721925182,0.326934814453125,0.29827997206134027,2776.819401686177
3032,101.06666666666666,0.07178058862687745,0.622100830078125,0.33268393874524105,3195.187109723466
3033,101.1,0.07178572880062285,0.622100830078125,0.18241238421740302,3147.2507010814143
3034,101.13333333333334,0.0890231125399247,0.613494873046875,0.3164355797824252,3365.531888225921
3035,101.16666666666667,0.09216379177664943,0.613494873046875,0.2535178703013561,3323.0710413637676
3036,101.2,0.022175704004955804,0.133209228515625,0.3463715209018065,3260.692843835556
3037,101.23333333333333,0.01589929428170068,0.05364990234375,0.28783382787852796,3368.3810963781248
3038,101.26666666666667,0.18789241107686067,0.999969482421875,0.4506393027248778,1956.9679444741237
3039,101.3,0.2954586253110042,0.999969482421875,0.40986250781870787,1496.5502091686865
3040,101.33333333333333,0.32075576393888455,0.996246337890625,0.4298219031030643,1646.0136760522955
3041,101.36666666666666,0.2380760046624041,0.989898681640625,0.35585141090063965,1963.8546149933952
3042,101.4,0.1872016143830046,0.792083740234375,0.6564842781685465,5168.434230293301
3043,101.43333333333334,0.38246501822928375,0.999969482421875,0.6456121634093408,1828.4514002927283
3044,101.46666666666667,0.4317442061482583,0.999969482421875,0.4191659419357997,1555.8999591389113
3045,101.5,0.3476728407993801,0.901885986328125,0.5052010799239677,1559.3590344382899
3046,101.53333333333333,0.3420952920064991,0.901519775390625,0.38912975665470223,1651.4289806267345
3047,101.56666666666666,0.3406259416660286,0.901519775390625,0.34233935480650235,1651.2021155771629
3048,101.6,0.23240498884131447,0.882720947265625,0.4373356762284648,2446.804909902645
3049,101.63333333333334,0.31831352841226945,0.971343994140625,0.32217664129583123,2181.8563410327974
3050,101.66666666666667,0.4222620055183439,0.999969482421875,0.35770860099803214,1519.4820003804468
3051,101.7,0.355830314446632,0.999969482421875,0.49783678081950444,1173.2290342518374
3052,101.73333333333333,0.26071596976203665,0.97503662109375,0.36698814789075274,1044.243988322859
3053,101.76666666666667,0.13181907492330103,0.640106201171875,0.49044288972489214,1632.3150247095568
3054,101.8,0.0507373254489992,0.29248046875,0.35899459497733344,2363.5339825529936
3055,101.83333333333333,0.04951878078377689,0.41900634765625,0.3378836767702687,2922.9996441768585
3056,101.86666666666666,0.0958801495023551,0.653778076171875,0.44470784282872877,2098.4541127510142
3057,101.9,0.2966368961650498,0.999969482421875,0.5753975367666136,1317.7696837022727
3058,101.93333333333334,0.4572455140013309,0.999969482421875,0.3828646610801364,1071.6486560333776
3059,101.96666666666667,0.4857750630717173,1.0,0.43836974932482164,1380.0769712821098
3060,102.0,0.4433214199671416,1.0,0.4178127469530024,1348.7585902163448
3061,102.03333333333333,0.2692075558455113,0.99615478515625,0.4075108690120275,752.2132700079608
3062,102.06666666666666,0.04994182027825963,0.187225341796875,0.4159427222034796,2359.934622146923
3063,102.1,0.18997067449414431,0.67559814453125,0.3920900586275016,1802.6910686638287
3064,102.13333333333334,0.3300443576894089,1.0,0.403100544448581,967.4183592846981
3065,102.16666666666667,0.2798101060480287,1.0,0.42411612306268565,1646.9785891580423
3066,102.2,0.2718857664671244,0.999969482421875,0.4486994124694069,2165.2333756084427
3067,102.23333333333333,0.3597153962411709,0.999969482421875,0.4639621887833695,1171.684964841831
3068,102.26666666666667,0.33205788835785044,0.992279052734375,0.509330555196671,1272.0316940608764
3069,102.3,0.2439922224044645,0.63525390625,0.408281140161891,1469.3837543590369
3070,102.33333333333333,0.16777146834525603,0.6116943359375,0.5518803718581284,2637.3124017544437
3071,102.36666666666666,0.3392846345275884,0.999969482421875,0.5213626925759669,1496.1548832234953
3072,102.4,0.4461822166705113,0.999969482421875,0.30401235299440865,1054.350959922808
3073,102.43333333333334,0.3495223564360416,0.95159912109375,0.31263002610368695,2008.6995512311266
3074,102.46666666666667,0.2431425706854404,0.994171142578125,0.29895287131763326,2640.7031262352066
3075,102.5,0.3258405870024485,0.999969482421875,0.4485131603428056,1582.7980164396129
3076,102.53333333333333,0.33776306364991937,0.999969482421875,0.4517675239658244,1558.1920418726875
3077,102.56666666666666,0.2449133309791069,0.922271728515625,0.4886541318558968,1645.177168988739
3078,102.6,0.1410803429976004,0.50836181640625,0.4015196852176257,2719.555299064688
3079,102.63333333333334,0.05451509552727645,0.218292236328125,0.47489045306277466,3802.8899467990086
3080,102.66666666666667,0.06212322998338454,0.218292236328125,0.3934393633497753,4455.2784915405355
3081,102.7,0.16055568833760372,0.8162841796875,0.34929744384353834,3902.090188034246
3082,102.73333333333333,0.353267541371483,0.997955322265625,0.5664589852201047,1574.213360737343
3083,102.76666666666667,0.38868014639856013,0.997955322265625,0.5037230487480495,1434.602054187295
3084,102.8,0.2191150492355345,0.80181884765625,0.48972946542408236,3939.969728637001
3085,102.83333333333333,0.10851426111328988,0.427642822265625,0.38298289988179934,4481.239733009838
3086,102.86666666666666,0.19754348733448765,0.917877197265625,0.5456441809995307,2165.313049899246
3087,102.9,0.2598400813017838,0.999969482421875,0.37797057971035347,1389.808474448651
3088,102.93333333333334,0.2083815630029905,0.999969482421875,0.3836164422277649,1554.951654424666
3089,102.96666666666667,0.12511108581770267,0.617584228515625,0.34874005516470385,1441.218376965497
3090,103.0,0.05756616982526572,0.161346435546875,0.4446734455945218,2474.010996547389
3091,103.03333333333333,0.0396712671717705,0.132781982421875,0.33531488940491194,2751.435579286856
3092,103.06666666666666,0.048878076222547924,0.25933837890625,0.28723220693169554,2915.9685315533666
3093,103.1,0.041648798875206235,0.25933837890625,0.28712453099819923,2582.9379644049845
3094,103.13333333333334,0.026704176089677595,0.08807373046875,0.33555112478215166,3082.178703437572
3095,103.16666666666667,0.03255006994707751,0.11456298828125,0.2990870394317327,3300.1774258969585
3096,103.2,0.04504907645215385,0.178558349609375,0.2982471278454277,3318.966048203067
3097,103.23333333333333,0.0615438880004055,0.216400146484375,0.27039785621449286,3022.207489414734
3098,103.26666666666667,0.06736039123538805,0.216400146484375,0.2834005618015112,2995.5831383475406
3099,103.3,0.10366821471587252,0.495941162109375,0.28451751997860586,2991.475477715633
3100,103.33333333333333,0.26131269107327226,1.0,0.33217331328771915,2595.2070022971834
3101,103.36666666666666,0.2827620898130222,1.0,0.5445803019411183,1098.6817938307697
3102,103.4,0.14171760424400195,0.800506591796875,0.35531045224367497,1905.221868433763
3103,103.43333333333334,0.26061877447617493,0.983551025390625,0.3769937492736118,1465.3271751975183
3104,103.46666666666667,0.3066033249159662,0.983551025390625,0.3884745867100961,1408.0587060378998
3105,103.5,0.20805247771102162,0.833953857421875,0.37648638408588164,1233.908081593149
3106,103.53333333333333,0.1775591757558832,0.73046875,0.5410011390182952,3227.77303449832
3107,103.56666666666666,0.19876833020926948,0.741180419921875,0.4558781355209604,5296.780591676956
3108,103.6,0.29044626031530285,0.999969482421875,0.4200018299999322,3586.631794386766
3109,103.63333333333334,0.3410017478118676,0.999969482421875,0.5236620446723982,1287.1837805478556
3110,103.66666666666667,0.2683547740254898,0.85198974609375,0.5556583397537884,2960.889138558379
3111,103.7,0.20961114466043196,0.73077392578125,0.4897708898854766,5185.384459201219
3112,103.73333333333333,0.18525274336531633,0.73077392578125,0.3091901818721976,4804.64344324992
3113,103.76666666666667,0.17777911367266677,0.616851806640625,0.5436413203070677,2386.836546500807
3114,103.8,0.2364393500246247,0.761810302734375,0.3682684658395831,1773.1742847827143
3115,103.83333333333333,0.3061635039148994,0.761810302734375,0.4435721455126267,1784.8605620830335
3116,103.86666666666666,0.3242848102500955,1.0,0.5230537620366462,3838.6355564222035
3117,103.9,0.2851637823212448,1.0,0.3701178479709095,4504.693617016438
3118,103.93333333333334,0.3269183911640259,0.999969482421875,0.4813720412990725,2650.6063663006585
3119,103.96666666666667,0.30952428454307596,0.999969482421875,0.4572844740289538,1118.2285035651726
3120,104.0,0.2792446541178371,0.832427978515625,0.5503562099546631,1439.1876060271222
3121,104.03333333333333,0.3427917272774467,0.832427978515625,0.27255081743196274,1241.5547017643576
3122,104.06666666666666,0.3089041902835146,0.80731201171875,0.6538400701087786,4137.493373225562
3123,104.1,0.27905497775682137,0.952423095703125,0.3500914967201362,4800.357485182581
3124,104.13333333333334,0.2504602166994754,0.952423095703125,0.3075488007845124,4563.094337605076
3125,104.16666666666667,0.31127004745987474,0.840362548828125,0.5843351600645517,2066.0702626755756
3126,104.2,0.32393498691779077,0.840362548828125,0.4447298286285641,1434.3982871083128
3127,104.23333333333333,0.17184477235281592,0.63629150390625,0.4370992995785522,2568.001257806351
3128,104.26666666666667,0.26754533883938586,0.99481201171875,0.3880050737663779,1579.8539786383508
3129,104.3,0.4153305060879712,0.99609375,0.30060833053577124,1297.4238507290302
3130,104.33333333333333,0.44358461292819445,0.99609375,0.5130444786327337,1022.0095230769723
3131,104.36666666666666,0.4356212548740333,0.98297119140625,0.25765737506963154,560.4308851803955
3132,104.4,0.3455777110569523,0.758697509765625,0.5217530892411741,653.3839854149993
3133,104.43333333333334,0.1995892257594297,0.681854248046875,0.4655631823932261,814.1328431968698
3134,104.46666666666667,0.08406712289438298,0.275482177734375,0.3113654332653634,1353.754503300987
3135,104.5,0.09613365472424752,0.452392578125,0.2913842250367811,1196.2053659404467
3136,104.53333333333333,0.14673210500398226,0.620452880859375,0.35952595594713044,1414.3007696660134
3137,104.56666666666666,0.1619444368753347,0.620452880859375,0.3469235897902024,1534.0111872978398
3138,104.6,0.17238725661703833,0.48541259765625,0.3473265964197103,1611.0518594553675
3139,104.63333333333334,0.21311779286818722,0.567626953125,0.4198798012050776,1000.6952261345887
3140,104.66666666666667,0.16398125398892296,0.5599365234375,0.45731748103264236,587.4018953401192
3141,104.7,0.046407261178241614,0.171966552734375,0.4053229313901082,395.4366589926657
3142,104.73333333333333,0.006642490523553352,0.02142333984375,0.26050792268998063,511.73415709794256
3143,104.76666666666667,0.0016029211690902912,0.004608154296875,0.33183831144558806,944.8605307332314
3144,104.8,0.0003955991188422562,0.00189208984375,0.34574126386196935,1925.4739260919928
3145,104.83333333333333,1e-06,0.0,0.0,0.0
3146,104.86666666666666,3.137138461427126e-05,0.00018310546875,1.0,3344.7068814733852
3147,104.9,0.00038466439012655915,0.001953125,0.33108208650041293,2737.7620237234873
3148,104.93333333333334,0.00505781594929373,0.06005859375,0.29750798098581804,2536.546676568205
3149,104.96666666666667,0.12798643473833737,0.720062255859375,0.6104925037389805,5013.198305108518
3150,105.0,0.27460136432939725,1.0,0.2940163215237656,5169.7971671840805
3151,105.03333333333333,0.3074094030508944,1.0,0.3163025640147524,4843.220521292677
3152,105.06666666666666,0.31072180195802157,0.999969482421875,0.7414864616610832,1475.1563784234493
3153,105.1,0.3433488336050059,0.8927001953125,0.4748445138495941,1496.098977001141
3154,105.13333333333334,0.38416875941113604,0.99285888671875,0.5385706642320974,1296.2331341066897
3155,105.16666666666667,0.3855349240790874,0.99285888671875,0.5169909819300484,1244.7155945890945
3156,105.2,0.28938544118242715,0.88916015625,0.4824629794118565,1480.0141665385127
3157,105.23333333333333,0.20276174567018146,0.822967529296875,0.5385341890869567,4210.060256097624
3158,105.26666666666667,0.22866236892397265,0.822967529296875,0.39056974447138626,5394.425511546351
3159,105.3,0.18998317417354954,0.805694580078125,0.38017674315010785,4709.308769174043
3160,105.33333333333333,0.19916620176723687,0.692291259765625,0.4417257016681477,2917.0119761580336
3161,105.36666666666666,0.24719140011410234,0.76007080078125,0.4176985882618647,1810.0750914716714
3162,105.4,0.3601485911965407,1.0,0.4869244985599114,1136.8436548946534
3163,105.43333333333334,0.3093337297587964,1.0,0.34912542337260327,820.4772544754178
3164,105.46666666666667,0.03853503237089289,0.098175048828125,0.29611708071092524,804.3198330822721
3165,105.5,0.028421987131437516,0.0694580078125,0.2801551737914519,699.8215045133652
3166,105.53333333333333,0.015961506523219725,0.04669189453125,0.30342384801542355,996.5660793413972
3167,105.56666666666666,0.010705170241249179,0.029510498046875,0.2389943392107801,984.5513732293539
3168,105.6,0.01066221278467802,0.028167724609375,0.22979754905887276,1223.5049673605158
3169,105.63333333333334,0.009458554038616304,0.026275634765625,0.2902541698128799,765.2206940318553
3170,105.66666666666667,0.005339777162889627,0.01263427734375,0.4296345756504212,2076.661693249856
3171,105.7,0.0072696849844826735,0.029998779296875,0.39010736281442676,3021.141016382274
3172,105.73333333333333,0.011454426990105179,0.046844482421875,0.31032007288905894,3282.2569533826163
3173,105.76666666666667,0.01828093822270966,0.07806396484375,0.3010827280128202,3635.0124123029755
3174,105.8,0.03709287720680356,0.196746826171875,0.29471613585821066,3677.0559641001787
3175,105.83333333333333,0.07709342463225144,0.477691650390625,0.310773288449091,3135.454185605078
3176,105.86666666666666,0.3424042890397673,0.999969482421875,0.7005567170560402,1158.3504716286773
3177,105.9,0.376440440234886,0.999969482421875,0.43384439513298934,1278.7590165051533
3178,105.93333333333334,0.18982212364423234,0.9215087890625,0.39862033877677483,2378.4054490461717
3179,105.96666666666667,0.3313283352349986,0.999969482421875,0.4149877975921566,1714.252690471157
3180,106.0,0.4008215037465565,0.999969482421875,0.36108868826930324,1887.136850713722
3181,106.03333333333333,0.26255191761633256,0.999969482421875,0.3857223075890237,1749.3458196350336
3182,106.06666666666666,0.15842260170704106,0.52044677734375,0.38228116437571136,2450.7836963899313
3183,106.1,0.2358763971853497,0.953033447265625,0.3611129505142048,2513.963961246288
3184,106.13333333333334,0.36223324539287977,0.999969482421875,0.45264086367888684,1367.0303443229775
3185,106.16666666666667,0.3874695296121212,0.999969482421875,0.30602392960242975,1158.0313355264504
3186,106.2,0.41991944772388606,0.999969482421875,0.34906935241401404,1007.9294095886306
3187,106.23333333333333,0.42852689754755285,0.999969482421875,0.23275193013215906,1045.9917597303413
3188,106.26666666666667,0.27795049966460567,0.999969482421875,0.41632659502515457,1175.9858288720084
3189,106.3,0.13369189757019057,0.597625732421875,0.5573999266875891,3883.538135553331
3190,106.33333333333333,0.16370682708924253,0.612823486328125,0.6267166136879169,947.1896052151078
3191,106.36666666666666,0.1922708851950062,0.495391845703125,0.4714907195840855,714.3415497239388
3192,106.4,0.22183443741393988,0.59271240234375,0.32114213104669853,543.1031434799431
3193,106.43333333333334,0.24140017816811152,0.689239501953125,0.4906104878809357,1022.0700206005577
3194,106.46666666666667,0.27165963177399916,0.98565673828125,0.4107984543455702,1462.0569690118334
3195,106.5,0.29835197862126545,0.98565673828125,0.35912931185231023,1285.3845337701753
3196,106.53333333333333,0.3763261483878929,0.808868408203125,0.536375531491549,1146.1744341983874
3197,106.56666666666666,0.3401565728534336,0.697418212890625,0.35428511070550717,1920.3656428253223
3198,106.6,0.21097774578826398,0.903076171875,0.48119513739408054,3132.9583276336807
3199,106.63333333333334,0.24084180950110864,0.997711181640625,0.47248806825677303,1709.8046811146298
3200,106.66666666666667,0.1766899762871205,0.997711181640625,0.38977301849595414,2494.3191271278656
3201,106.7,0.11796994088209978,0.51275634765625,0.3009434993092194,2736.92030770664
3202,106.73333333333333,0.07759413479407072,0.415771484375,0.3240215321507472,2891.4521963454126
3203,106.76666666666667,0.035062778621834136,0.132904052734375,0.4109585797355143,4076.8057394430275
3204,106.8,0.03083156376431568,0.132904052734375,0.29433194257311235,3996.3286358794967
3205,106.83333333333333,0.047249651143616275,0.503509521484375,0.30490152813666277,3661.2875998138684
3206,106.86666666666666,0.06469419966725243,0.503509521484375,0.34037730668467864,3064.093550268386
3207,106.9,0.06098100049347632,0.314056396484375,0.3412053678703815,2747.5409042008378
3208,106.93333333333334,0.13854131792120394,0.7593994140625,0.31959417480136926,2758.889540042572
3209,106.96666666666667,0.19631712160763404,0.884857177734375,0.34538767729376163,2685.4255080307785
3210,107.0,0.12702953386265592,0.884857177734375,0.3472360210649742,3628.6947385727094
3211,107.03333333333333,0.03612897772808471,0.131500244140625,0.36244465072534454,2841.19158011948
3212,107.06666666666666,0.04667574203514474,0.202545166015625,0.34269578332001904,2120.851314647271
3213,107.1,0.0943036867244112,0.460174560546875,0.3764753358431323,3096.273644074722
3214,107.13333333333334,0.10084878327843344,0.460174560546875,0.2596665910287617,3056.4532263252277
3215,107.16666666666667,0.2390703670031698,0.990936279296875,0.49565449895277497,1921.9258270743298
3216,107.2,0.3112378361310538,0.990936279296875,0.24077761549200477,2116.3154466656415
3217,107.23333333333333,0.2926902989585025,0.7655029296875,0.4351443024502105,1694.428495188146
3218,107.26666666666667,0.24935523357637485,0.7823486328125,0.4797756216341299,4012.4957002051906
3219,107.3,0.2990628536436309,0.999969482421875,0.3540685292302087,3392.736023319449
3220,107.33333333333333,0.3981705162196406,0.999969482421875,0.43128530820258026,1746.6961359839465
3221,107.36666666666666,0.384929965508679,0.999969482421875,0.35393075179710476,1477.457921920237
3222,107.4,0.2825970113910687,0.97314453125,0.3866773078000305,2440.616749779919
3223,107.43333333333334,0.19818401940623914,0.7764892578125,0.38369785705910303,2599.524520449721
3224,107.46666666666667,0.24504945351237165,0.96441650390625,0.3713996038165616,1978.1301720379952
3225,107.5,0.2599599121241723,0.96441650390625,0.3756002373996178,1589.4284158125977
3226,107.53333333333333,0.18297222150976644,0.9605712890625,0.49630808672652743,3222.0190671746514
3227,107.56666666666666,0.09001383880844292,0.287078857421875,0.33029795748878243,2622.3263898383816
3228,107.6,0.09852788441779334,0.350555419921875,0.32154307481928485,2610.339760930342
3229,107.63333333333334,0.1367099506712862,0.81988525390625,0.29439165877235846,2647.4122854878597
3230,107.66666666666667,0.25602018513389674,0.899139404296875,0.392519783643368,1659.9420583038375
3231,107.7,0.3381635388161969,0.99371337890625,0.3406571028592391,1754.7551471682325
3232,107.73333333333333,0.31724551193948797,0.985748291015625,0.4653316248614292,1532.5510959535588
3233,107.76666666666667,0.21811063905954212,0.77130126953125,0.4170976696055906,2192.489645335627
3234,107.8,0.11441060093845458,0.463592529296875,0.3204669949329576,2773.9855637887135
3235,107.83333333333333,0.09569118630171122,0.317352294921875,0.2771968664749921,2886.754426686709
3236,107.86666666666666,0.13221806404231937,0.955780029296875,0.32933014452208564,2747.1264100199182
3237,107.9,0.15675054563016896,0.955780029296875,0.27887148431068853,2829.126447958138
3238,107.93333333333334,0.1260359625231837,0.80426025390625,0.3030683011833448,3191.0730685808626
3239,107.96666666666667,0.06305274418671938,0.2701416015625,0.3445827951532958,2593.5053519265275
3240,108.0,0.06284934671755772,0.220306396484375,0.3162953319519739,3135.724827524792
3241,108.03333333333333,0.08440483269592901,0.4154052734375,0.3267666701287957,2474.371842766817
3242,108.06666666666666,0.20701621669337913,0.996917724609375,0.3911154261537635,1818.394888868014
3243,108.1,0.29138387171039337,0.996917724609375,0.45055856971901925,1505.5035580448998
3244,108.13333333333334,0.2678798537003413,0.999359130859375,0.4539596681231178,1559.7565580401415
3245,108.16666666666667,0.17361073325453924,0.860992431640625,0.3963029931778507,2172.213598577087
3246,108.2,0.1462621743131187,0.860992431640625,0.3180464646639537,2653.828240546012
3247,108.23333333333333,0.3048902643397673,0.96990966796875,0.45972726883158055,1595.7114557660977
3248,108.26666666666667,0.3582046916952616,0.96990966796875,0.35005276817844744,1584.5024913978484
3249,108.3,0.23513925268386132,0.817138671875,0.30883796282897047,1947.150773029202
3250,108.33333333333333,0.23143050511163665,1.0,0.3965895902921731,2950.7474609195046
3251,108.36666666666666,0.2909610884640624,1.0,0.3349055681098685,2761.5011583040946
3252,108.4,0.3169260925248284,0.800994873046875,0.3080765954629595,2393.3248804476057
3253,108.43333333333334,0.30175999459612257,0.893951416015625,0.3448647710892876,3112.6868552133074
3254,108.46666666666667,0.205979779467519,0.893951416015625,0.3646412371616018,3823.8289474980493
3255,108.5,0.15410531991955917,0.678131103515625,0.3930953918653812,2775.618651135581
3256,108.53333333333333,0.22480936907685198,0.682037353515625,0.4646285613885829,1787.1058727694078
3257,108.56666666666666,0.2933741900675088,0.944610595703125,0.3242208456211577,1726.0770688708626
3258,108.6,0.2527385977652722,0.944610595703125,0.35353025619204337,2298.8118649463026
3259,108.63333333333334,0.1599190375371618,0.93096923828125,0.4170338493783157,3614.5148455666845
3260,108.66666666666667,0.2194431991130596,0.999969482421875,0.34279612146817273,3085.6835401082863
3261,108.7,0.34839699460158113,0.999969482421875,0.5145814085719816,1354.0318090816072
3262,108.73333333333333,0.3578899616427586,0.891387939453125,0.27275992457194753,1857.3782793472208
3263,108.76666666666667,0.2770421691688472,0.80047607421875,0.21394536317112656,1760.5501251088037
3264,108.8,0.15291319721628735,0.518829345703125,0.32783884604797486,2378.9416932682284
3265,108.83333333333333,0.0769036030814895,0.243255615234375,0.31951611992337076,2497.532909441468
3266,108.86666666666666,0.07568652920440043,0.239898681640625,0.2953561930008948,2630.011423731617
3267,108.9,0.07443168423063537,0.24810791015625,0.2780448662329057,2616.829237740672
3268,108.93333333333334,0.06934707330273124,0.24810791015625,0.2957567610809957,2581.339364157815
3269,108.96666666666667,0.07157758835060142,0.24822998046875,0.2878941870701289,2770.733129684208
3270,109.0,0.07465278996536755,0.24822998046875,0.2948913568063116,2801.095649260993
3271,109.03333333333333,0.09305764183906635,0.462249755859375,0.2919090687764245,2855.7403379041893
3272,109.06666666666666,0.09487896055328175,0.322967529296875,0.2849283020191026,2656.513694611971
3273,109.1,0.09770326674239535,0.332427978515625,0.30800939649273684,2736.7013916124893
3274,109.13333333333334,0.1167318372993149,0.5045166015625,0.3045291893925242,2923.409607151011
3275,109.16666666666667,0.16103781295235176,0.746429443359375,0.3228189654349778,2699.53709531993
3276,109.2,0.3038571686164235,1.0,0.30536567644133605,2487.9630272945897
3277,109.23333333333333,0.3247633822831829,1.0,0.3381143459549149,1824.608614085902
3278,109.26666666666667,0.26055431681186664,0.999969482421875,0.4373303397463232,1418.6310778279778
3279,109.3,0.2782822895933825,0.665924072265625,0.4736362423941771,1266.3657783659264
3280,109.33333333333333,0.2702745053389782,0.872039794921875,0.37297238605579747,2095.089576255237
3281,109.36666666666666,0.24329415289405135,0.872039794921875,0.49326947686670425,4414.9714962037615
3282,109.4,0.2337756594322846,0.810302734375,0.6140955075964369,1416.0217850770305
3283,109.43333333333334,0.1958911629504062,0.69622802734375,0.3648960392095435,1764.3235464130198
3284,109.46666666666667,0.14166889273085437,0.455718994140625,0.31511542378803525,2062.682929968564
3285,109.5,0.10849874020007932,0.42626953125,0.35230455894183715,2672.2201605004357
3286,109.53333333333333,0.14421913224547278,0.833648681640625,0.33262435047763705,3156.6839087235803
3287,109.56666666666666,0.2851633706218606,0.99237060546875,0.46883787454963904,1516.1663577283628
3288,109.6,0.36659824116257034,1.0,0.37896311804104255,1445.2453725092628
3289,109.63333333333334,0.27454674388747885,1.0,0.416081872164445,1692.0293920473457
3290,109.66666666666667,0.16765475463417473,0.610198974609375,0.32583232419963293,2189.62739493259
3291,109.7,0.1474900992607738,0.635498046875,0.2766751049470837,2609.22181050611
3292,109.73333333333333,0.1411010800651884,0.635498046875,0.3192632839937806,2198.032360991973
3293,109.76666666666667,0.24187313194356921,0.974609375,0.3649538626616036,1735.4534594225577
3294,109.8,0.23282440162040993,0.974609375,0.2770453794321236,1822.8080254465096
3295,109.83333333333333,0.10004949443276526,0.41851806640625,0.3715407618794632,2008.2749147017075
3296,109.86666666666666,0.11897162109665815,0.435882568359375,0.39421943354596145,2038.0729924912423
3297,109.9,0.1092705508504468,0.435882568359375,0.3409146061781265,2429.862219437029
3298,109.93333333333334,0.04178470758043526,0.148406982421875,0.3269520837721803,2181.009036237116
3299,109.96666666666667,0.025909772749883164,0.11431884765625,0.3029684549851017,2163.712689399362
3300,110.0,0.01564396465695242,0.0626220703125,0.28284662084452394,2341.980419500972
3301,110.03333333333333,0.013233425399207311,0.044647216796875,0.29038215023346714,2176.0045144750457
3302,110.06666666666666,0.010460681954717211,0.03424072265625,0.3068935817213877,1846.3520141686245
3303,110.1,0.007387149195405868,0.031005859375,0.30757448605823806,1907.5380641454283
