frame,time_s,luma_mean,luma_std,r_mean,g_mean,b_mean,entropy,edge_strength,mad_prev,motion_frac
0,0.0,116.44405107291668,41.72631149304325,127.47381944444444,114.54664930555556,102.76112847222223,7.208146560003586,9.004745497658025,0.0,0.0
1,0.03333333333333333,116.44479409722221,41.724769627599905,127.48277777777778,114.54473958333334,102.76395833333333,7.2082145288518635,9.005048917567969,0.018744212962962963,0.0
2,0.06666666666666667,116.44320308680555,41.72436039463551,127.47925347222223,114.54465277777778,102.75315972222222,7.208143435923297,9.005316372656077,0.008078703703703704,0.0
3,0.1,156.22661345833333,16.223625181989853,179.28473958333333,152.77869791666666,122.48411458333334,5.728078909127801,0.42032096089178717,48.59884259259259,0.8509722222222222
4,0.13333333333333333,156.22661345833333,16.223625181989853,179.28473958333333,152.77869791666666,122.48411458333334,5.728078909127801,0.42032096089178717,0.0,0.0
5,0.16666666666666666,156.2096087013889,16.219738240287132,179.26583333333335,152.76182291666666,122.4714236111111,5.729903049937258,0.4246788798959299,0.044583333333333336,0.0
6,0.2,155.4290613298611,18.203244764332208,178.4660763888889,151.97605902777778,121.79911458333333,5.808488704701368,0.5942479669898999,1.0671122685185186,0.01954861111111111
7,0.23333333333333334,153.4529899201389,23.336397110167198,176.02911458333332,150.10003472222223,120.18913194444444,5.983196538015497,1.044988664901033,3.170283564814815,0.055364583333333335
8,0.26666666666666666,151.12635579166667,27.35004739706067,173.1809722222222,147.86427083333334,118.49798611111112,6.1452518372709255,1.526371062903403,4.778616898148148,0.0881712962962963
9,0.3,148.85345134374998,30.783097210797525,170.31102430555555,145.70130208333333,116.89413194444444,6.277822684459449,2.25151338521083,6.543310185185185,0.12074074074074075
10,0.3333333333333333,148.81109821874998,30.86471590027822,170.22454861111112,145.6663888888889,116.90800347222222,6.292308987547632,2.3934877016960927,0.39950810185185187,0.009380787037037036
11,0.36666666666666664,146.4289069375,34.043064117703864,167.30684027777778,143.35184027777777,115.43263888888889,6.438820369973495,2.9774321133623607,8.202517361111111,0.15574074074074074
12,0.4,144.3723336736111,36.33607657015158,164.44114583333334,141.45871527777777,114.13951388888889,6.560773026871157,3.6540313059437564,10.049988425925926,0.18949074074074074
13,0.43333333333333335,143.19235308333333,37.63655443736144,162.4959027777778,140.42074652777777,113.80618055555556,6.641721768538217,4.310514497069885,11.275318287037036,0.2115914351851852
14,0.4666666666666667,143.1444970138889,37.793570629113816,162.39543402777778,140.38340277777777,113.80911458333334,6.647587493962303,4.449753892371996,0.8177835648148148,0.014108796296296296
15,0.5,141.87252502777778,39.03126726160147,160.44215277777778,139.23647569444444,113.30465277777778,6.7042906136633125,5.170459216914498,12.35240162037037,0.23131365740740742
16,0.5333333333333333,141.8541144548611,39.06853057634577,160.40765625,139.22112847222223,113.30326388888889,6.704798172765241,5.2096683875020915,0.6696006944444445,0.012795138888888889
17,0.5666666666666667,140.73699455555555,39.70798620367407,158.85112847222223,138.14911458333333,113.03321180555555,6.74804542870007,5.642048572013721,12.894149305555555,0.24611689814814816
18,0.6,139.28077006944443,40.44826951928628,156.87944444444443,136.7917534722222,112.11548611111111,6.772538946845084,5.991366894075604,12.60832175925926,0.24659722222222222
19,0.6333333333333333,138.0592284097222,41.083819879176886,155.31776041666666,135.62526041666666,111.35022569444445,6.789053233598043,6.247754023683546,12.069027777777778,0.24833333333333332
20,0.6666666666666666,136.95756902430557,42.130080834714704,153.88303819444445,134.58442708333334,110.62677083333334,6.813195832763281,6.638531161261648,11.547008101851851,0.24490162037037036
21,0.7,136.95776604861112,42.13023149760204,153.88319444444446,134.5846701388889,110.62663194444444,6.813218666161703,6.638610942425482,0.00031828703703703706,0.0
22,0.7333333333333333,136.96092547569444,42.73088330952887,153.9582986111111,134.57006944444444,110.59387152777778,6.84159514838101,7.084591159653874,11.905532407407408,0.24207175925925925
23,0.7666666666666667,137.44549678819442,42.944782144771565,154.5362326388889,135.0675,110.67614583333334,6.861282221394815,7.225608407432055,11.386342592592593,0.22832175925925927
24,0.8,137.4239589375,42.93753729518021,154.54600694444446,135.03180555555556,110.70263888888888,6.864822930023633,7.225943530899318,0.05402199074074074,0.0
25,0.8333333333333334,138.00323402777778,42.78746522674101,155.3059375,135.57348958333333,111.1223263888889,6.862736816745388,7.414617863879476,9.963894675925927,0.20059606481481482
26,0.8666666666666667,138.13790271874998,42.924814721916015,155.3981076388889,135.7306076388889,111.15975694444444,6.883203503762516,7.853471927488622,8.774126157407407,0.1707986111111111
27,0.9,138.0749155625,42.90589079745965,155.32381944444444,135.67239583333333,111.08274305555555,6.884858159959419,7.854906397361328,0.08310185185185186,0.0
28,0.9333333333333333,138.00507274999998,42.84470948015498,155.29756944444443,135.5705034722222,111.20201388888889,6.898678079590132,8.082551771268115,7.707725694444444,0.15810185185185185
29,0.9666666666666667,137.26392613541665,43.20853462508222,154.4137673611111,134.86380208333333,110.53972222222222,6.927379628518866,8.298789989657095,6.669126157407407,0.14197916666666666
30,1.0,135.42488121527776,43.69669841717411,152.543125,133.00847222222222,108.95503472222222,6.980034370011101,8.5911588215472,7.238402777777778,0.13647569444444443
31,1.0333333333333334,125.4804618298611,45.90362432315663,142.28487847222223,123.06225694444444,99.9525,7.317130793049998,9.495450779455847,19.295769675925925,0.36396412037037035
32,1.0666666666666667,125.46405925694444,45.87676312254684,142.30362847222221,123.0321875,99.96796875,7.315747583320049,9.494324276365075,0.0719386574074074,0.0
33,1.1,123.21722432638887,47.03050524853775,139.66960069444445,120.80623263888889,98.65442708333333,7.375065227203007,9.897343687827636,13.423130787037037,0.2455439814814815
34,1.1333333333333333,123.19316556250001,47.00745521333481,139.6535590277778,120.77911458333334,98.63706597222222,7.373043325425289,9.8973866554919,0.05686342592592593,0.0
35,1.1666666666666667,124.44963391319445,48.13029235330312,140.35322916666667,122.13138888888889,100.58404513888888,7.401345385387646,9.908402149013128,15.789027777777777,0.2803935185185185
36,1.2,126.83525962499999,47.59930568805575,143.34260416666666,124.3153125,103.18989583333334,7.373614414817995,9.833761119654694,16.02705439814815,0.27836805555555555
37,1.2333333333333334,127.66303430902778,47.41554824343284,144.42246527777777,125.11194444444445,103.58387152777777,7.3800660899303905,9.954165120009087,14.514971064814814,0.25494791666666666
38,1.2666666666666666,127.65822698958333,47.41329447555291,144.4217361111111,125.10559027777778,103.58237847222222,7.37953576980864,9.95538251646753,0.04255787037037037,0.0
39,1.3,128.19212460069443,46.91537281018721,145.23366319444443,125.54432291666667,104.24027777777778,7.36229695211971,9.936463120081815,13.316903935185184,0.2434837962962963
40,1.3333333333333333,126.69859707638888,46.90978926667838,143.27555555555554,124.13819444444445,103.24899305555556,7.357972419849315,10.033181031397945,14.016203703703704,0.24138310185185186
41,1.3666666666666667,125.41479093055554,47.040505710991226,140.86133680555557,123.0207638888889,103.64571180555555,7.401425518806479,10.136280821996817,14.547256944444445,0.2486863425925926
42,1.4,125.0899829409722,47.53027042606671,139.35619791666667,122.91213541666667,104.65506944444445,7.4328220663735465,10.62557226242389,14.527175925925926,0.25199652777777776
43,1.4333333333333333,125.0896886423611,47.52986728322805,139.35607638888888,122.91161458333333,104.65651041666666,7.432650693245787,10.625942228576093,0.02361111111111111,0.0
44,1.4666666666666666,125.08006522569443,47.52843071890587,139.3439409722222,122.90315972222223,104.64270833333333,7.432743736031522,10.62664351469083,0.017065972222222222,0.0
45,1.5,125.73063198958333,48.19318949535029,139.21901041666666,123.67864583333333,106.339375,7.450362479001392,11.064201241979365,14.628912037037036,0.26171875
46,1.5333333333333334,126.41455329166666,48.156161283064684,139.50803819444445,124.39298611111111,107.88477430555555,7.472786166454759,11.499251308349946,14.526278935185186,0.26828703703703705
47,1.5666666666666667,126.2871345798611,47.78698911076431,138.96263888888888,124.3170486111111,108.47817708333334,7.46549825047361,11.46768954719245,13.880873842592592,0.2608275462962963
48,1.6,126.35225828472221,47.55900070144361,138.7242013888889,124.40317708333333,109.22909722222222,7.457832479581307,11.62962380152055,14.090601851851853,0.2621354166666667
49,1.6333333333333333,126.35041492708334,47.5611660594924,138.71798611111112,124.40307291666667,109.22289930555556,7.457812423285693,11.628755288647284,0.032783564814814814,6.36574074074074e-05
50,1.6666666666666667,127.22999165972223,45.969403893889584,139.79914930555555,125.22864583333333,110.04383680555556,7.4064433874703965,10.373364817580178,14.729525462962963,0.2736284722222222
51,1.7,128.28331416666666,45.296757586364656,141.24354166666666,126.20284722222222,110.729375,7.396238668142548,10.508006170826814,14.444826388888888,0.2744155092592593
52,1.7333333333333334,128.4206600451389,45.04217495731392,141.40789930555556,126.36914930555555,110.50034722222222,7.386449475669828,10.593625111712385,14.951354166666667,0.2756134259259259
53,1.7666666666666666,126.58382391319445,46.158037428958984,139.5197222222222,124.4940625,109.19359375,7.412805175789786,10.772330615753472,16.02132523148148,0.2974826388888889
54,1.8,126.59619723263889,46.2488156947956,139.47427083333332,124.51762152777778,109.26543402777777,7.418126643061446,10.926442563765544,0.46860532407407407,0.010219907407407407
55,1.8333333333333333,126.61554761111108,46.37276931060188,139.43673611111112,124.54699652777778,109.35298611111111,7.425420183016925,11.10090096454759,0.6932696759259259,0.012523148148148148
56,1.8666666666666667,124.94587958333331,47.456201001463526,137.91364583333333,122.76940972222222,108.32072916666667,7.446616179008181,10.981341620583606,15.24322337962963,0.28425925925925927
57,1.9,124.58148896180556,47.974224893143855,137.51256944444444,122.37196180555556,108.39182291666667,7.457423290616201,11.07816341264212,14.834247685185185,0.29151041666666666
58,1.9333333333333333,123.49424738194445,48.330047377950976,136.40083333333334,121.29407986111111,107.28399305555556,7.472274555284246,11.203282062289357,14.913721064814816,0.2935763888888889
59,1.9666666666666666,122.74133870138888,48.379379328213794,135.49664930555556,120.60131944444444,106.38071180555555,7.49246039452648,11.322790765022965,14.079809027777777,0.2875636574074074
60,2.0,122.74060726388888,48.51342327672702,135.4700347222222,120.60472222222222,106.41524305555555,7.49587490319876,11.423341717635685,0.8911921296296297,0.014907407407407407
61,2.033333333333333,122.50524246527777,47.77565248509835,135.33939236111112,120.34133680555556,106.1490798611111,7.492404197841286,11.289622469993471,12.867112268518518,0.2697685185185185
62,2.066666666666667,122.69077068402778,46.49468082696014,135.47595486111112,120.56434027777777,106.10756944444445,7.470039786702511,11.03057825372111,11.851944444444445,0.2607407407407407
63,2.1,123.47688218055555,45.62404897857608,136.25913194444445,121.37147569444444,106.6940625,7.419909426098011,10.867165899066638,11.260578703703704,0.2467650462962963
64,2.1333333333333333,123.47738340972222,45.62292939328193,136.26140625,121.37126736111111,106.69637152777777,7.420108803587402,10.867879674201196,0.016307870370370372,0.0
65,2.1666666666666665,124.11529419791667,45.64644122496394,136.89302083333334,122.03753472222222,107.07192708333334,7.396030044968034,10.864989849648722,10.976238425925926,0.23726273148148147
66,2.2,124.10217083333332,45.64747455091588,136.86359375,122.030625,107.04526041666666,7.395560794968365,10.87196344699949,0.12007523148148148,0.0001388888888888889
67,2.2333333333333334,123.82335934375,46.08758214718471,136.43807291666667,121.75748263888889,107.14229166666667,7.4029419152248215,11.088424299575655,10.222615740740741,0.20903935185185185
68,2.2666666666666666,123.01233951736111,46.32059366471932,134.77529513888888,121.13272569444445,106.99427083333333,7.414498985783795,11.306708896315424,11.654166666666667,0.2195023148148148
69,2.3,121.54091258680556,46.42396368841788,132.34755208333334,119.80368055555556,106.92840277777778,7.426482321244448,11.313991587455778,10.217216435185184,0.20530092592592591
70,2.3333333333333335,119.81486713541666,46.59150521958759,129.56994791666668,118.35131944444444,105.58770833333334,7.432451358766107,11.516604845306391,10.963668981481481,0.21358796296296295
71,2.3666666666666667,119.84488265972222,46.58353229823758,129.618125,118.37442708333333,105.63267361111112,7.432505630176189,11.508895408162,0.12258101851851852,0.00016203703703703703
72,2.4,118.81424242013888,46.43705017381191,128.4557986111111,117.33116319444444,105.11484375,7.423863852419986,11.236124661695333,10.386163194444444,0.21516203703703704
73,2.433333333333333,118.21992812847222,45.796027643076435,128.30682291666668,116.61848958333333,104.38163194444445,7.415251413843626,10.964498097239126,12.442337962962963,0.25052083333333336
74,2.466666666666667,118.21375868055556,45.792948134314905,128.29793402777779,116.61355902777778,104.37119791666667,7.414178464833597,10.963546969043886,0.017725694444444443,0.0
75,2.5,119.24107729861112,45.355688832074975,129.89543402777778,117.50092013888889,105.10595486111112,7.4287524105807865,10.760181903562327,13.042905092592592,0.2618287037037037
76,2.533333333333333,121.3982539513889,45.164013616634,132.65125,119.51291666666667,106.93850694444444,7.423153718625463,10.831595842374938,13.273998842592592,0.2657465277777778
77,2.566666666666667,121.39060688888887,45.16562058942823,132.63463541666667,119.50807291666666,106.92949652777777,7.423517060768225,10.831996313760072,0.05451967592592592,9.259259259259259e-05
78,2.6,124.23866312152778,45.06986660073663,136.06984375,122.23682291666667,109.2304513888889,7.405434454501368,10.84720222421978,13.14191550925926,0.26621527777777776
79,2.6333333333333333,125.93020670833333,44.60491068753726,137.98557291666665,123.88796875,110.66203125,7.406936286145442,10.83277232895987,13.273211805555556,0.26223958333333336
80,2.6666666666666665,126.69758528472222,44.325326425231204,138.87664930555556,124.64376736111112,111.17987847222223,7.395075140825835,10.652579658762543,12.343055555555555,0.24546875
81,2.7,126.70142779166666,44.304947016384304,139.0688715277778,124.63032986111111,110.80019097222223,7.381663333648817,10.599535251052473,11.313148148148148,0.23708333333333334
82,2.7333333333333334,126.67767605902777,44.31719839847697,139.03614583333334,124.61008680555555,110.76810763888889,7.381678391893577,10.604501806859897,0.18671875,0.0003587962962962963
83,2.7666666666666666,125.78662516666665,44.391626077426125,137.93168402777778,123.77571180555556,109.9440451388889,7.384716934710102,10.53689514222727,10.678165509259259,0.22932291666666665
84,2.8,125.77926852430555,44.396112999136655,137.91822916666666,123.77109375,109.92751736111111,7.384692625579985,10.538588402490152,0.02546875,0.0
85,2.8333333333333335,124.87673387499999,44.18902818794126,136.69116319444444,122.89373263888889,109.73123263888888,7.383107503228402,10.363609957504028,10.646741898148148,0.22639467592592594
86,2.8666666666666667,123.61304109722222,44.047165700467396,134.94314236111111,121.70034722222222,109.19723958333333,7.363910917847836,10.048189660600173,9.976903935185184,0.21675925925925926
87,2.9,121.08512558680555,45.277074158017776,131.4025173611111,119.38621527777778,107.53364583333334,7.415089660449739,10.550744632619175,16.191267361111112,0.3463657407407407
88,2.933333333333333,121.08377547916665,45.27826758016839,131.39869791666666,119.38626736111111,107.52567708333333,7.414984984824174,10.552622315794842,0.07398148148148148,3.472222222222222e-05
89,2.966666666666667,122.04053670833333,46.33656670569035,132.5167361111111,120.33069444444445,108.12972222222223,7.466027454048218,10.855704610258698,10.284635416666667,0.23500578703703703
90,3.0,123.20282069097222,46.98277599338148,134.01961805555555,121.47460069444445,108.47112847222222,7.4948853203331485,10.86500216683608,9.800185185185185,0.22196180555555556
91,3.033333333333333,124.89239074305556,47.248370900283405,136.49260416666667,123.03987847222223,109.08506944444444,7.483628043386509,10.996836294742234,10.436741898148147,0.21716435185185184
92,3.066666666666667,125.93165660763887,47.982859707620555,138.31796875,123.96862847222222,108.90434027777778,7.513525968678195,11.019067361426707,10.333489583333334,0.1988946759259259
93,3.1,125.92747774305556,47.97612792078468,138.3124826388889,123.96463541666667,108.90217013888889,7.513900162729029,11.023558577626948,0.13116319444444444,0.00016203703703703703
94,3.1333333333333333,125.90961248263888,47.981317288339284,138.2875173611111,123.94975694444445,108.875625,7.513806313877239,11.026162102781694,0.04553240740740741,0.0
95,3.1666666666666665,125.73331118055555,48.29620880674555,138.8292013888889,123.63800347222222,107.92690972222222,7.521799001685819,10.992596997713235,9.851180555555555,0.18423032407407408
96,3.2,125.1437588888889,48.12258544032402,138.53213541666668,123.02552083333333,106.70324652777778,7.504228060579997,10.823024638466514,9.784311342592593,0.17681712962962962
97,3.2333333333333334,124.61591990277778,47.950302300812304,138.1809548611111,122.47032986111111,105.92616319444444,7.467717560504352,10.570704051330708,8.946938657407408,0.1633101851851852
98,3.2666666666666666,124.58347860416666,47.6772528342166,138.2083159722222,122.45112847222222,105.58647569444445,7.449093207731517,10.457844580886402,8.228773148148148,0.15363425925925925
99,3.3,124.62227679166666,47.66789716337726,138.265,122.48293402777777,105.641875,7.449824457123107,10.458435901691738,0.11043981481481481,0.0
100,3.3333333333333335,125.27313608680554,47.5816691102897,139.10946180555555,123.10065972222222,106.05086805555555,7.445127194514651,10.492839726639954,8.576319444444444,0.14618634259259258
101,3.3666666666666667,126.69065330208335,47.15630052298809,140.75546875,124.47706597222222,107.2028125,7.424158525563172,10.608599532380126,6.682725694444445,0.11695023148148148
102,3.4,126.97072981597222,47.10027751323586,140.98755208333333,124.78432291666667,107.35496527777778,7.4000568685968755,10.665920820562345,5.823391203703704,0.10390046296296296
103,3.433333333333333,126.63043164930555,47.05510930649852,140.7682465277778,124.42307291666667,106.8659375,7.357983142369061,10.853264385068659,6.028101851851852,0.08799768518518518
104,3.466666666666667,126.58785401736111,47.02944720526911,140.72230902777778,124.38295138888888,106.80892361111111,7.356985910722007,10.851203705519847,0.11544560185185185,0.0
105,3.5,126.62156599305555,47.02993692071809,140.78899305555555,124.40494791666667,106.86159722222222,7.3576008598368405,10.851795396812713,0.16248842592592594,1.736111111111111e-05
106,3.533333333333333,125.90437655555554,46.780276233366166,140.03723958333333,123.70432291666667,106.08210069444445,7.326939835237684,10.881562047053198,3.641377314814815,0.06814814814814815
107,3.566666666666667,125.55209543055555,46.53601874604225,139.79817708333334,123.3085763888889,105.82699652777778,7.299458822011563,10.859096805429683,3.1487094907407407,0.05828703703703704
108,3.6,125.34113133680555,46.41934964893835,139.57204861111111,123.10661458333334,105.57151041666667,7.285642913010118,10.845007178180499,2.658611111111111,0.05167245370370371
109,3.6333333333333333,125.38019757291666,46.525707691048524,139.57289930555555,123.15654513888889,105.61548611111111,7.286986041368412,10.822636045889812,1.8664699074074074,0.033761574074074076
110,3.6666666666666665,125.31591314930554,46.54748006070041,139.46449652777778,123.11175347222222,105.48802083333334,7.286149294957783,10.842476811471608,0.2260300925925926,0.0001388888888888889
111,3.7,125.85917432638888,45.652600427854374,140.48338541666666,123.57121527777778,105.46085069444445,7.208806039790076,9.38925041555448,2.777974537037037,0.041533564814814815
112,3.7333333333333334,125.8753548125,45.47292330034578,140.5126388888889,123.58967013888889,105.41600694444445,7.193158975447929,9.4230830024777,0.9920196759259259,0.018721064814814815
113,3.7666666666666666,125.82426345138889,45.29352317170972,140.49168402777778,123.53524305555555,105.30921875,7.174769443214334,9.443302372862341,0.9031192129629629,0.017106481481481483
114,3.8,125.80474082986112,45.30401720845756,140.45878472222222,123.52175347222222,105.26932291666667,7.175455910961421,9.445223478576096,0.05258101851851852,0.0
115,3.8333333333333335,124.73873557638888,45.79997740723006,139.20678819444444,122.48508680555555,104.46036458333333,7.206354373910484,9.777736568587532,1.9335474537037036,0.021770833333333333
116,3.8666666666666667,124.71590611805556,45.815319567257994,139.1743402777778,122.46711805555556,104.41770833333334,7.206318298123238,9.788146164122079,0.10666087962962963,0.0
117,3.9,122.54583636111111,46.35245719587128,136.61682291666668,120.36315972222222,102.73362847222222,7.25456461171738,10.283900901990917,3.888935185185185,0.04112847222222222
118,3.933333333333333,120.53027456944444,46.62339173632972,134.13607638888888,118.43008680555556,101.27072916666667,7.296255061157921,10.58783962677305,5.229299768518518,0.06488425925925925
119,3.966666666666667,117.83670687152778,47.77499775779163,131.15241319444445,115.79508680555556,98.85121527777778,7.329854133503874,10.7815561829885,7.102135416666667,0.09706018518518518
120,4.0,115.91173998611112,48.53822194571978,129.24901041666666,113.87407986111111,96.82352430555555,7.359771072218484,10.837234345397238,8.721128472222222,0.12744212962962964
121,4.033333333333333,115.89067261805555,48.54385455199985,129.2176736111111,113.85734375,96.78979166666667,7.359607324477304,10.839427667254196,0.06745370370370371,0.0
122,4.066666666666666,115.36112662152779,48.35033835019537,129.09633680555555,113.24526041666667,95.87583333333333,7.357129183827425,10.536124308232342,9.782633101851852,0.1544212962962963
123,4.1,116.41925457291667,47.691439652271484,130.54605902777777,114.24845486111111,96.32503472222223,7.345944182242371,10.36662682549464,11.492719907407407,0.17346064814814816
124,4.133333333333334,116.45708732291666,47.70424390637444,130.56996527777778,114.28888888888889,96.37810763888889,7.3466683906821375,10.43711018720666,0.21074652777777778,0.004820601851851852
125,4.166666666666667,117.34480235763888,47.82763852041373,131.56229166666665,115.14614583333334,97.25949652777778,7.330180022961142,10.284770567045308,12.296597222222223,0.19262152777777777
126,4.2,117.64345067013889,48.55629091198061,131.9306076388889,115.43883680555555,97.4120138888889,7.327387583135117,10.38379439486125,11.759450231481482,0.17630208333333333
127,4.233333333333333,117.7044180659722,48.64511968346146,131.97043402777777,115.50300347222222,97.50354166666666,7.3328872692827956,10.462004727199393,0.5193402777777778,0.007291666666666667
128,4.266666666666667,118.48321448958333,49.62674901737413,132.82133680555555,116.25276041666666,98.35767361111111,7.298343357136854,10.82097169506785,12.42170138888889,0.17348958333333334
129,4.3,119.5794154548611,51.112216000731735,133.75604166666668,117.3918923611111,99.50414930555556,7.267237376824504,11.25182883976115,10.886180555555555,0.16124421296296296
130,4.333333333333333,121.04956906250001,52.31241389253999,135.22354166666668,118.81404513888889,101.45760416666667,7.345972371149738,11.703226354701172,7.334299768518519,0.13138310185185184
131,4.366666666666666,122.09230343402777,53.43287177224083,135.95789930555554,119.92057291666667,102.77645833333334,7.459363354987025,11.977600870653898,6.520908564814815,0.12607060185185184
132,4.4,122.13968329166667,53.491907605955234,135.996875,119.96881944444445,102.84,7.46339090120795,12.005411106172858,0.7747569444444444,0.005590277777777777
133,4.433333333333334,122.64385563541666,54.038676192279304,136.20258680555557,120.53213541666666,103.63715277777777,7.4947740027651015,12.05914983026117,10.557025462962963,0.1153125
134,4.466666666666667,122.67097872569445,54.03918015972596,136.23836805555555,120.55526041666667,103.67838541666667,7.495408264901941,12.057310013743923,0.08814814814814814,0.0
135,4.5,123.42446319097223,54.01036385466127,136.65272569444446,121.36963541666667,104.82729166666667,7.501649075082574,12.167401537747928,14.083935185185185,0.13175925925925927
136,4.533333333333333,123.67785059027779,54.39547145794123,136.69822916666666,121.61616319444444,105.76076388888889,7.520315310928688,12.366882422473505,13.41913773148148,0.12956597222222221
137,4.566666666666666,124.40751102777777,55.37649901979053,136.92163194444444,122.50607638888889,106.39371527777777,7.5470818501652435,12.632819800043636,9.104149305555556,0.11065393518518518
138,4.6,124.4550521284722,55.383490768421346,136.9931423611111,122.54465277777778,106.45947916666667,7.546671371687804,12.627515693223412,0.15772569444444445,0.0
139,4.633333333333334,124.43203739583332,55.327755619547226,136.9581423611111,122.54234375,106.26664930555556,7.546126597664662,12.634660394686243,5.09931712962963,0.07951388888888888
140,4.666666666666667,125.03940766319444,55.20290600787438,137.6369097222222,123.11022569444444,107.05494791666666,7.547526672545871,12.70101358486011,3.860445601851852,0.06642361111111111
141,4.7,125.02564179166666,55.11782741439697,137.5532986111111,123.11796875,107.03378472222222,7.546640124972422,12.711214547184543,2.7961863425925926,0.04443287037037037
142,4.733333333333333,125.00701634027777,55.13279239835513,137.5021875,123.11173611111111,106.98805555555556,7.54543927201046,12.726654958320076,1.59765625,0.03222222222222222
143,4.766666666666667,124.96994919791666,55.150267353257924,137.44065972222222,123.08572916666667,106.9134548611111,7.544804266839711,12.73001382050008,0.10357060185185185,0.0
144,4.8,125.01065051041667,55.13428500293546,137.49713541666668,123.11907986111112,106.98052083333333,7.545440433124376,12.728715296335903,0.08149884259259259,0.0
145,4.833333333333333,125.13602286458332,55.159151192751914,137.64809027777778,123.23119791666667,107.16185763888889,7.546348521256849,12.737084515533759,2.0634722222222224,0.04515046296296296
146,4.866666666666666,125.07635083333334,55.2665490034367,137.60694444444445,123.16109375,107.15097222222222,7.54834375775242,12.736858836818628,1.9472511574074074,0.04581597222222222
147,4.9,124.67350893749999,55.48420117983279,137.11690972222223,122.78994791666666,106.69090277777778,7.550414635496291,12.755257401798032,2.0330092592592592,0.04057291666666667
148,4.933333333333334,124.45079247916667,55.395240354830264,136.89559027777779,122.56171875,106.51868055555556,7.550285380793412,12.753999463466538,1.6197685185185184,0.028854166666666667
149,4.966666666666667,124.42488580902777,55.408263313798685,136.86258680555557,122.53890625,106.48302083333333,7.5502853689444,12.75737904573329,0.0819849537037037,0.0
150,5.0,124.44272555208332,55.4031976866772,136.88361111111112,122.55487847222223,106.50998263888889,7.549215103781178,12.761008527762211,0.48891203703703706,0.006765046296296296
151,5.033333333333333,124.12725610069444,55.41102451174253,136.79791666666668,122.17697916666667,106.13633680555556,7.5543546000056185,12.811114841693154,0.5868923611111111,0.006053240740740741
152,5.066666666666666,123.90382484374997,55.30575880744193,136.86789930555557,121.86407986111111,105.93517361111111,7.559753951011157,12.883936559429781,1.064392361111111,0.016770833333333332
153,5.1,122.94480258680555,55.09371276244413,136.81369791666665,120.64996527777778,104.83871527777778,7.583401353653465,13.061808716923252,2.4886168981481482,0.05288194444444445
154,5.133333333333334,122.95434742708333,55.09180284772423,136.82628472222223,120.65828125,104.85147569444445,7.583243925781863,13.063646753505362,0.032609953703703703,0.0
155,5.166666666666667,122.91675370486111,55.101642108475914,136.77928819444443,120.62503472222222,104.79850694444444,7.583642032163285,13.06607718606492,0.06958912037037036,0.0
156,5.2,122.34132446527776,54.9884254669203,136.76376736111112,119.88598958333333,104.19512152777777,7.5994977492248665,13.228046262526536,2.1920023148148147,0.04403356481481482
157,5.233333333333333,121.6497193784722,54.8865792896333,136.48222222222222,119.0787673611111,103.44133680555555,7.6164718597714165,13.392632117258966,2.450920138888889,0.05220486111111111
158,5.266666666666667,121.47354586458331,54.430434404278856,137.00963541666667,118.730625,102.896875,7.597373545660661,12.707888672219934,3.4783969907407406,0.06918402777777778
159,5.3,121.32867830208333,54.40151991591447,137.23244791666667,118.4895138888889,102.62270833333334,7.600056864655864,12.840377379898484,2.9913194444444446,0.06122685185185185
160,5.333333333333333,121.31978978819443,54.39145357328217,137.22546875,118.47612847222223,102.65274305555556,7.601758434476945,12.885427530425497,0.16579282407407409,0.0022453703703703702
161,5.366666666666666,121.38215163194445,54.39705029543226,137.45708333333334,118.50057291666667,102.59232638888889,7.601625632210087,12.944550925677623,3.260133101851852,0.06976851851851852
162,5.4,121.2512288125,54.5782140514875,137.1422048611111,118.41300347222223,102.57362847222223,7.600818197044045,12.996993894533128,3.708009259259259,0.07637731481481481
163,5.433333333333334,121.46056604513889,54.53223614634451,137.2631597222222,118.65911458333333,102.67894097222222,7.596252079020368,12.957241709083586,3.9267534722222224,0.07883101851851852
164,5.466666666666667,121.44979796527777,54.56525287751323,137.24230902777776,118.64586805555555,102.72241319444444,7.601070784658751,13.026474074627632,0.389525462962963,0.006811342592592593
165,5.5,121.58192596874999,54.37532403533475,137.38241319444444,118.80371527777778,102.57628472222223,7.590457832408898,12.941978232687473,4.904658564814815,0.08539351851851852
166,5.533333333333333,121.62846173958333,54.42776755062822,137.44480902777778,118.83715277777777,102.70586805555556,7.5951536632760925,13.0270832729536,0.508912037037037,0.007256944444444444
167,5.566666666666666,122.06422921180554,54.313156411323135,138.05263888888888,119.24380208333334,102.92342013888889,7.588162448706337,13.084285066847922,3.624982638888889,0.06754050925925927
168,5.6,122.1305906284722,54.23793476746667,138.30810763888888,119.2653125,102.87722222222222,7.59119221179933,13.312628400350304,3.0183622685185183,0.06677662037037037
169,5.633333333333334,121.26576925694444,54.351912629069076,137.3386111111111,118.41984375,102.1289236111111,7.601627562843548,13.490790505783853,3.6590046296296297,0.0645949074074074
170,5.666666666666667,120.42715267013888,54.68141810323744,136.26147569444444,117.66649305555555,101.14802083333333,7.602178964864682,13.644852557937664,5.074166666666667,0.07793981481481481
171,5.7,120.34437345486111,54.64463531641754,136.08404513888888,117.63296875,100.85604166666667,7.5997667101301865,13.644479264480069,0.22350115740740742,0.0
172,5.733333333333333,120.24213788194444,54.8087622165506,135.80178819444444,117.56875,100.90730902777777,7.605976289540151,13.709311353778102,3.607476851851852,0.07181712962962963
173,5.766666666666667,120.01808828472221,54.85942982045813,135.48694444444445,117.37960069444445,100.60489583333333,7.604418510449101,13.676433824957947,1.3843229166666666,0.025086805555555557
174,5.8,120.04731963888888,54.857322876291924,135.54237847222223,117.3978125,100.66612847222223,7.603420896173894,13.67588060695996,0.07276041666666666,0.0
175,5.833333333333333,120.0453906388889,54.87622588558164,135.57390625,117.38164930555556,100.70668402777778,7.603101793413439,13.634750572967441,1.2285358796296297,0.02384837962962963
176,5.866666666666666,120.01766771180556,54.87567109581068,135.5259722222222,117.3626388888889,100.65217013888889,7.60317134218268,13.62696895348082,1.1955092592592593,0.020069444444444445
177,5.9,119.99511263888888,54.87320414447077,135.48111111111112,117.34940972222222,100.60291666666667,7.602303985392191,13.625827953042268,0.08640625,0.0
178,5.933333333333334,120.0849238888889,54.87376619926289,135.62645833333335,117.41654513888889,100.75381944444445,7.600810410703521,13.620285868925116,0.7604108796296296,0.01041087962962963
179,5.966666666666667,120.06968336458334,54.90024301593417,135.5663888888889,117.41494791666666,100.73543402777777,7.600840931210168,13.645130126606194,0.8114409722222222,0.011979166666666667
180,6.0,120.11001318402776,54.90283027123918,135.61078125,117.45178819444445,100.79836805555556,7.601730440378248,13.643839218160462,0.5710069444444444,0.007523148148148148
181,6.033333333333333,120.00018936805554,54.91207306246435,135.44217013888888,117.36602430555556,100.62331597222222,7.602330466736234,13.669669719552731,0.6053645833333333,0.004079861111111111
182,6.066666666666666,120.02900479166667,54.910037611305505,135.49256944444446,117.38605902777778,100.67555555555556,7.601903619487329,13.672783290166645,0.07877314814814815,0.0
183,6.1,120.02946097916664,54.92501921448119,135.48729166666666,117.3884375,100.67385416666667,7.601343995173676,13.67690582705912,0.3107696759259259,0.0014756944444444444
184,6.133333333333334,120.03897250694443,54.92385541711817,135.50088541666668,117.39626736111111,100.68800347222222,7.601172059820215,13.677869895652732,0.030144675925925925,0.0
185,6.166666666666667,119.99414529166665,54.93037604518365,135.43532986111111,117.36006944444445,100.61873263888889,7.60180805406326,13.684217925668747,0.20717013888888888,0.0003298611111111111
186,6.2,120.02418201041665,54.92956676026998,135.48303819444445,117.38291666666667,100.6679513888889,7.601821080756483,13.687117968664563,0.12639467592592593,0.0
187,6.233333333333333,119.99668106944443,54.9366840988321,135.44303819444445,117.35977430555556,100.6340798611111,7.6016812551263815,13.690915019101752,0.10523148148148148,0.0
188,6.266666666666667,120.00539574999999,54.936383827490204,135.45770833333333,117.36618055555556,100.648125,7.602336920282665,13.691823966020735,0.04394097222222222,0.0
189,6.3,119.95791041666666,54.93671540042341,135.39958333333334,117.32314236111111,100.58791666666667,7.601376054433614,13.688485756357764,0.1503414351851852,0.00010416666666666667
190,6.333333333333333,119.99744114930556,54.93520203965414,135.46559027777778,117.35215277777777,100.65369791666667,7.602630264994598,13.68560422489378,0.18841435185185185,0.00019675925925925926
191,6.366666666666666,119.96910603819444,54.933395779341055,135.43024305555556,117.32710069444444,100.61348958333333,7.602190435771554,13.687503268969433,0.2038136574074074,0.0002719907407407407
192,6.4,120.17051516666666,54.66220323748444,135.84022569444446,117.49774305555556,100.50550347222222,7.5773506434976525,12.960130593022061,1.0115856481481482,0.011747685185185186
193,6.433333333333334,120.15201663541666,54.66182613557296,135.815,117.48213541666667,100.47817708333334,7.577616781174636,12.962424478922824,0.038217592592592595,0.0
194,6.466666666666667,120.15367567708334,54.661949515338925,135.8199826388889,117.48260416666666,100.48184027777778,7.577881710879513,12.962748681172151,0.016325231481481482,0.0
195,6.5,120.14373918055556,54.66007733025883,135.80911458333333,117.47317708333334,100.46960069444444,7.577524292004554,12.96188754980393,0.030428240740740742,0.0
196,6.533333333333333,120.16538379513888,54.65547270385292,135.84538194444445,117.48857638888889,100.51005208333333,7.577166468515277,12.959060586106318,0.08260416666666667,0.0
197,6.566666666666666,120.13976003124999,54.66271163944904,135.81116319444445,117.46671875,100.47243055555556,7.578218298996421,12.94988652373949,0.2079224537037037,8.101851851851852e-05
198,6.6,120.14882273611111,54.65577447373738,135.8256076388889,117.47350694444444,100.48817708333333,7.577267823509201,12.950618790575643,0.12210648148148148,6.36574074074074e-05
199,6.633333333333334,120.10721186111111,54.644516309106336,135.76894097222223,117.43614583333333,100.44880208333333,7.579638484099327,12.993097503290343,0.09969907407407408,0.0006423611111111111
200,6.666666666666667,153.01801262152776,47.43996856437191,162.71319444444444,151.88859375,135.65741319444444,6.771323704949329,4.70285351739194,64.80628472222222,0.8881712962962963
201,6.7,153.02477498958334,47.48361615985049,162.69864583333333,151.9168923611111,135.51359375,6.7676740117544245,4.771446445383569,0.6324537037037037,0.00629050925925926
202,6.733333333333333,152.99850816319443,47.55083284168778,162.64793402777778,151.89755208333332,135.49069444444444,6.776307672147629,4.917341253047718,0.5533101851851852,0.008344907407407407
203,6.766666666666667,152.98315877083334,47.65009933451269,162.6184201388889,151.88477430555557,135.49157986111112,6.788526048590234,5.061814920435208,0.5783159722222222,0.009594907407407408
204,6.8,152.97407663541665,47.74963227533473,162.61133680555557,151.8684027777778,135.54881944444443,6.801773631610345,5.199946736940538,0.5872916666666667,0.01154513888888889
205,6.833333333333333,151.74735354513888,48.233771466368864,161.48121527777778,150.61868055555556,134.26546875,6.8772018450609895,5.574866525092477,9.571122685185186,0.1817650462962963
206,6.866666666666666,151.73547031249998,48.33590743989032,161.46364583333335,150.6063888888889,134.274375,6.88364656701304,5.680242099837957,0.79046875,0.012459490740740741
207,6.9,151.69883232638887,48.52357372395468,161.4140798611111,150.56977430555557,134.27557291666668,6.891242868245872,5.840675879236402,0.6748900462962963,0.012633101851851852
208,6.933333333333334,150.87703827430556,48.90296193760017,160.72185763888888,149.71631944444445,133.38586805555556,6.952146584754141,6.132437460481816,11.498368055555556,0.2147511574074074
209,6.966666666666667,150.89304325347223,48.94070785428618,160.75116319444444,149.72,133.48479166666667,6.9526897378181225,6.1800410553929535,0.44221064814814814,0.008506944444444444
210,7.0,150.86755129166664,48.95231114323469,160.7136284722222,149.7004340277778,133.4360590277778,6.954798998708279,6.1966266052045444,0.2478125,0.0035243055555555557
211,7.033333333333333,150.87165155208334,48.95305569148508,160.7198611111111,149.70375,133.44164930555556,6.9541490571261635,6.196517690179583,0.008263888888888888,0.0
212,7.066666666666666,150.28809657638885,49.005691798983555,160.22255208333334,149.1051736111111,132.75293402777777,6.9698424322475425,6.231895281446958,10.468778935185185,0.19523148148148148
213,7.1,150.32801848958334,49.00266159421345,160.2800173611111,149.1351388888889,132.8398263888889,6.96987615409248,6.232635212815523,0.13789930555555555,4.6296296296296294e-05
214,7.133333333333334,150.3062800034722,49.006697963670106,160.25461805555557,149.11553819444444,132.80769097222222,6.969484491734032,6.234681803128083,0.04564236111111111,0.0
215,7.166666666666667,149.87151464930554,49.25685939302172,159.83416666666668,148.686875,132.27032986111112,6.985238906734045,6.278578075352349,11.61791087962963,0.2175173611111111
216,7.2,149.86595276388888,49.2609805554015,159.82605902777777,148.68282986111112,132.25723958333333,6.98570769290404,6.278284920708238,0.015486111111111112,0.0
217,7.233333333333333,149.88837579513887,49.25562326839302,159.86336805555555,148.69743055555554,132.31331597222223,6.985727754918323,6.2769427588456805,0.05655092592592593,0.0
218,7.266666666666667,149.8847327083333,49.252935639974275,159.85399305555555,148.69619791666668,132.30267361111112,6.985952009822993,6.275231226144852,0.07703703703703704,2.3148148148148147e-05
219,7.3,149.65333039236108,49.11563089566411,159.65715277777778,148.45328125,132.08355902777777,6.984853228855757,6.275193016653969,12.290873842592593,0.23883680555555556
220,7.333333333333333,149.62045539583332,49.132432489401644,159.61256944444443,148.4260763888889,132.02899305555556,6.986260127316941,6.276578395234492,0.12814814814814815,8.680555555555556e-05
221,7.366666666666666,149.63375161111108,49.13453500083028,159.64234375,148.43151041666667,132.07164930555555,6.987394543484049,6.276917904329244,0.06717013888888888,0.0
222,7.4,150.15519840972223,49.13119469785848,160.02154513888888,148.97456597222222,132.79789930555555,6.963861051878473,6.174163533836973,12.668449074074074,0.24313657407407407
223,7.433333333333334,150.16087424305556,49.132908348534,160.02817708333333,148.97949652777777,132.80814236111112,6.963112897369481,6.175198722537696,0.011481481481481481,0.0
224,7.466666666666667,150.1381715798611,49.12269947525706,159.99005208333332,148.9637326388889,132.76211805555556,6.9628069370199235,6.177796519082172,0.04183449074074074,0.0
225,7.5,150.15158344097222,49.121717816124324,160.02625,148.96755208333335,132.8034548611111,6.960449866168612,6.177422865305433,0.14863425925925927,4.6296296296296294e-05
226,7.533333333333333,150.81191658680552,48.63465889608038,160.67447916666666,149.6326736111111,133.45199652777777,6.951195589337903,6.050869462250369,11.743802083333334,0.23229166666666667
227,7.566666666666666,150.81964111458333,48.63478140644281,160.68557291666667,149.63895833333333,133.4640625,6.951519653843391,6.051234861829867,0.023530092592592592,0.0
228,7.6,150.77684972569443,48.63708594793194,160.62836805555557,149.60335069444446,133.39255208333333,6.950808424745629,6.052206636349407,0.11443865740740741,0.0
229,7.633333333333334,151.57363397916666,48.41423155652466,161.44635416666668,150.39506944444443,134.17708333333334,6.92827873282056,5.875193890187757,11.662256944444444,0.23851851851851852
230,7.666666666666667,151.58506291319443,48.418261772101424,161.44569444444446,150.4115277777778,134.17428819444444,6.927317389424725,5.87290695165146,0.05306134259259259,0.0
231,7.7,151.59206733333332,48.41647205255736,161.4540625,150.41784722222224,134.1840625,6.926795732411511,5.872966039687352,0.02720486111111111,0.0
232,7.733333333333333,151.55728418055554,48.425488349075486,161.40519097222221,150.38861111111112,134.13581597222222,6.9275868718802,5.876594963317922,0.11960648148148148,3.472222222222222e-05
233,7.766666666666667,152.17607603124995,48.59201790949814,162.02927083333333,151.00526041666666,134.76026041666665,6.898639234861086,5.809831682894612,12.326608796296297,0.25079282407407405
234,7.8,152.18639356944445,48.592441723408264,162.04571180555556,151.01251736111112,134.78286458333332,6.898682027309698,5.807368333127801,0.03318865740740741,0.0
235,7.833333333333333,152.15106493402777,48.60708629476901,161.99770833333332,150.98206597222222,134.73654513888889,6.899920536102218,5.811332295072546,0.10544560185185185,5.787037037037037e-06
236,7.866666666666666,155.14600289930559,47.204388863088305,164.93510416666666,153.97583333333333,137.9125173611111,6.800428816112555,5.732610988539557,12.490364583333333,0.24388888888888888
237,7.9,155.24666903819443,47.241579477418746,165.01265625,154.08508680555556,137.99618055555555,6.7955292145151605,5.731441727748127,0.11612847222222222,0.0
238,7.933333333333334,155.2862592222222,47.24780613599533,165.05397569444443,154.12319444444444,138.04536458333334,6.796127944339776,5.731229043322237,0.0584375,0.0
239,7.966666666666667,155.26087151736112,47.259027021047224,165.01197916666666,154.10493055555557,137.99831597222223,6.796290740887475,5.734130309442552,0.13159143518518518,2.8935185185185186e-05
240,8.0,156.92861679166666,46.51871889378122,166.77755208333335,155.73046875,139.79609375,6.742604723250222,5.617926041294519,11.001215277777778,0.21445601851851853
241,8.033333333333333,156.91622486805556,46.51064261563562,166.74234375,155.72649305555555,139.76751736111112,6.740178980599035,5.616674310749811,0.04700810185185185,0.0
242,8.066666666666666,156.97348424305554,46.50863906065713,166.82984375,155.7707638888889,139.8643923611111,6.735232226401086,5.609567882181596,0.19701388888888888,8.101851851851852e-05
243,8.1,158.3395470486111,45.43274320824639,167.84109375,157.30774305555556,140.5821701388889,6.683417784333969,5.492437009002931,11.964097222222222,0.20778935185185185
244,8.133333333333333,158.36754269097221,45.42035419910362,167.88039930555556,157.33043402777778,140.62940972222222,6.6824001418778245,5.489554689785789,0.04567129629629629,0.0
245,8.166666666666666,158.36111672569444,45.42630945367517,167.87151041666667,157.32506944444444,140.6197222222222,6.68189072670641,5.489211291443986,0.014947916666666667,0.0
246,8.2,158.36669112152777,45.424066175610896,167.87722222222223,157.33071180555555,140.62421875,6.681312691145276,5.485932745512824,0.0928298611111111,2.3148148148148147e-05
247,8.233333333333333,158.35006538194443,45.432650479509626,167.8396701388889,157.32270833333334,140.58380208333332,6.67929945395665,5.485629035155056,0.048344907407407406,0.0
248,8.266666666666667,157.37203874305555,46.272745279691826,166.9756076388889,156.29730902777777,139.73946180555555,6.700044392448513,5.40234533210403,8.720086805555555,0.17
249,8.3,157.34339810416665,46.280069462307445,166.94538194444445,156.2695659722222,139.70659722222223,6.700553730074385,5.4034741175626415,0.08396990740740741,4.050925925925926e-05
250,8.333333333333334,153.84325953125,50.515176918796705,162.83015625,152.84381944444445,137.28072916666667,6.735892897817093,5.2736164902784335,6.372928240740741,0.1167824074074074
251,8.366666666666667,153.83120597222222,50.51218336893645,162.81026041666667,152.83508680555556,137.25887152777779,6.735242952491404,5.273070700747239,0.02784722222222222,0.0
252,8.4,153.8743133333333,50.49432881751724,162.8659201388889,152.8723263888889,137.3231423611111,6.736844504905592,5.2691108336233885,0.08578125,0.0
253,8.433333333333334,153.86105941319443,50.49836184821095,162.84987847222223,152.86052083333334,137.30375,6.736393227025754,5.2711638760467565,0.08346643518518519,0.0
254,8.466666666666667,153.85988184722223,50.49520848668611,162.8502777777778,152.85852430555556,137.30604166666666,6.736639634668552,5.273091914832563,0.011956018518518519,0.0
255,8.5,150.64355663541664,53.65629341931421,159.17600694444445,149.69178819444446,134.94696180555556,6.7683429399048975,5.379187676500727,6.903894675925926,0.116875
256,8.533333333333333,150.66593364583332,53.64075975402349,159.21013888888888,149.70802083333334,134.99559027777778,6.769193895524849,5.37820082425585,0.08563657407407407,2.3148148148148147e-05
257,8.566666666666666,150.6350018159722,53.634298551395894,159.17911458333333,149.6772222222222,134.9636111111111,6.769706607339225,5.379709742849657,0.04583912037037037,0.0
258,8.6,149.74637268749996,53.72261499098541,158.48269097222223,148.75286458333332,133.86293402777778,6.748832918887273,4.426703222165792,6.970706018518518,0.11280092592592593
259,8.633333333333333,149.70574905902774,53.71798190922812,158.43401041666667,148.71548611111112,133.8138888888889,6.749645944221933,4.4297311049931745,0.05707175925925926,0.0
260,8.666666666666666,149.72189178472223,53.6940473984311,158.4776736111111,148.71829861111112,133.88104166666668,6.748560552842094,4.438441106655677,0.17285300925925925,0.0006597222222222222
261,8.7,149.68238710069443,53.68530988413143,158.43336805555555,148.68043402777778,133.83942708333333,6.75007840299847,4.441982292404272,0.05908564814814815,0.0
262,8.733333333333333,148.47351294444445,53.849642214108954,157.2499826388889,147.44092013888888,132.85901041666668,6.826808376217369,4.734112951449697,5.2832233796296295,0.09153935185185186
263,8.766666666666667,148.36986643402776,53.8427024466841,157.13616319444444,147.33875,132.77069444444444,6.840089300413849,4.808521580798472,0.23152777777777778,0.0037847222222222223
264,8.8,148.33555687152779,53.85769177716058,157.08237847222222,147.30875,132.75104166666668,6.849505437783458,4.899941947956131,0.2297685185185185,0.006255787037037037
265,8.833333333333334,148.23082169791664,52.767387317013444,156.9898263888889,147.18881944444445,132.76095486111112,6.926345663892217,5.136238087879493,7.37912037037037,0.12214699074074074
266,8.866666666666667,148.18856002083334,52.83071916671886,156.93708333333333,147.14734375,132.74177083333333,6.938061389442032,5.277983743339652,0.5034837962962962,0.009618055555555555
267,8.9,148.14723088888888,52.91399841941307,156.88727430555556,147.10506944444444,132.73477430555556,6.94785538362134,5.424116475817581,0.5471701388888889,0.01074074074074074
268,8.933333333333334,148.12090509374997,53.01428057046477,156.85345486111112,147.07875,132.7304513888889,6.955710228002047,5.563822431906718,0.693744212962963,0.011724537037037037
269,8.966666666666667,145.29141267013887,54.547674656340234,153.97803819444445,144.22220486111112,130.30416666666667,6.973242426769202,5.455760706890714,8.01089699074074,0.13398726851851853
270,9.0,145.27944478125,54.64578620283129,153.9765972222222,144.20015625,130.36105902777777,6.976481726908964,5.569992679475476,0.7750810185185185,0.011973379629629629
271,9.033333333333333,145.16715741666664,54.70593168197164,153.83881944444445,144.0950347222222,130.25284722222221,6.982106514711599,5.643325909278198,0.6385648148148149,0.010844907407407407
272,9.066666666666666,142.79253245486112,57.56560583867228,151.36305555555555,141.72286458333335,128.15171875,6.970682272318003,5.796844051172606,7.36537037037037,0.1380613425925926
273,9.1,142.6972774548611,57.51568533569039,151.24571180555554,141.63611111111112,128.03729166666668,6.974024682586788,5.8038344449509776,0.2455497685185185,0.0030208333333333333
274,9.133333333333333,142.71832503124998,57.516064937835104,151.27578125,141.65244791666666,128.0784375,6.973859770265057,5.8019667954996645,0.042019675925925926,0.0
275,9.166666666666666,142.72079408333332,57.511761353714675,151.27670138888888,141.65545138888888,128.08017361111112,6.974339537048838,5.801159348124497,0.058368055555555555,3.472222222222222e-05
276,9.2,141.9655978888889,58.468363314028274,150.47352430555554,140.90086805555555,127.46019097222222,6.972836170932303,5.903596749206207,4.727534722222222,0.08765046296296296
277,9.233333333333333,141.94844678124997,58.46346547463041,150.45248263888888,140.88557291666666,127.43611111111112,6.973025893560799,5.906137124920827,0.03002314814814815,0.0
278,9.266666666666667,141.9746374375,58.46855878767425,150.49296875,140.90461805555555,127.49098958333333,6.974146725707608,5.901996028173276,0.14015046296296296,3.472222222222222e-05
279,9.3,141.96382553472222,58.23937149986241,150.43161458333333,140.90744791666665,127.49387152777778,6.971569366719677,6.062241025155961,3.5592881944444446,0.04974537037037037
280,9.333333333333334,141.96604920486112,58.237611998156936,150.43449652777778,140.90925347222222,127.49829861111111,6.972344151918505,6.0640198625948365,0.025734953703703704,0.0
281,9.366666666666667,141.93899171527775,58.243799440866134,150.39553819444444,140.8870138888889,127.45855902777778,6.9705651054505005,6.065810998277419,0.04173611111111111,0.0
282,9.4,141.9593732638889,58.23826339037736,150.42409722222223,140.90375,127.49097222222223,6.971184652596049,6.063949472828604,0.0887037037037037,5.208333333333334e-05
283,9.433333333333334,142.21334581944444,58.25677136596299,150.67147569444444,141.15875,127.75418402777778,6.9636904869944,6.236549197146893,3.0511574074074073,0.050462962962962966
284,9.466666666666667,142.21917131249998,58.25377460984275,150.67803819444444,141.1642013888889,127.76154513888889,6.963518488436518,6.23634446530356,0.020196759259259258,0.0
285,9.5,142.18691480902777,58.268296243334525,150.64074652777776,141.13428819444445,127.72090277777778,6.963813781720353,6.238648075451466,0.06971064814814815,0.0
286,9.533333333333333,142.25122272569445,58.20090103191275,150.5651909722222,141.23848958333335,127.801875,6.958607289329349,6.242000580409785,3.638101851851852,0.049039351851851855
287,9.566666666666666,142.07825610763888,58.17209332848236,150.04480902777777,141.19730902777778,127.34645833333333,6.940619876223692,6.232855262199266,0.4388773148148148,0.0
288,9.6,142.0840388298611,58.17204691568687,150.05152777777778,141.20269097222223,127.35345486111112,6.940459716652408,6.232307166450553,0.015358796296296296,0.0
289,9.633333333333333,142.0179914097222,58.14434213460769,149.95902777777778,141.14881944444446,127.2446875,6.937122391869282,6.226902986112935,0.11162037037037037,1.1574074074074073e-05
290,9.666666666666666,141.58760938541667,58.2906608524606,149.55760416666666,140.7045486111111,126.86661458333333,6.948500782231141,6.338530820585453,2.670306712962963,0.043715277777777777
291,9.7,141.5794022673611,58.29215912092989,149.5482638888889,140.69704861111111,126.85473958333333,6.948395206262587,6.338759221849102,0.020057870370370372,0.0
292,9.733333333333333,141.5826974409722,58.29773856712004,149.55267361111112,140.69946180555556,126.86348958333333,6.947604769210409,6.337107983933562,0.05262152777777778,1.736111111111111e-05
293,9.766666666666667,141.35213280555556,58.32126230158017,149.30211805555555,140.4740798611111,126.64045138888889,6.949334326332931,6.291240072836339,2.2077256944444446,0.04101851851851852
294,9.8,141.3784372048611,58.31519553426047,149.33652777777777,140.4965625,126.68074652777777,6.949606954725811,6.288985000941314,0.0415625,0.0
295,9.833333333333334,141.36861229166666,58.3178888449891,149.32338541666667,140.48791666666668,126.66901041666667,6.949622903018467,6.289852259194356,0.023952546296296295,0.0
296,9.866666666666667,141.3701495451389,58.318065514023715,149.32536458333334,140.48944444444444,126.66934027777778,6.950178029156771,6.285367473829876,0.05831597222222222,0.00013310185185185186
297,9.9,141.35383017708335,58.32350808513149,149.30277777777778,140.47569444444446,126.64602430555556,6.949544950743354,6.287931077344797,0.029837962962962962,0.0
298,9.933333333333334,141.09200277777776,58.41029491175424,149.04899305555554,140.20961805555555,126.40260416666666,6.950546370666645,6.43799001209358,2.3041145833333334,0.044814814814814814
299,9.966666666666667,141.06829214930553,58.42380983285013,149.02512152777777,140.1862326388889,126.37614583333334,6.951897617277553,6.437433648142229,0.05806712962962963,9.259259259259259e-05
300,10.0,140.75843183680556,58.545257899827654,148.6976388888889,139.88145833333334,126.06779513888888,6.961959611538927,6.498168167255779,1.8456886574074074,0.034340277777777775
301,10.033333333333333,140.74386300694442,58.557405470359306,148.67734375,139.86939236111112,126.04529513888889,6.960063708987419,6.4996892705675995,0.027164351851851853,0.0
302,10.066666666666666,140.7685103611111,58.552090814730526,148.71034722222223,139.88993055555557,126.08604166666667,6.960864821675744,6.4986005924048555,0.05564236111111111,0.0
303,10.1,140.7522169548611,58.556735088155435,148.6917013888889,139.87465277777778,126.06661458333333,6.9605082907097255,6.49839869284798,0.06148726851851852,2.8935185185185186e-05
304,10.133333333333333,140.75516337152777,58.55752953484084,148.6951736111111,139.87729166666668,126.07105902777778,6.960761092086305,6.4987553213208695,0.009467592592592593,0.0
305,10.166666666666666,140.56846429513888,58.62574065386431,148.50177083333332,139.69345486111112,125.87574652777778,6.959848163131063,6.5250803367005386,1.3307349537037036,0.027042824074074073
306,10.2,140.59918729166668,58.615061152096686,148.54217013888888,139.71921875,125.92710069444445,6.959399991094397,6.517874947475502,0.11090856481481481,0.0001099537037037037
307,10.233333333333333,140.5842432534722,58.62531933635738,148.52574652777778,139.70512152777778,125.908125,6.959764324827294,6.518736618364704,0.03300347222222222,0.0
308,10.266666666666667,140.3576915798611,58.73088095072087,148.28793402777777,139.48284722222223,125.67236111111112,6.963174839853659,6.488717083155165,1.7757233796296297,0.03
309,10.3,140.34040044791666,58.7442363918121,148.26527777777778,139.46826388888888,125.64404513888888,6.962786957200617,6.491796300086079,0.03460648148148148,0.0
310,10.333333333333334,140.36969703472224,58.735167652473706,148.30006944444443,139.49473958333334,125.68510416666666,6.962401999681591,6.489212250497534,0.09184027777777778,0.00011574074074074075
311,10.366666666666667,140.3574218611111,58.740251329434535,148.2864409722222,139.48302083333334,125.67130208333333,6.962758764685475,6.490981517051778,0.027135416666666665,0.0
312,10.4,140.4798062361111,58.57775289660976,148.3936111111111,139.60831597222221,125.80965277777777,6.971236322151106,6.664875556973,2.3645081018518517,0.04344328703703704
313,10.433333333333334,140.44675416666666,58.58947350389023,148.35661458333334,139.57706597222221,125.77036458333333,6.971263560966355,6.666572736292441,0.06646990740740741,5.787037037037037e-06
314,10.466666666666667,140.46055219791666,58.584783524071,148.37807291666667,139.58788194444443,125.79114583333333,6.970649885767584,6.66429256852198,0.04162037037037037,0.0
315,10.5,140.71074752083334,58.276793239846754,148.64182291666665,139.8322222222222,126.05942708333333,6.966531896464163,6.648591111780611,2.276880787037037,0.03530671296296296
316,10.533333333333333,140.71486455208333,58.27551456204595,148.64694444444444,139.8359375,126.06456597222223,6.9664791815104685,6.648718474077487,0.008998842592592593,0.0
317,10.566666666666666,141.03835199305556,57.75066968054484,149.0921701388889,140.14619791666667,126.16060763888889,6.898890867591766,5.571257508465141,1.1173842592592593,0.016151620370370372
318,10.6,141.02777026041667,57.73828299594277,149.08137152777778,140.1357638888889,126.14920138888888,6.900155742401557,5.604010708867596,0.1292824074074074,0.00046875
319,10.633333333333333,141.33521410763888,57.3852401137883,149.38520833333334,140.44151041666666,126.48407986111111,6.905133081674854,5.785529517403008,2.984380787037037,0.05272569444444444
320,10.666666666666666,141.28102602083334,57.41089623338958,149.30532986111112,140.39289930555555,126.45029513888889,6.914968109986576,5.886796763449973,0.27455439814814814,0.006278935185185185
321,10.7,141.24431323611108,57.44377837732862,149.25815972222222,140.35739583333333,126.43239583333333,6.926014308250238,5.994060992233668,0.3324826388888889,0.007424768518518519
322,10.733333333333333,141.62443407986112,57.16520049781865,149.62696180555557,140.73671875,126.85375,6.939115170326828,6.172267940555258,3.1830439814814815,0.05825810185185185
323,10.766666666666667,141.59255759374997,57.243955700483006,149.58807291666668,140.70255208333333,126.86520833333333,6.95041805197733,6.301311716428637,0.5499768518518519,0.01050925925925926
324,10.8,141.55308639930556,57.338194044543904,149.52935763888888,140.6665798611111,126.84774305555555,6.958213397195514,6.438094149013979,0.6013541666666666,0.01115162037037037
325,10.833333333333334,141.53815785416663,57.42331865781351,149.51663194444444,140.64729166666666,126.86951388888889,6.964664344404087,6.532188032647803,0.8606828703703704,0.011087962962962963
326,10.866666666666667,141.86695028124998,57.18468239362187,149.82835069444445,140.98111111111112,127.19878472222223,6.967205025808488,6.7507688719032695,3.008119212962963,0.05071759259259259
327,10.9,141.89621690277775,57.236949734316276,150.23730902777777,140.84645833333335,127.7337673611111,6.9776919655584555,6.829440719147261,0.95109375,0.009565972222222222
328,10.933333333333334,141.84670446180553,57.281941340297394,150.16965277777777,140.80279513888888,127.67973958333333,6.980848273213176,6.85565000445361,0.4582523148148148,0.008310185185185184
329,10.966666666666667,141.6863998784722,57.38342480508184,149.98664930555555,140.6550347222222,127.46201388888889,6.978078331663578,6.743258140197851,2.934033564814815,0.049693287037037036
330,11.0,141.5767286076389,57.405044029242205,149.80640625,140.57487847222222,127.26777777777778,6.9786464209301915,6.745592221189695,0.18969328703703703,0.0
331,11.033333333333333,141.61134646874999,57.39282394048694,149.87131944444445,140.59612847222223,127.3456076388889,6.9797122243242065,6.742028768637784,0.07575231481481481,0.0
332,11.066666666666666,141.61036545833332,57.39216083019809,149.86899305555556,140.59595486111112,127.34059027777778,6.978894849179296,6.74009592663414,0.08097800925925926,0.00010416666666666667
333,11.1,141.4855665798611,57.45345523258638,149.74833333333333,140.46887152777776,127.22623263888889,6.97481108328965,6.758856606904139,2.5510358796296297,0.04838541666666667
334,11.133333333333333,141.46596906597222,57.45536877030809,149.71178819444444,140.45692708333334,127.18072916666667,6.974179531503109,6.758363758522302,0.043194444444444445,0.0
335,11.166666666666666,141.49165926041667,57.45085752980287,149.75315972222222,140.47586805555557,127.22710069444445,6.974121164435518,6.752986741315705,0.09848958333333334,2.8935185185185186e-05
336,11.2,141.46974380208334,57.33378961545693,149.71109375,140.4611284722222,127.1934375,6.97441541749381,6.6061174720469715,2.5633506944444444,0.050144675925925926
337,11.233333333333333,141.47432748611112,57.33320069920759,149.71678819444443,140.46519097222222,127.19991319444445,6.974662997573883,6.605763812003317,0.009461805555555555,0.0
338,11.266666666666667,141.46167797916667,57.336743656458346,149.69432291666666,140.45694444444445,127.17255208333333,6.974605189399336,6.606240224778974,0.027135416666666665,0.0
339,11.3,141.4755799722222,57.33803647432651,149.71522569444446,140.4673611111111,127.20036458333334,6.975947585962665,6.603803542743584,0.08094907407407408,2.3148148148148147e-05
340,11.333333333333334,140.57854279861112,56.90090516841593,148.67588541666666,139.5907638888889,126.51987847222222,7.020344545843312,7.020005745608659,4.073032407407408,0.07258680555555555
341,11.366666666666667,140.58634289930555,56.90009409244357,148.68364583333334,139.59840277777778,126.5293923611111,7.020459861701203,7.0194492113712,0.019797453703703703,0.0
342,11.4,140.5607498159722,56.90894398988649,148.65064236111112,139.57611111111112,126.49291666666667,7.021437684776651,7.019124986057234,0.07190972222222222,0.0
343,11.433333333333334,135.6130763263889,58.44492683532065,142.89262152777778,134.74951388888888,122.73203125,7.132386456340742,7.673874991817616,8.507609953703703,0.12123842592592593
344,11.466666666666667,135.60605963541664,58.45401470051314,142.88401041666665,134.7432986111111,122.72177083333334,7.132598851588884,7.675014874479237,0.025341435185185186,0.0
345,11.5,135.61185042708334,58.45559260030811,142.89020833333333,134.74890625,122.72817708333334,7.133355510093601,7.675744315173626,0.018315972222222223,0.0
346,11.533333333333333,135.58532551736107,58.462774839249654,142.85944444444445,134.7240798611111,122.69730902777778,7.132687319244347,7.67683161575724,0.12721064814814814,0.00016203703703703703
347,11.566666666666666,135.58148949305556,58.46943163334634,142.8634201388889,134.71682291666667,122.7043576388889,7.133273799745403,7.6765003523453315,0.032609953703703703,0.0
348,11.6,131.92194990277778,59.316100865810924,138.5468576388889,131.14196180555555,120.14067708333333,7.248068674360743,8.917940978115775,11.367557870370371,0.15531828703703704
349,11.633333333333333,131.92708520833332,59.33013478512855,138.56076388888889,131.1435763888889,120.15486111111112,7.2486403118364775,8.917113925330773,0.10324652777777778,4.6296296296296294e-05
350,11.666666666666666,129.26258170138888,59.17273026848441,135.54619791666667,128.52418402777778,118.07428819444445,7.319690445777079,9.312540030530087,12.727135416666666,0.19416087962962963
351,11.7,129.2660373159722,59.17248396443874,135.55123263888888,128.52567708333333,118.09253472222223,7.319464735963016,9.312991133515975,0.024369212962962964,0.0
352,11.733333333333333,129.25212436458332,59.17397739932751,135.53399305555556,128.51361111111112,118.07012152777777,7.319473059435968,9.31315530324374,0.040399305555555556,0.0
353,11.766666666666667,129.29690535763888,59.16463615170577,135.58418402777778,128.5560590277778,118.12208333333334,7.318774835772005,9.30767791087527,0.15211226851851853,0.00013310185185185186
354,11.8,129.2919898125,59.16553438264916,135.5782986111111,128.55151041666667,118.11638888888889,7.318484706960715,9.308864473612424,0.020769675925925928,0.0
355,11.833333333333334,130.66575539930557,59.350669888430424,137.04887152777778,129.89753472222222,119.47989583333333,7.300585552032843,9.481126246763775,14.774537037037037,0.21686921296296297
356,11.866666666666667,130.6445189513889,59.358857965545965,137.02359375,129.8779513888889,119.45418402777777,7.300165184498266,9.484115299666382,0.10232060185185185,1.736111111111111e-05
357,11.9,130.64654006249998,59.35130517807351,137.0352951388889,129.87541666666667,119.47282986111111,7.299569583928554,9.483434407160363,0.05212962962962963,0.0
358,11.933333333333334,131.0820147465278,59.960479552890355,137.56694444444443,130.27942708333333,119.93678819444445,7.236904954233147,9.4447248443219,10.265034722222222,0.1785300925925926
359,11.966666666666667,131.09255705208332,59.95756420826332,137.58203125,130.28815972222222,119.951875,7.236179331198404,9.444467275455139,0.03839699074074074,0.0
360,12.0,130.84179839583334,59.8354461905267,137.6849652777778,129.95225694444446,119.50305555555556,7.231687236444141,9.472799763700259,2.2333622685185186,0.03841435185185185
361,12.033333333333333,130.85335195833332,59.844000248875496,137.7111111111111,129.95876736111111,119.52159722222223,7.231530564990707,9.46910937857736,0.0567650462962963,0.0
362,12.066666666666666,130.13731346180555,60.08598339108177,138.19477430555557,128.93637152777777,118.30763888888889,7.263841476840395,9.61134724433764,5.801672453703704,0.12175347222222223
363,12.1,130.26810068055556,59.74234625236895,139.48586805555556,128.78982638888888,117.76899305555555,7.253094262218474,9.327729615093576,2.0657638888888887,0.029033564814814814
364,12.133333333333333,130.25117124652778,59.74346346684301,139.46364583333335,128.77506944444445,117.74612847222222,7.252815886536287,9.329596680257957,0.03691550925925926,0.0
365,12.166666666666666,131.12453977083334,58.95777323003465,141.77,129.29963541666666,117.85510416666666,7.249693566091821,9.205743771840565,5.083796296296296,0.0886400462962963
366,12.2,131.0149078576389,58.95143927922966,141.65930555555556,129.19213541666667,117.72748263888889,7.248945233752394,9.199118394051768,0.3164178240740741,4.6296296296296294e-05
367,12.233333333333333,131.0069612465278,58.96785292016495,141.6559201388889,129.1826388888889,117.72145833333333,7.248298378098262,9.199536741777848,0.028732638888888887,0.0
368,12.266666666666667,132.16016969791664,57.99581130684663,143.8828472222222,130.08484375,118.19939236111111,7.230164880650445,9.286662253364042,4.59640625,0.05832175925925926
369,12.3,132.7724332048611,57.467325733243925,144.5809201388889,130.6773611111111,118.75458333333333,7.225876014695057,9.278295620196134,6.2755729166666665,0.08806712962962963
370,12.333333333333334,132.80135261458332,57.30656792508628,144.4034201388889,130.74574652777778,119.00038194444444,7.252492044944533,9.559426535378831,5.57427662037037,0.07173032407407408
371,12.366666666666667,132.8654060034722,57.34370416447789,144.70663194444444,130.72024305555556,119.24734375,7.259117734189804,9.56269491428018,0.40585069444444444,1.1574074074074073e-05
372,12.4,131.96580894444446,57.314298155398404,143.74977430555555,129.84328125,118.29213541666667,7.24831870108924,9.597908280932883,6.983553240740741,0.09592592592592593
373,12.433333333333334,131.96958741319443,57.313478270092126,143.76713541666666,129.84239583333334,118.30211805555555,7.248908798316583,9.59886480644494,0.03612268518518519,0.0
374,12.466666666666667,131.95177338541666,57.304995784688,143.73147569444444,129.83272569444443,118.25618055555556,7.247316847020144,9.60022367147564,0.043373842592592596,0.0
375,12.5,131.38949199305554,57.444479606142416,143.12711805555554,129.28463541666667,117.67722222222223,7.2605575591593645,9.437965778327243,4.734172453703704,0.06919560185185185
376,12.533333333333333,132.0245179236111,61.144306141164336,145.3701736111111,129.3621701388889,119.09965277777778,7.254577469567595,9.699800007427749,20.275879629629628,0.4171238425925926
377,12.566666666666666,132.04189883680556,61.14436692357119,145.39623263888888,129.3761111111111,119.12555555555555,7.254338377841416,9.6981950796408,0.04137731481481482,0.0
378,12.6,132.5439305173611,60.48762059174446,146.51503472222223,129.72098958333333,119.36817708333334,7.26044853981366,9.86684563405559,2.5914641203703703,0.04100115740740741
379,12.633333333333333,134.0336949027778,59.55780247867634,148.72826388888888,131.04491319444443,120.37041666666667,7.159799076129584,9.203698307552381,9.228049768518519,0.1596122685185185
380,12.666666666666666,134.02636244791665,59.56466295629786,148.7164236111111,131.03984375,120.35394097222222,7.160199657567976,9.20704189667699,0.03197337962962963,0.0
381,12.7,134.04262235763886,59.5622239554411,148.7436284722222,131.05151041666667,120.38347222222222,7.160443691276979,9.20516047963319,0.04811342592592593,0.0
382,12.733333333333333,133.98760335416665,59.36542399039878,149.0153125,130.9142361111111,120.18125,7.160093640767325,9.331391512449189,3.115740740740741,0.047453703703703706
383,12.766666666666667,134.0174100625,59.39972756335979,149.2542361111111,130.89916666666667,120.03982638888888,7.164158274744757,9.577283937451718,5.627025462962963,0.10056712962962963
384,12.8,134.00913246875,59.40317182653261,149.240625,130.8932986111111,120.02338541666667,7.164050340724022,9.579036837623491,0.025792824074074076,1.1574074074074073e-05
385,12.833333333333334,133.92077066319445,59.428361305354755,149.2679861111111,130.77685763888888,119.87241319444445,7.174960231001645,9.584443291173024,2.9213252314814815,0.044583333333333336
386,12.866666666666667,133.8488638090278,59.53554228710008,149.21461805555555,130.70541666666668,119.74130208333334,7.1907615134925775,9.678529160076856,5.322135416666667,0.09535300925925926
387,12.9,133.79183921527778,59.52342087259532,149.13118055555555,130.65538194444446,119.6928125,7.203150069471227,9.788193321681828,0.26426504629629627,0.007083333333333333
388,12.933333333333334,133.7306822986111,59.521801141478726,149.0471701388889,130.59899305555555,119.65171875,7.216823062337431,9.930563277926515,0.44407407407407407,0.009652777777777777
389,12.966666666666667,133.66178310763885,59.653841591751636,148.93508680555556,130.53619791666668,119.64951388888889,7.224745765414376,9.997611531166022,1.5777893518518518,0.030127314814814815
390,13.0,133.61261721875,59.86467785786786,148.86154513888889,130.49609375,119.58236111111111,7.235083747278457,10.209608810978693,4.246354166666666,0.06909722222222223
391,13.033333333333333,133.54079206944445,59.91158075720396,148.76644097222223,130.42852430555556,119.53692708333334,7.243871499141639,10.334902887334504,0.7894849537037038,0.0140625
392,13.066666666666666,133.4559391111111,60.05912063066105,148.62991319444444,130.35479166666667,119.49407986111112,7.250956735302443,10.380695748726914,2.39265625,0.041116898148148145
393,13.1,133.31178345486111,60.2426288854788,148.38225694444444,130.24057291666668,119.3581423611111,7.253049627803151,10.420089810385932,1.9212384259259259,0.03297453703703704
394,13.133333333333333,133.28711976041666,60.31703206208034,148.36024305555554,130.21118055555556,119.37251736111111,7.253020201116074,10.538279198437856,0.7276215277777778,0.013142361111111112
395,13.166666666666666,133.2513283298611,60.33902840773504,148.31038194444446,130.1800173611111,119.33230902777778,7.257315682988956,10.576213365507074,0.5142650462962963,0.010908564814814815
396,13.2,133.2287077951389,60.3990378012666,148.23350694444446,130.1722048611111,119.32276041666667,7.257272566192611,10.49388414193831,0.6141319444444444,0.013414351851851853
397,13.233333333333333,133.21860219791665,60.4028271596987,148.2157638888889,130.1653298611111,119.30314236111111,7.257229734010188,10.495683492970059,0.030659722222222224,0.0
398,13.266666666666667,133.19058410763887,60.49045304531213,148.17657986111112,130.13720486111112,119.3090625,7.256823965156027,10.410614374712985,1.199849537037037,0.017893518518518517
399,13.3,133.10959796527777,60.59062066333314,147.40953125,130.2342013888889,119.48519097222223,7.294679429825549,10.365148135472428,0.9940856481481481,0.027934027777777776
400,13.333333333333334,133.0312462326389,60.785862868954005,146.5806076388889,130.3554861111111,119.63940972222223,7.328593454430354,10.370040030927775,0.8699363425925926,0.024832175925925924
401,13.366666666666667,133.0042194513889,60.794450758119,146.54105902777778,130.33239583333332,119.61026041666666,7.328895109545784,10.375481065636741,0.07169560185185185,0.0
402,13.4,133.06791917013888,60.80282299109379,146.54770833333333,130.40560763888888,119.74772569444444,7.32974319625251,10.381692835289783,0.21481481481481482,0.00032407407407407406
403,13.433333333333334,132.9599509861111,61.13093269551956,145.75133680555555,130.47152777777777,119.94432291666666,7.3282737642913425,10.378996741011662,0.7690277777777778,0.02224537037037037
404,13.466666666666667,132.98137485763888,61.13694965974053,145.74272569444443,130.4997048611111,119.98729166666666,7.328612354181266,10.387113390727372,0.07179398148148149,8.680555555555556e-05
405,13.5,132.85301631944444,61.60581152562177,144.82364583333333,130.57644097222223,120.15565972222223,7.3269943517097005,10.405603419571243,0.7771469907407408,0.02509837962962963
406,13.533333333333333,132.7642699236111,62.221788203747316,143.84326388888888,130.72482638888889,120.3434375,7.305463394545189,10.46665489690113,0.8274016203703703,0.025555555555555557
407,13.566666666666666,132.75816071180554,62.22307031749705,143.83263888888888,130.72053819444446,120.33258680555555,7.305584216054733,10.46769851465982,0.02042824074074074,0.0
408,13.6,132.69358791666667,62.68130237230306,143.2835763888889,130.77404513888888,120.52496527777778,7.304852479814753,10.57002988794283,1.1610127314814815,0.010318287037037037
409,13.633333333333333,132.66430640972223,62.707316139948475,143.23616319444446,130.75369791666665,120.46057291666666,7.306236974084426,10.580855851557619,0.11445601851851851,1.1574074074074073e-05
410,13.666666666666666,132.66811223958334,62.70834685425462,143.24151041666667,130.75696180555556,120.46520833333334,7.305888471584787,10.5806267537188,0.010190972222222223,0.0
411,13.7,132.66248041319443,62.71049833099866,143.23394097222223,130.75237847222223,120.45489583333334,7.305813782572396,10.581341259971367,0.010636574074074074,0.0
412,13.733333333333333,132.81083058680554,62.74161130334835,143.5612847222222,130.82574652777777,120.81894097222222,7.305569721075123,10.588156912982772,0.37190972222222224,0.0
413,13.766666666666667,132.72790765625,62.79252600966805,143.3322222222222,130.81276041666666,120.47355902777778,7.295792104578739,10.594034639170067,0.3061689814814815,0.0
414,13.8,132.8522941909722,62.87955210202328,143.45473958333332,130.95496527777777,120.42694444444444,7.2838053618001375,10.587458705282696,0.4117766203703704,0.0
415,13.833333333333334,132.58381409722222,63.031876351855935,142.38725694444443,131.02991319444445,119.10927083333333,7.286169291191342,10.629070037400833,1.2164351851851851,7.523148148148149e-05
416,13.866666666666667,132.58452082638888,63.03845380888329,142.35817708333335,131.04041666666666,119.10064236111111,7.285781237799443,10.629197936251845,0.12580439814814814,0.0
417,13.9,132.6195076909722,63.03799735620118,142.43914930555556,131.05638888888888,119.18857638888889,7.285086045498211,10.628364728895338,0.0858275462962963,0.0
418,13.933333333333334,132.58881763888888,63.049188349182366,142.33425347222223,131.05708333333334,119.06550347222222,7.2853404454988,10.628156513347935,0.1124363425925926,0.0
419,13.966666666666667,132.63480017013887,63.03933000938934,142.41024305555555,131.08996527777776,119.15289930555555,7.284787020370031,10.625464595779603,0.1126099537037037,0.0
420,14.0,132.60251471527775,63.0472018532816,142.3401736111111,131.07289930555555,119.08111111111111,7.286468217481056,10.630362984157944,0.11755787037037037,0.0
421,14.033333333333333,132.6128002847222,63.04470769785333,142.35378472222223,131.08154513888888,119.09784722222223,7.286134609332217,10.630619252991531,0.02181712962962963,0.0
422,14.066666666666666,132.59041047916665,63.050311355711045,142.30881944444445,131.06895833333334,119.0448263888889,7.285584122237774,10.63227383184754,0.05075810185185185,0.0
423,14.1,132.59830918055556,63.052409640545925,142.32494791666667,131.07321180555556,119.06460069444445,7.285957040724374,10.633014087975692,0.04978587962962963,0.0
424,14.133333333333333,132.59050664583333,63.05544868008407,142.30137152777777,131.07210069444446,119.03696180555555,7.2860128119747785,10.634627171509205,0.03537037037037037,0.0
425,14.166666666666666,132.62625141666666,63.04706171959316,142.35463541666667,131.10038194444445,119.09505208333333,7.284944943332767,10.632337732341718,0.08174189814814815,0.0
426,14.2,132.60028050347222,63.056194189688625,142.31579861111112,131.07975694444445,119.05401041666667,7.285503976680078,10.63975012118269,0.11375578703703704,0.0
427,14.233333333333333,132.61032693402777,63.05428564810392,142.32902777777778,131.0884027777778,119.06855902777778,7.28534760479191,10.641503533987777,0.019375,0.0
428,14.266666666666667,132.59432343402779,63.058335752280925,142.30227430555556,131.0767361111111,119.04125,7.285716296695598,10.642491613126058,0.030810185185185184,0.0
429,14.3,132.60954641319444,63.05034741972778,142.32340277777777,131.0888888888889,119.06949652777777,7.285561564895588,10.641133199804099,0.12993055555555555,3.472222222222222e-05
430,14.333333333333334,132.59707932638887,63.0543515634486,142.30557291666668,131.07892361111112,119.04803819444444,7.285850977789923,10.64178327584018,0.03635995370370371,0.0
431,14.366666666666667,132.60365889583332,63.05391805900588,142.31494791666665,131.08427083333333,119.05859375,7.285594323021778,10.642278596822344,0.014733796296296297,0.0
432,14.4,132.59106322569446,63.057637528205525,142.2969097222222,131.07416666666666,119.03734375,7.28593572383315,10.642422949651591,0.022123842592592594,0.0
433,14.433333333333334,132.6073294861111,63.05596240215441,142.3193576388889,131.08788194444443,119.06067708333333,7.286025797623856,10.643811581498378,0.04985532407407407,0.0
434,14.466666666666667,132.59694608333334,63.05815539882931,142.30447916666665,131.07925347222223,119.04614583333333,7.285696955183443,10.646560348922424,0.02583912037037037,0.0
435,14.5,132.60391192708332,63.05719679307022,142.31338541666668,131.08539930555557,119.05552083333333,7.2859326291061395,10.647661769679189,0.01851273148148148,0.0
436,14.533333333333333,132.58449785416667,63.0616011479871,142.2890625,131.06822916666667,119.02833333333334,7.286841650955353,10.651264406112023,0.03155092592592593,0.0
437,14.566666666666666,132.60822705555555,63.05807670698414,142.31645833333334,131.0903125,119.05756944444444,7.286732149852902,10.65153287243583,0.04388888888888889,0.0
438,14.6,132.58881370833333,63.06143948565545,142.29463541666667,131.07211805555556,119.03317708333333,7.286604733013715,10.654578748472492,0.0437962962962963,0.0
439,14.633333333333333,132.59516996180554,63.06156330777919,142.30279513888888,131.07765625,119.0423263888889,7.286799478299387,10.65530388388922,0.01273148148148148,0.0
440,14.666666666666666,132.58287298958334,63.06215611531537,142.2877951388889,131.06663194444445,119.02538194444445,7.287115213892285,10.65559314574054,0.019346064814814816,0.0
441,14.7,132.61000136805552,63.05727470319821,142.31911458333335,131.09178819444443,119.05970486111111,7.286646289533915,10.655516322923903,0.0428587962962963,0.0
442,14.733333333333333,132.59791980555556,63.05881163345404,142.30413194444444,131.08078125,119.04552083333333,7.286774162940956,10.657544827046227,0.029155092592592594,0.0
443,14.766666666666667,132.58443239236112,63.05924636982658,142.2902951388889,131.0673611111111,119.03239583333334,7.286602441889425,10.660060531994722,0.05123842592592592,0.0
444,14.8,132.57116256249998,63.05889688268997,142.27295138888888,131.05571180555555,119.01506944444445,7.288297109510186,10.662685953791186,0.02616898148148148,0.0
445,14.833333333333334,132.58036018055554,63.05732800029659,142.2840625,131.06397569444445,119.02788194444445,7.288474518715522,10.663340747187245,0.017997685185185186,0.0
446,14.866666666666667,132.5725374722222,63.05759164094553,142.27463541666665,131.05677083333333,119.01866319444444,7.2885196153054475,10.663854752013489,0.014438657407407407,0.0
447,14.9,132.57646765972223,63.05667611988903,142.27944444444444,131.0603125,119.02385416666667,7.2885860153456346,10.663740351359628,0.007546296296296297,0.0
448,14.933333333333334,132.56809522916666,63.05716934423599,142.26848958333332,131.05300347222223,119.01255208333333,7.288998942939376,10.664760104531517,0.01876736111111111,0.0
449,14.966666666666667,132.58064890277777,63.052942895070686,142.2879861111111,131.06086805555555,119.05111111111111,7.290280683921924,10.673193963747716,0.21102430555555557,5.787037037037037e-06
450,15.0,132.5692600625,63.05174529106964,142.27355902777776,131.0519965277778,119.02373263888889,7.291312539469078,10.676015669704533,0.07458912037037037,0.0
451,15.033333333333333,132.57949607291667,63.052968716188374,142.28526041666666,131.05965277777779,119.05520833333334,7.290104691935735,10.674501943863724,0.06027777777777778,0.0
452,15.066666666666666,132.56768792361112,63.05828190651854,142.26746527777777,131.05267361111112,119.01319444444445,7.289421544282779,10.673279167939388,0.06565393518518518,0.0
453,15.1,132.57432294097222,63.05560137976099,142.27637152777777,131.0584375,119.02177083333333,7.289044707043125,10.673219454182913,0.015804398148148147,0.0
454,15.133333333333333,132.56873454166666,63.05648265158471,142.26973958333335,131.05336805555555,119.01411458333334,7.2887144574287115,10.673239487055952,0.011464120370370371,0.0
455,15.166666666666666,132.57185782291666,63.05504342019602,142.27383680555556,131.05598958333334,119.01934027777777,7.288893474271355,10.673182283988385,0.009618055555555555,0.0
456,15.2,132.56260904166666,63.05639713227982,142.26322916666666,131.04739583333333,119.00760416666667,7.2889991310040925,10.6738569752956,0.014178240740740741,0.0
457,15.233333333333333,141.28803026041666,38.791459083189665,157.23765625,138.65684027777777,120.386875,6.52571245203713,5.26148106874162,59.63402199074074,0.850943287037037
458,15.266666666666667,141.28801289930556,38.79144989652179,157.23763888888888,138.65682291666667,120.38685763888888,6.525720937728197,5.261550816012051,8.680555555555556e-05,0.0
459,15.3,141.28914330902776,38.79091988288406,157.23932291666668,138.65770833333335,120.38878472222223,6.526189277335459,5.261082271962911,0.00771412037037037,0.0
460,15.333333333333334,141.28391898263888,38.7946132770611,157.23289930555555,138.65298611111112,120.38211805555555,6.526216004613936,5.262266796590568,0.01721064814814815,0.0
461,15.366666666666667,141.3156247048611,38.78214999570156,157.2837152777778,138.67649305555557,120.4387673611111,6.5263135595159145,5.261670941551058,0.06466435185185185,0.0
462,15.4,141.3000852326389,38.791076041604846,157.2601388888889,138.6640277777778,120.41644097222222,6.526031361997416,5.2649840966889325,0.04145833333333333,0.0
463,15.433333333333334,141.31323068055556,38.787758126000064,157.2785763888889,138.67526041666667,120.4329513888889,6.527318549504872,5.263197910256242,0.1666550925925926,0.0009953703703703704
464,15.466666666666667,141.38125235763889,37.60227004123625,157.59838541666667,138.70914930555554,120.0976736111111,6.426651336595018,4.066428312361113,1.4055034722222222,0.018657407407407407
465,15.5,141.4199121388889,37.590180291832844,157.70572916666666,138.71989583333334,120.21059027777778,6.424998816406625,4.051059103545082,3.7449305555555554,0.09243055555555556
466,15.533333333333333,141.38662609374998,37.59329939125877,157.6615451388889,138.69133680555555,120.16256944444444,6.4278109768037375,4.101333210907719,0.1373611111111111,0.00037037037037037035
467,15.566666666666666,141.38002699305557,37.55956421840559,157.6209027777778,138.69416666666666,120.1628125,6.4336824601651506,4.230318900644375,7.003217592592593,0.15032407407407408
468,15.6,141.3421260625,37.63465964726894,157.51878472222222,138.67289930555555,120.14923611111111,6.461368246070677,4.377322884209558,0.42549189814814814,0.00900462962962963
469,15.633333333333333,141.3645865034722,37.530421321653094,157.55755208333332,138.68630208333335,120.21340277777777,6.467584381534127,4.45579294236066,11.55359375,0.20974537037037036
470,15.666666666666666,141.35468535069444,37.684857018877665,157.50526041666666,138.6840625,120.25243055555555,6.48439296032241,4.62581644955746,0.6179456018518519,0.012361111111111111
471,15.7,142.05418683680554,37.58421661957696,158.15227430555555,139.38199652777777,121.12201388888889,6.45753806475434,4.594907547983324,12.390052083333334,0.2156712962962963
472,15.733333333333333,142.0211633923611,37.81092639928407,158.06684027777777,139.36138888888888,121.12032986111112,6.467116878795763,4.766591682897046,0.9288020833333334,0.015630787037037037
473,15.766666666666667,142.93686089930554,37.74670819663457,159.00100694444444,140.25765625,122.17411458333333,6.424125886878837,4.720087596470143,10.68316550925926,0.19492476851851853
474,15.8,142.91331643055554,38.02792055539711,158.92868055555556,140.24571180555554,122.17930555555556,6.429901392972285,4.879545033067624,0.9810474537037037,0.016921296296296295
475,15.833333333333334,143.53084734375,37.668911571011535,159.5207638888889,140.8723263888889,122.78178819444445,6.391094331762156,4.842457481011959,8.64005787037037,0.16762731481481483
476,15.866666666666667,143.49656472916666,37.72561862248,159.44822916666666,140.85326388888888,122.709375,6.393511330426958,4.875115330653749,0.6432002314814815,0.0125
477,15.9,140.4111165798611,39.500874157195966,156.36085069444445,137.75538194444445,119.75277777777778,6.479904277073962,5.18210532095602,7.189079861111111,0.13078125
478,15.933333333333334,140.3930380625,39.50491537168495,156.3333159722222,137.74130208333332,119.72293402777778,6.4801776351861555,5.182629431547584,0.04814814814814815,0.0
479,15.966666666666667,139.60838844444444,39.98263076307107,155.66293402777777,136.93836805555554,118.78293402777778,6.487250329505571,5.232091099057664,6.69103587962963,0.0903125
480,16.0,139.61108498263889,39.98182828720747,155.6417361111111,136.95152777777778,118.75234375,6.487221235577662,5.233421593387641,0.059751157407407406,0.0
481,16.033333333333335,135.96368832986113,41.39737023597483,152.14798611111112,133.27175347222223,114.97324652777777,6.664952656131366,5.4110903925962575,8.719681712962963,0.15976273148148148
482,16.066666666666666,135.96484538888888,41.39801569350904,152.1521701388889,133.2718576388889,114.9759201388889,6.664781942708804,5.411423495525228,0.013825231481481482,0.0
483,16.1,135.95697134374998,41.40141569638872,152.14196180555555,133.26510416666667,114.96381944444444,6.66457281241573,5.411253987751236,0.012407407407407407,0.0
484,16.133333333333333,136.29229657638888,40.97311585974976,153.07371527777778,133.49710069444444,114.56645833333333,6.6469503368291,5.44412302941401,8.094247685185184,0.1707175925925926
485,16.166666666666668,136.29072437152777,40.97725483736627,153.06569444444443,133.49836805555555,114.55574652777777,6.647559407916484,5.445089458790978,0.04019675925925926,0.0
486,16.2,135.25153702083333,41.63015242704668,152.5051909722222,132.3648263888889,113.04168402777778,6.714918360726958,5.604486515338804,7.585167824074074,0.15852430555555555
487,16.233333333333334,135.24963533333334,41.63624290220857,152.49947916666667,132.36434027777779,113.03697916666667,6.715181014453126,5.603893406845861,0.02803240740740741,0.0
488,16.266666666666666,134.64752964583332,41.55180727018702,151.54671875,131.8243576388889,112.85203125,6.77073969627158,5.407362146372825,8.492957175925927,0.18006944444444445
489,16.3,134.64634255208333,41.56247786071123,151.54083333333332,131.82487847222222,112.84776041666667,6.771895227582968,5.410688337141156,0.08117476851851851,1.736111111111111e-05
490,16.333333333333332,129.53052134722222,46.77096796967423,144.57151041666665,127.01984375,110.11116319444444,6.798799843113956,5.508049704808512,13.399924768518519,0.24634837962962963
491,16.366666666666667,129.51930834375,46.77915227316896,144.55319444444444,127.01118055555555,110.0956076388889,6.799090931434286,5.507416273896496,0.04909722222222222,0.0
492,16.4,131.09013555208332,45.76051174756109,146.24934027777778,128.55934027777778,111.52196180555555,6.786801968336283,5.451721615818657,7.557662037037037,0.13490740740740742
493,16.433333333333334,131.0862668159722,45.772545207699544,146.23090277777777,128.56067708333333,111.50942708333334,6.78644272457187,5.453243576439359,0.06521412037037037,5.787037037037037e-06
494,16.466666666666665,132.20868312847222,44.85819102140171,147.57348958333333,129.63680555555555,112.4420486111111,6.741395910907854,5.553935276294052,3.4301678240740743,0.06365740740740741
495,16.5,132.17034703819445,44.90316150701345,147.52923611111112,129.60088541666667,112.3972048611111,6.739600574093473,5.5517616581990925,0.09748263888888889,1.736111111111111e-05
496,16.533333333333335,131.44653618750002,45.51802093059453,146.58362847222222,128.91944444444445,111.90678819444445,6.731962868322652,5.439791453067322,2.9194791666666666,0.05546875
497,16.566666666666666,131.39769200694442,45.56828890250621,146.50753472222223,128.88145833333334,111.830625,6.731738949848367,5.441517931680268,0.13445601851851852,0.0
498,16.6,126.55409386458334,52.7701966326592,139.7720138888889,124.38107638888889,109.15814236111112,6.790928832087594,7.037600074008726,35.03463541666667,0.48940972222222223
499,16.633333333333333,126.54152294444444,52.7779748948763,139.75961805555556,124.3684375,109.14572916666667,6.791127613903049,7.037957873789425,0.05285300925925926,4.6296296296296294e-05
500,16.666666666666668,126.57648583680556,52.71315568384972,139.79430555555555,124.40373263888888,109.17821180555555,6.794004519926854,7.038019644655595,0.6217476851851852,0.010416666666666666
501,16.7,126.54448534375,52.72970931790629,139.75899305555555,124.37279513888889,109.14543402777778,6.793488713893588,7.037717789432929,0.09226851851851851,0.0
502,16.733333333333334,126.67622903819445,52.67663531550887,139.93694444444444,124.48581597222223,109.32657986111111,6.790329058210205,7.049998310885292,1.3721990740740742,0.02734375
503,16.766666666666666,126.64500676388887,52.69636477402301,139.89854166666666,124.45782986111111,109.28444444444445,6.79209319793064,7.045888154186221,0.10387152777777778,2.3148148148148147e-05
504,16.8,126.53274938194446,52.7396501860675,139.76508680555557,124.35036458333333,109.18713541666666,6.797213197032192,7.048491809736743,1.6181597222222222,0.02779513888888889
505,16.833333333333332,126.48067355208332,52.76942678655639,139.68795138888888,124.30914930555555,109.10126736111111,6.795753092079437,7.053442782031935,0.1842650462962963,0.00022569444444444443
506,16.866666666666667,126.43704766319443,52.84737118099772,139.685,124.24453125,109.14581597222222,6.79240439330915,7.123944336103886,2.3740972222222223,0.03670138888888889
507,16.9,126.41316048611111,52.871273382784096,139.65734375,124.22315972222222,109.1081076388889,6.7915976573326455,7.1221678070144705,0.09255787037037037,0.0
508,16.933333333333334,126.43327614236111,52.88185126651416,139.68421875,124.24109375,109.12993055555556,6.790984458364351,7.123118229480438,0.028599537037037038,0.0
509,16.966666666666665,126.43344249652776,52.891484077299175,139.66361111111112,124.25050347222222,109.0997048611111,6.790153798565204,7.134559285227297,2.298599537037037,0.03800347222222222
510,17.0,126.55325992361111,52.890461307665966,139.82696180555556,124.35434027777778,109.24963541666666,6.7876619919887125,7.126863510940774,0.26699074074074075,0.0008449074074074074
511,17.033333333333335,126.55937222569443,52.860500152837496,139.83256944444443,124.3567013888889,109.29439236111111,6.787736826642201,7.1845572191775435,3.1872280092592593,0.05362847222222222
512,17.066666666666666,126.58155143055558,52.860026421278576,139.85715277777777,124.37777777777778,109.32041666666667,6.788509833372698,7.1852710196302985,0.07345486111111112,6.944444444444444e-05
513,17.1,126.66525241666666,52.740144524459126,139.89272569444444,124.48527777777778,109.31008680555556,6.791545730235258,7.222445310889185,3.6110532407407407,0.07023148148148148
514,17.133333333333333,126.7852703298611,52.74123692992092,140.03911458333334,124.59394097222223,109.46493055555555,6.786389864593337,7.216916901925973,0.2725925925925926,0.00020833333333333335
515,17.166666666666668,126.71885855208335,52.828805718004084,139.94725694444443,124.53520833333333,109.39737847222223,6.785100835328343,7.217054193475279,2.189519675925926,0.03967592592592593
516,17.2,126.74486029166667,52.820248211411965,139.97557291666666,124.56006944444445,109.42786458333333,6.784829027636221,7.2161856755561296,0.10384837962962963,1.1574074074074073e-05
517,17.233333333333334,126.80553827430555,52.72621918410027,140.03717013888888,124.62836805555555,109.41034722222223,6.783943565348636,7.206326718320996,0.8339293981481481,0.013622685185185186
518,17.266666666666666,126.90255201388888,52.74989671867733,140.1613715277778,124.71475694444445,109.53255208333333,6.78640539901573,7.202929107872818,0.21105902777777777,0.0002314814814814815
519,17.3,126.94223131944443,52.67079632479815,140.33520833333333,124.71102430555555,109.60722222222222,6.793619510915072,7.212212811898604,4.3316840277777775,0.08715277777777777
520,17.333333333333332,126.95581227083333,52.67116758072574,140.35105902777778,124.72369791666667,109.62310763888888,6.794514206795691,7.212003585417116,0.0712962962962963,4.050925925925926e-05
521,17.366666666666667,127.73119492361111,52.1679277009476,141.29699652777776,125.47828125,110.10230902777778,6.777504386633437,7.249211019597462,6.883518518518518,0.1298726851851852
522,17.4,127.93659747916665,52.22055991457614,141.59255208333335,125.64934027777778,110.38244791666666,6.776024375792402,7.247646270643246,0.4046122685185185,0.0002314814814814815
523,17.433333333333334,127.23592110069444,52.42051396937418,141.1404513888889,124.88510416666666,109.57942708333333,6.782870305749685,7.580549312881756,3.577991898148148,0.06829282407407407
524,17.466666666666665,127.26548998611109,52.433594625220984,141.17805555555555,124.91190972222222,109.61270833333333,6.78328130742748,7.58425481912897,0.10588541666666666,9.837962962962963e-05
525,17.5,127.39901046874999,52.3748675231548,141.2940625,125.06348958333334,109.61890625,6.77687538347067,7.510558242944641,5.311678240740741,0.10438657407407408
526,17.533333333333335,127.56673063888887,52.39833444908712,141.51663194444444,125.21064236111111,109.82885416666667,6.777782255102264,7.507653968434222,0.3145428240740741,9.837962962962963e-05
527,17.566666666666666,127.23291487847222,52.52530388162581,141.1376736111111,124.87352430555555,109.66067708333334,6.772791879556964,7.672860820638357,4.249265046296296,0.07398726851851851
528,17.6,127.27710794444444,52.51712350247846,141.1862326388889,124.91583333333334,109.71067708333334,6.773053214030394,7.678209841041896,0.11612268518518519,0.0001388888888888889
529,17.633333333333333,126.60466071875,52.742715575418856,140.48960069444445,124.26211805555556,108.92388888888888,6.784860030757279,7.766868738155125,3.6925868055555555,0.06622685185185186
530,17.666666666666668,126.68576745833333,52.76242851499915,140.61116319444446,124.32800347222222,109.03664930555556,6.782710506882921,7.757821283204443,0.20652777777777778,0.00017361111111111112
531,17.7,126.19715321180554,53.16406744663602,140.00942708333332,123.87192708333333,108.55881944444444,6.789542901220699,7.80607699250317,3.6128645833333333,0.06494791666666666
532,17.733333333333334,126.20360751041667,53.1756447500528,140.01484375,123.87885416666667,108.56364583333334,6.788933794485181,7.80989358576555,0.07067708333333333,5.208333333333334e-05
533,17.766666666666666,126.18396680902777,53.184953477140546,139.96524305555556,123.87282986111111,108.49734375,6.789409004192366,7.811158015910282,0.06420717592592592,0.0
534,17.8,125.96688678819443,52.99898282046775,139.88847222222222,123.61217013888889,108.29880208333333,6.8003635192020795,7.851703209433115,2.875162037037037,0.05326967592592593
535,17.833333333333332,125.94574360069444,53.01394396705934,139.84479166666668,123.60057291666666,108.24946180555555,6.800570525422629,7.859529965234604,0.17418981481481483,0.00014467592592592592
536,17.866666666666667,126.53570733680556,52.44757213510359,140.7034375,124.13373263888889,108.61095486111111,6.8233672269924694,8.210154244693612,4.123402777777778,0.06960648148148148
537,17.9,126.49762393402779,52.47239332270821,140.64902777777777,124.103125,108.5468923611111,6.823817237287157,8.214662532331843,0.10945023148148147,0.0
538,17.933333333333334,126.28984638888889,52.8696793674761,140.25822916666667,123.92979166666667,108.53684027777778,6.83829880595956,7.990934157139808,4.233559027777778,0.06627893518518518
539,17.966666666666665,126.27866271527779,52.87248691720027,140.23583333333335,123.92345486111111,108.51065972222223,6.837841265434854,7.9919411017983,0.15735532407407407,0.00035300925925925924
540,18.0,126.27738334027775,52.78351715580835,140.42130208333333,123.87567708333333,108.42008680555556,6.846396887629703,8.320682395935492,4.3045486111111115,0.07210648148148148
541,18.033333333333335,126.23950867708332,52.800430696153356,140.3661111111111,123.84487847222222,108.36310763888889,6.846255292903942,8.323874536912177,0.11563078703703704,4.050925925925926e-05
542,18.066666666666666,126.84909283333333,52.163785686773046,141.24276041666667,124.40581597222223,108.66817708333333,6.789585275926965,6.660646123415088,6.1441030092592595,0.09641203703703703
543,18.1,126.817985625,52.16202743177604,141.18939236111112,124.38243055555556,108.62612847222222,6.793219769411244,6.707507651070034,0.21343171296296296,0.0006018518518518519
544,18.133333333333333,127.38768089583334,51.840161347978196,141.97350694444444,124.89083333333333,109.17159722222222,6.803648602095312,7.13185200794304,5.347164351851852,0.09010416666666667
545,18.166666666666668,127.46776211458332,51.813091343228265,141.96671875,124.99722222222222,109.246875,6.799468686906049,7.115621224963345,3.7808391203703704,0.07108796296296296
546,18.2,127.23674900694445,52.056321123880046,141.61598958333335,124.78869791666666,109.14560763888889,6.807538012287652,7.239206467200418,3.764212962962963,0.06758101851851851
547,18.233333333333334,126.86891437847223,52.36443558710741,141.10376736111112,124.45913194444445,108.82385416666666,6.826703369451961,7.531395150120205,4.145231481481481,0.07729745370370371
548,18.266666666666666,126.70474804166666,52.45995569881625,140.92651041666667,124.29911458333333,108.65713541666666,6.839655802637376,7.720723745293427,3.570659722222222,0.06516203703703703
549,18.3,126.54351561458334,52.648496410077136,140.84520833333335,124.08696180555556,108.76494791666667,6.855922597577918,7.917967782292195,4.640966435185185,0.0716087962962963
550,18.333333333333332,126.3552719652778,52.77822127625654,140.61831597222223,123.94369791666666,108.24494791666666,6.8672195284501285,8.083524962489104,1.3996122685185186,0.019947916666666666
551,18.366666666666667,126.19516787500001,52.95119916819178,140.51121527777778,123.73913194444444,108.36920138888888,6.862951275372723,8.23355310832937,4.518315972222222,0.07619791666666667
552,18.4,126.10934321874998,53.0255141090301,140.39835069444445,123.66810763888888,108.21638888888889,6.86639259785908,8.312031557707687,0.9075231481481482,0.013287037037037036
553,18.433333333333334,126.03094478472222,53.080407668250565,140.29520833333333,123.59274305555556,108.18079861111111,6.862762053837269,8.265975278328094,3.6707638888888887,0.07020833333333333
554,18.466666666666665,125.9633233333333,53.11208391022639,140.20277777777778,123.54449652777778,107.99430555555556,6.860164627756831,8.290273222672326,0.5158738425925926,0.007100694444444444
555,18.5,125.98416621180556,53.144447680763975,140.2892013888889,123.52958333333333,108.17623263888889,6.86093676683044,8.276520911628445,2.8659375,0.05371527777777778
556,18.533333333333335,125.94179539930553,53.148224949323435,140.2371875,123.49395833333334,108.09543402777778,6.857659598665216,8.280614522250048,0.16497685185185185,0.00016782407407407406
557,18.566666666666666,125.86045128819445,53.20788006925195,140.1318576388889,123.42338541666666,107.97802083333333,6.856079728853807,8.230799208148962,1.9417766203703704,0.04379050925925926
558,18.6,125.83288534722222,53.22132431760663,140.07571180555556,123.41045138888889,107.88967013888889,6.8558078359377,8.231071856136008,0.0696875,0.0
559,18.633333333333333,126.0151641076389,53.246099083376606,140.328125,123.56131944444445,108.17657986111111,6.859923740670271,8.227171609687343,0.5233159722222223,0.002054398148148148
560,18.666666666666668,126.13135451388888,53.33020938688279,140.42006944444444,123.68680555555555,108.27208333333333,6.861586317797767,8.203314339996842,1.9532465277777777,0.037418981481481484
561,18.7,126.16754323958332,53.328186792713055,140.4653125,123.71921875,108.31901041666667,6.860568885328401,8.203334779928207,0.1334375,8.680555555555556e-05
562,18.733333333333334,126.11229392708334,53.66102471232274,140.36157986111112,123.68567708333333,108.19149305555555,6.866680020056674,8.223698651631416,1.6591550925925926,0.03554398148148148
563,18.766666666666666,126.17688249652778,53.672357847750995,140.46053819444444,123.7340625,108.31538194444444,6.865665297477478,8.206032467885244,0.35213541666666665,0.00140625
564,18.8,125.34538091319443,54.66412049307902,139.52758680555556,122.92295138888889,107.580625,6.889645929877574,8.865965257421546,3.489826388888889,0.07061921296296296
565,18.833333333333332,125.36747826736114,54.663955555654525,139.55083333333334,122.94413194444445,107.60842013888889,6.888977453479294,8.864434564921755,0.09732638888888889,2.3148148148148147e-05
566,18.866666666666667,125.94128243055555,54.653097491620805,140.13060763888888,123.53052083333333,108.03998263888889,6.88798830356127,8.83731877603817,3.445144675925926,0.044612268518518516
567,18.9,125.98164576388889,54.64862411231082,140.1913888888889,123.56090277777778,108.11909722222222,6.888618394152205,8.842555746705035,0.28684027777777776,0.0011111111111111111
568,18.933333333333334,126.41998707638889,54.60094185432638,140.64979166666666,124.00284722222223,108.46267361111111,6.887992683169157,8.812914344659633,3.760173611111111,0.05486689814814815
569,18.966666666666665,126.431672125,54.59920117274406,140.66385416666665,124.01335069444444,108.4790625,6.888625602129825,8.813351172486275,0.04369791666666667,0.0
570,19.0,127.71703497916666,53.93719483937377,142.04369791666667,125.29279513888889,109.54484375,6.866194256475995,8.830715804221295,4.419467592592593,0.0565162037037037
571,19.033333333333335,127.74799724305556,53.938583988254805,142.10958333333335,125.30875,109.62163194444445,6.864296715340921,8.819377860839055,0.27835069444444444,0.0018229166666666667
572,19.066666666666666,128.26342499999998,53.855173151251485,142.70744791666667,125.79984375,110.13536458333333,6.835906692472481,8.831265751893817,4.294160879629629,0.048686342592592594
573,19.1,128.27431534375,53.86001826054911,142.72395833333334,125.8079861111111,110.15692708333333,6.835773254210163,8.827943526648198,0.07180555555555555,0.0001099537037037037
574,19.133333333333333,128.4483740138889,53.79810418472161,142.9021527777778,125.98184027777778,110.32083333333334,6.829333196953213,8.880193446509985,2.0311516203703706,0.024166666666666666
575,19.166666666666668,128.42398989583333,53.83304002469129,142.86630208333332,125.96076388888889,110.29744791666667,6.828628793854511,8.884092051383975,0.2580787037037037,0.0010532407407407407
576,19.2,128.68101964930557,53.82015647313234,143.18989583333334,126.19784722222222,110.55605902777778,6.817046375128115,8.928418950414859,2.519716435185185,0.03127893518518519
577,19.233333333333334,128.66236376736111,53.832943214005134,143.1548784722222,126.18588541666666,110.51927083333334,6.816454526123437,8.928934389114245,0.0610474537037037,5.208333333333334e-05
578,19.266666666666666,129.12967597569443,53.81068126978088,143.68074652777779,126.63560763888889,110.98840277777778,6.795291817645574,8.96970388232462,3.7853819444444445,0.041984953703703705
579,19.3,129.09686071180556,53.83099196711916,143.62704861111112,126.61069444444445,110.93880208333333,6.795181036787142,8.97241151870455,0.1322048611111111,0.0004224537037037037
580,19.333333333333332,129.16191024652778,53.714204476265806,143.71421875,126.66753472222223,111.02003472222222,6.804874155197143,9.115168751273329,2.7444675925925925,0.031689814814814816
581,19.366666666666667,129.14348427430556,53.72723563182192,143.68331597222223,126.65362847222222,110.99357638888888,6.804524345286883,9.117066275128476,0.055017361111111114,5.787037037037037e-06
582,19.4,129.15039779166665,53.72562920632239,143.69208333333333,126.65980902777778,111.00229166666666,6.804080850318425,9.118144769964747,0.03769097222222222,0.0001099537037037037
583,19.433333333333334,129.13607711805554,53.73368646736802,143.66223958333333,126.65133680555556,110.97574652777777,6.803995642386859,9.11833713096032,0.03443287037037037,0.0
584,19.466666666666665,129.19349196874998,53.731329212067735,143.73583333333335,126.70175347222222,111.05484375,6.803361128084679,9.10802545279721,0.16132523148148148,6.36574074074074e-05
585,19.5,129.92359614583333,53.38832347875833,144.66494791666668,127.38612847222223,111.65192708333333,6.780147827285544,8.958284231313325,5.15740162037037,0.08725115740740741
586,19.533333333333335,130.07263843055554,53.5083306033154,144.7640625,127.5446875,111.85371527777778,6.773981185663309,8.929587323889054,1.2890682870370371,0.0005555555555555556
587,19.566666666666666,130.1699646076389,53.453297334827695,144.91357638888888,127.62222222222222,111.9934201388889,6.771648355493268,8.919343026587025,0.2689641203703704,0.0007465277777777778
588,19.6,130.1325172361111,53.46834322993718,144.85583333333332,127.59423611111112,111.92201388888888,6.770793404257553,8.91658856507913,0.1651099537037037,0.00015625
589,19.633333333333333,130.13143328472222,53.47467473357552,144.85708333333332,127.59253472222223,111.92017361111111,6.771310757517746,8.91373448527305,0.1030787037037037,1.1574074074074073e-05
590,19.666666666666668,130.10432402777778,53.487073433196215,144.79619791666667,127.57993055555555,111.84883680555555,6.7700812483177195,8.914196668760908,0.07782407407407407,0.0
591,19.7,130.14865377430556,53.47379247399247,144.86262152777778,127.61522569444445,111.91760416666666,6.7703596774557475,8.909069085323836,0.12885416666666666,0.0
592,19.733333333333334,130.09521498958333,53.50761709878242,144.77973958333334,127.57376736111111,111.8321875,6.770129352339718,8.90587785297166,0.1840625,0.0
593,19.766666666666666,130.104210125,53.50607451191434,144.79217013888888,127.58135416666667,111.8450173611111,6.770405726647052,8.907306246341157,0.018125,0.0
594,19.8,130.08759684027777,53.51292348534749,144.75737847222223,127.57229166666667,111.80713541666667,6.7702714121935745,8.908788304457232,0.037662037037037036,0.0
595,19.833333333333332,130.64529507638886,53.06875580003682,145.5406423611111,128.09723958333333,112.02505208333334,6.717925245341007,7.641531771616545,1.356417824074074,0.019288194444444445
596,19.866666666666667,130.63030248611113,53.07595776309108,145.5196875,128.0846527777778,112.00378472222222,6.717753589599258,7.641391443949707,0.03117476851851852,0.0
597,19.9,130.6230014097222,53.06313936248376,145.5127951388889,128.07666666666665,112.00206597222223,6.7193523066201415,7.664715316302958,0.04009259259259259,5.787037037037037e-05
598,19.933333333333334,130.58242922916665,53.05309125901914,145.4502951388889,128.04151041666665,111.97241319444444,6.720982820464357,7.715566705334748,0.09266782407407408,0.0021643518518518518
599,19.966666666666665,130.56616149652777,53.04067691351051,145.4217361111111,128.01354166666667,112.10824652777778,6.725958452760137,7.789117894360309,0.34296296296296297,0.0038310185185185183
600,20.0,130.47403752430557,53.03882817339806,145.29375,127.95371527777777,111.80178819444444,6.739435631263732,7.902471949323104,0.45688657407407407,0.004988425925925926
601,20.033333333333335,130.45449804513888,53.06279375484624,145.27145833333333,127.92411458333333,111.8900173611111,6.739097332691356,7.974728132624769,0.44221643518518516,0.006030092592592593
602,20.066666666666666,130.39392747569445,53.09555618753558,145.18258680555556,127.87210069444444,111.82802083333333,6.745560358733871,8.07512016631653,0.43363425925925925,0.007008101851851852
603,20.1,130.3604708611111,53.137966009115544,145.14670138888889,127.83609375,111.82697916666666,6.749907123523693,8.161625291777703,0.34772569444444446,0.00697337962962963
604,20.133333333333333,130.3179580173611,53.184636082836,145.0884027777778,127.79758680555555,111.79126736111111,6.75454820712508,8.246603779051227,0.35706597222222225,0.007395833333333333
605,20.166666666666668,130.2825270451389,53.23046846455511,145.03736111111112,127.76314236111111,111.79203125,6.753213644450044,8.329253263698558,0.3127199074074074,0.006903935185185185
606,20.2,130.2348443125,53.26999944995192,144.96427083333333,127.72088541666666,111.76541666666667,6.752093148495124,8.380715626703244,0.27200810185185187,0.006417824074074074
607,20.233333333333334,165.1250320451389,42.082383846233675,175.66440972222222,163.29359375,152.23269097222223,6.16198572451274,3.1369321694806374,49.40529513888889,0.8057291666666667
608,20.266666666666666,165.12300965972221,42.0892405571202,175.66232638888889,163.2915798611111,152.2307638888889,6.1614676368518495,3.1434720238359315,0.04907986111111111,0.0010648148148148149
609,20.3,165.12267168055553,42.06067126754379,175.64605902777777,163.2959201388889,152.23098958333333,6.154225449208913,3.164046955622858,0.21121527777777777,0.0
610,20.333333333333332,165.0519508715278,42.05647791342895,175.52637152777777,163.24409722222222,152.11725694444445,6.151387878131729,3.1728464928360367,0.12467592592592593,0.0
611,20.366666666666667,164.98800977777776,42.190873862244686,175.45789930555554,163.18118055555556,152.05651041666667,6.152615791757832,3.186251434884386,0.5742766203703704,0.010549768518518519
612,20.4,164.92297734722223,42.18032428721222,175.35805555555555,163.1300173611111,151.95659722222223,6.148720901865811,3.1863576708564887,0.09161458333333333,0.0
613,20.433333333333334,164.95207727430557,42.18933031582467,175.41145833333334,163.14902777777777,152.0140798611111,6.1475726551359795,3.1930423721314227,0.11844907407407407,0.0
614,20.466666666666665,164.83607838888886,42.344294344774525,175.26083333333332,163.04722222222222,151.85944444444445,6.149009664039742,3.209244971600638,0.7055266203703704,0.010497685185185185
615,20.5,164.83925263194445,42.34440902800168,175.26486111111112,163.04994791666667,151.8645486111111,6.14917007384813,3.211028407244157,0.008466435185185184,0.0
616,20.533333333333335,164.78314653472222,42.328628347127086,175.16616319444444,163.01114583333333,151.76244791666667,6.148490799563351,3.21693954051082,0.09195023148148149,0.0
617,20.566666666666666,164.81014665624997,42.31689793898909,175.21534722222222,163.02880208333335,151.81668402777777,6.151312539572663,3.2173424771950137,0.10380787037037037,0.0
618,20.6,164.6387170798611,42.56788371410479,175.0246527777778,162.86258680555557,151.65032986111112,6.15439335088581,3.2407488884772153,1.0877662037037037,0.01648726851851852
619,20.633333333333333,164.63945669444445,42.57293222986295,175.02529513888888,162.86348958333335,151.64973958333334,6.154164548211012,3.2435374169879783,0.022297453703703705,0.0
620,20.666666666666668,164.59981998958335,42.572747998743615,174.9481423611111,162.8389236111111,151.57128472222223,6.1528781013283,3.2476627675412866,0.07528935185185186,0.0
621,20.7,164.46574389930555,42.78948410133896,174.8098263888889,162.70272569444444,151.47071180555557,6.155894144966187,3.287735583767019,1.4109664351851852,0.023078703703703702
622,20.733333333333334,164.43432844791667,42.794721689655944,174.76883680555557,162.67572916666666,151.42371527777777,6.159361873204386,3.2920962667204936,0.049311342592592594,0.0
623,20.766666666666666,164.4389846909722,42.79065183875698,174.77621527777777,162.679375,151.43036458333333,6.159052312071151,3.2924036616532546,0.01369212962962963,0.0
624,20.8,164.41693800000002,42.797280053005,174.72338541666667,162.67017361111112,151.37171875,6.159201522950854,3.2953485956049606,0.05370949074074074,0.0
625,20.833333333333332,164.19784148263886,43.00608759390147,174.51876736111112,162.43784722222222,151.24104166666666,6.169553447886411,3.355956022710246,1.804982638888889,0.03501736111111111
626,20.866666666666667,164.1750373923611,43.00478683444768,174.49354166666666,162.41595486111112,151.21633680555556,6.171596982608595,3.3558643432598227,0.028119212962962964,0.0
627,20.9,163.9365460138889,43.25672467325921,174.23239583333333,162.18423611111112,150.97746527777778,6.180250213287987,3.396207097800875,1.7532291666666666,0.03255787037037037
628,20.933333333333334,163.90248887152777,43.25265195130008,174.18402777777777,162.15651041666666,150.9228298611111,6.18302803174245,3.397753579860442,0.049340277777777775,0.0
629,20.966666666666665,163.93252797916668,43.237310955952445,174.23085069444446,162.17989583333335,150.96935763888888,6.181924077690708,3.3990817658306236,0.05348379629629629,0.0
630,21.0,163.9137812326389,43.24050375115855,174.20763888888888,162.1631076388889,150.9443576388889,6.183938476277451,3.402413350388274,0.05105324074074074,0.0
631,21.033333333333335,163.6047676423611,43.590301635976616,173.88460069444446,161.85470486111112,150.6705902777778,6.197359650695372,3.451127293909889,1.958449074074074,0.035659722222222225
632,21.066666666666666,163.5749890520833,43.589568220610786,173.83916666666667,161.83182291666665,150.61859375,6.197928516680815,3.4520388517483154,0.048518518518518516,0.0
633,21.1,163.5728586145833,43.58043363414117,173.8478472222222,161.8251736111111,150.62939236111112,6.200184120885991,3.452675369459257,0.05911458333333333,0.0
634,21.133333333333333,163.03295143055556,44.18281326406299,173.28862847222223,161.29149305555555,150.0846701388889,6.2191414196028445,3.4688290196288394,2.765607638888889,0.05103009259259259
635,21.166666666666668,163.03453896180554,44.18200673131418,173.29116319444444,161.2926736111111,150.0875,6.219218994344392,3.4687676547641457,0.004253472222222222,0.0
636,21.2,163.02230938541663,44.18140759639047,173.26338541666667,161.28699652777777,150.05614583333335,6.219361759328407,3.470698227310793,0.027899305555555556,0.0
637,21.233333333333334,163.0384710486111,44.16912692368317,173.29164930555555,161.29866319444446,150.08119791666667,6.218196047803527,3.480301483399176,0.09094328703703704,0.0
638,21.266666666666666,161.5427574861111,45.44570201320973,171.71425347222223,159.82065972222222,148.65057291666668,6.2818470248849385,3.5211990346618998,5.699172453703704,0.09871527777777778
639,21.3,161.5459730347222,45.44367691861116,171.7201215277778,159.82286458333334,148.65598958333334,6.28209547131939,3.5211482102254483,0.008732638888888889,0.0
640,21.333333333333332,161.5307446145833,45.44637273097772,171.69324652777777,159.81286458333332,148.62326388888889,6.28191663384671,3.5228926758591985,0.028778935185185185,0.0
641,21.366666666666667,158.50542572916666,48.103983589850195,168.5288888888889,156.8111111111111,145.77392361111112,6.386352514933325,3.6305829945677397,7.556770833333333,0.12199074074074075
642,21.4,158.48912327430554,48.10438315880175,168.50477430555554,156.79890625,145.74003472222222,6.386978592427441,3.632245476559931,0.03725694444444445,0.0
643,21.433333333333334,158.49209354513889,48.10564222660809,168.50840277777777,156.80163194444444,145.74348958333334,6.387416353050382,3.6338193261264395,0.02657986111111111,2.3148148148148147e-05
644,21.466666666666665,158.47865506249997,48.11063093944639,168.47835069444446,156.79534722222223,145.7081076388889,6.387547437372363,3.636743907320532,0.03515625,0.0
645,21.5,154.16758882638888,50.94759277035957,164.0911111111111,152.46711805555555,141.79135416666668,6.549430052770182,3.969782756582391,12.343206018518519,0.17722800925925927
646,21.533333333333335,154.15146153125,50.958452430478744,164.06366319444444,152.4558159722222,141.7607638888889,6.5478537908826455,3.971241222008662,0.06680555555555556,0.0
647,21.566666666666666,152.65921390277776,52.547206870589214,161.83670138888888,151.14975694444445,140.58760416666667,6.546434503451096,4.284588767039129,16.566990740740742,0.21986111111111112
648,21.6,152.7645231423611,52.048064195681256,161.8853472222222,151.32630208333333,140.15411458333332,6.505106487669232,3.5618711664017852,1.0384953703703703,0.010960648148148148
649,21.633333333333333,152.78536003125,52.045685909440806,161.90222222222224,151.3489409722222,140.16876736111112,6.5062485735555065,3.5695578595237683,0.08775462962962963,0.0
650,21.666666666666668,152.7433149548611,52.03168060761194,161.65616319444445,151.41163194444445,139.6899652777778,6.50498491653533,3.592553564032008,0.3366956018518519,5.208333333333334e-05
651,21.7,153.61061294791668,51.01986244084034,163.03967013888888,152.1015277777778,140.7945486111111,6.475237037469121,3.7273507118137648,8.146597222222223,0.13241898148148148
652,21.733333333333334,153.60587721180553,51.016539054524486,163.0377951388889,152.10965277777777,140.65399305555556,6.471262240559814,3.7237176716038247,0.0985763888888889,0.0
653,21.766666666666666,153.6369194027778,51.0171186236215,163.07539930555555,152.12625,140.80880208333335,6.465433273743296,3.720144699269472,0.11601273148148149,0.0
654,21.8,159.79264472916665,48.42971013340233,169.17491319444446,158.37164930555556,146.24175347222223,6.123635532273935,3.509429601842812,8.797471064814815,0.12522569444444445
655,21.833333333333332,159.8135657048611,48.43074225342808,169.21585069444444,158.38196180555556,146.30881944444445,6.122524934433086,3.5068797841373667,0.05320023148148148,0.0
656,21.866666666666667,159.80636034375,48.43038065572129,169.20878472222222,158.37548611111112,146.29397569444444,6.123099935256536,3.5073838490453806,0.013929398148148147,0.0
657,21.9,159.8029539583333,48.40560947182652,169.1980034722222,158.36902777777777,146.3425173611111,6.122014502769796,3.5291054659391303,0.8168344907407408,0.016574074074074074
658,21.933333333333334,159.50589034027774,48.337242013771224,168.8256597222222,158.09451388888888,146.04375,6.144662816404299,3.6435841331460193,3.2019907407407406,0.05390046296296296
659,21.966666666666665,158.96592220138888,48.18242336912996,168.25291666666666,157.54475694444446,145.69725694444443,6.192973818090373,3.68556250104104,3.004837962962963,0.06001736111111111
660,22.0,158.97773945138886,48.10515834551777,168.2642534722222,157.55696180555555,145.70664930555554,6.198897281573991,3.687620549218101,0.05476273148148148,0.0
661,22.033333333333335,157.86007800694446,48.037459045965534,167.04737847222222,156.45493055555556,144.72630208333334,6.274928236641962,3.805922137677828,4.915295138888889,0.08521990740740741
662,22.066666666666666,157.83165219791667,48.03226310108482,167.0106423611111,156.43020833333333,144.68565972222223,6.282440063085895,3.858897696457447,0.08211226851851852,0.00038773148148148147
663,22.1,157.23962265972222,48.349676992297894,166.29873263888888,155.85553819444445,144.2746701388889,6.326756642696245,4.08258620787192,2.8497685185185184,0.05322916666666667
664,22.133333333333333,157.20285565625,48.38208578863785,166.24119791666666,155.82322916666666,144.25489583333334,6.348423023814654,4.210287312335453,0.29278935185185184,0.00863425925925926
665,22.166666666666668,156.10029822222222,50.416714854992925,165.07621527777778,154.70786458333333,143.46302083333333,6.377036469990763,4.763997581730788,8.777557870370371,0.15737268518518518
666,22.2,155.37238496875,50.73296391374315,164.22713541666667,154.00703125,142.82364583333333,6.43305813677225,5.0380589656449395,3.896869212962963,0.08013310185185185
667,22.233333333333334,154.44530540625,51.40848333238999,163.20263888888888,153.09024305555556,142.08147569444444,6.476287927922105,5.414724327030661,7.609832175925926,0.13703125
668,22.266666666666666,154.39964705555556,51.54587132804837,163.14409722222223,153.04513888888889,142.06826388888888,6.48526534074748,5.5956763020179645,0.9354571759259259,0.016296296296296295
669,22.3,154.3580181111111,51.69604491683984,163.0846875,153.00578125,142.05649305555556,6.4893264105070685,5.76422782234002,1.0166493055555557,0.016585648148148148
670,22.333333333333332,153.81962255902775,51.995813517837334,162.49508680555556,152.45569444444445,141.7846875,6.52227026443952,6.0215526897095355,5.499340277777778,0.10241319444444444
671,22.366666666666667,153.1848156284722,52.678464964633505,161.5845138888889,151.87661458333332,141.40987847222223,6.525439540835317,6.219913870708384,8.077748842592593,0.1294965277777778
672,22.4,153.18356238888887,52.71658219144681,161.58112847222222,151.87506944444445,141.4177951388889,6.528745807260092,6.254333863695955,0.6155902777777778,0.012569444444444444
673,22.433333333333334,152.70661419791668,52.81053101123156,161.02059027777779,151.41559027777777,141.01394097222223,6.555068630700329,6.28173656551853,6.526637731481482,0.12025462962962963
674,22.466666666666665,152.4060810034722,53.16810108602712,160.769375,151.09083333333334,140.80814236111112,6.544733987893748,6.46200322186175,8.675648148148149,0.15309027777777778
675,22.5,152.39396870833335,53.1841701318883,160.75569444444446,151.0793402777778,140.7945138888889,6.544544824129817,6.4623303459768655,0.02825810185185185,0.0
676,22.533333333333335,152.39887740624997,53.18161457081272,160.76375,151.08288194444444,140.80369791666666,6.543805592373288,6.463143539514657,0.022019675925925925,0.0
677,22.566666666666666,152.21710778819445,52.932578796973274,160.73373263888888,150.8603298611111,140.5790625,6.5723611716634,6.471063911094304,5.757436342592593,0.11478587962962963
678,22.6,151.70267420833332,53.07089664815084,160.33553819444444,150.30779513888888,140.09977430555554,6.592565126480865,6.659234016522137,7.338246527777778,0.14434606481481482
679,22.633333333333333,150.664257125,53.00822722359014,159.87868055555555,149.11890625,138.83944444444444,6.663861286650374,6.688425065114885,7.573194444444445,0.15219328703703705
680,22.666666666666668,150.67061130208333,53.002634412448536,159.89088541666666,149.12310763888888,138.84989583333333,6.66328108846163,6.689405106102807,0.02120949074074074,0.0
681,22.7,150.92810926388887,53.134728187103825,160.15060763888889,149.37572916666667,139.14914930555557,6.61748124199527,6.6209572048376995,9.017569444444444,0.18053819444444444
682,22.733333333333334,150.9390939548611,53.130168175442776,160.16362847222223,149.38605902777778,139.160625,6.615936687740499,6.620605021576656,0.03537037037037037,0.0
683,22.766666666666666,150.9751254270833,53.00466058055407,160.19208333333333,149.41958333333332,139.24380208333332,6.619341149605887,6.590702645108375,7.212123842592592,0.14083912037037036
684,22.8,151.04804985416666,53.03028488713579,160.37350694444444,149.4192361111111,139.72305555555556,6.646222942709015,6.590482802757881,0.26285300925925925,0.0
685,22.833333333333332,151.18258591319443,52.79637624490248,160.59572916666667,149.50055555555556,140.1265451388889,6.651767379354632,6.623872036709077,7.158362268518519,0.14097800925925927
686,22.866666666666667,151.91949512152777,52.665831933634436,161.46913194444446,150.1107986111111,141.7162673611111,6.649652779493851,6.520780788690823,6.483240740740741,0.11389467592592592
687,22.9,152.0027076111111,52.51760742392627,161.2679513888889,150.26,141.98322916666666,6.6247312687869595,6.429271779232802,6.617181712962963,0.12309027777777778
688,22.933333333333334,152.02172167708335,52.51539000208945,161.2966840277778,150.27404513888888,142.02284722222223,6.62324412520841,6.42829406279553,0.033680555555555554,0.0
689,22.966666666666665,152.02277072569447,52.514634647997035,161.2971701388889,150.27543402777778,142.0221875,6.6233395362686105,6.4292332525025095,0.019791666666666666,0.0
690,23.0,152.2347434409722,52.32166073331075,161.5378472222222,150.47258680555555,142.29644097222223,6.61877276884108,6.398992505854635,5.344166666666666,0.11535879629629629
691,23.033333333333335,152.21270730902776,52.46834463235149,161.4309375,150.48203125,142.2124826388889,6.608519594221967,6.404906795321496,4.647326388888889,0.10815972222222223
692,23.066666666666666,152.23734340277778,52.464717021883004,161.46385416666666,150.5029861111111,142.24920138888888,6.6063773396673735,6.405039956254414,0.039386574074074074,0.0
693,23.1,152.35715091666665,52.420507905312796,161.59699652777778,150.61664930555557,142.3906076388889,6.599270735948075,6.386412689792234,3.986452546296296,0.09207175925925926
694,23.133333333333333,152.21028545486107,52.58232911579884,161.39487847222222,150.49072916666665,142.19895833333334,6.60050066015866,6.4274168921820305,4.114490740740741,0.09372106481481482
695,23.166666666666668,152.20815121875,52.58919567979735,161.38428819444445,150.49265625,142.18149305555556,6.599514198256385,6.427985549323907,0.03218171296296296,0.0
696,23.2,152.2295020729167,52.5850660556769,161.4143576388889,150.50973958333333,142.21944444444443,6.596689894598114,6.428920898752259,0.044756944444444446,0.0
697,23.233333333333334,152.21187395486112,52.559342651669944,161.4311284722222,150.47986111111112,142.221875,6.6002824046861495,6.432146263740273,3.4635706018518517,0.08159722222222222
698,23.266666666666666,152.1728816388889,52.55262899714575,161.3846875,150.44421875,142.17163194444444,6.603479675545302,6.4599783193984734,2.836145833333333,0.06887152777777777
699,23.3,152.10015816666663,52.591262479192324,161.28359375,150.38416666666666,142.05692708333333,6.606013514770591,6.462039444989287,1.5863715277777777,0.03870949074074074
700,23.333333333333332,152.1178105972222,52.584738342495605,161.31315972222222,150.3972222222222,142.08503472222222,6.605285752492646,6.461543040910453,0.053634259259259257,0.0
701,23.366666666666667,152.14068952430557,52.60028591860804,161.33975694444445,150.41965277777777,142.10140625,6.603395898185214,6.434483564109842,1.0080844907407407,0.023130787037037037
702,23.4,152.15104488541667,52.597853971293034,161.3538888888889,150.4284201388889,142.11637152777777,6.603824920943357,6.435224751670528,0.07617476851851852,2.3148148148148147e-05
703,23.433333333333334,152.19787535416663,52.67098230324084,161.39090277777777,150.48008680555554,142.1442013888889,6.600023328183552,6.427294100338655,0.35919560185185184,0.005862268518518518
704,23.466666666666665,152.2318388159722,52.64888725202697,161.4403125,150.50807291666666,142.19189236111112,6.598279082225366,6.424273102481422,0.06234375,0.0
705,23.5,152.21877658680555,52.66222452706572,161.42604166666666,150.49560763888888,142.17647569444443,6.598107280324029,6.424350913284867,0.04898148148148148,0.0
706,23.533333333333335,152.23031205208332,52.66085636562672,161.44102430555554,150.50581597222222,142.19100694444444,6.597762259503062,6.424924442358716,0.04626157407407407,0.0
707,23.566666666666666,152.16447941666667,52.71796308928062,161.36088541666666,150.4462673611111,142.10505208333333,6.599787052920048,6.42815186418826,0.14129050925925926,5.787037037037037e-06
708,23.6,152.1960641736111,52.70771809239915,161.40946180555557,150.47081597222223,142.15630208333334,6.598207685763573,6.428570705940887,0.06771990740740741,0.0
709,23.633333333333333,152.17186939930556,52.73095758680801,161.37967013888888,150.44911458333334,142.1238888888889,6.598330232431981,6.428629500249558,0.04991319444444445,0.0
710,23.666666666666668,152.16916122222221,52.73680070914552,161.37883680555555,150.44583333333333,142.12133680555556,6.5984461871379825,6.429171954077716,0.054675925925925926,0.0
711,23.7,152.12230546180552,52.77456341365841,161.3153125,150.40647569444445,142.04928819444444,6.5991749159726485,6.432644746131489,0.07577546296296296,0.0
712,23.733333333333334,152.1444740625,52.77299725016209,161.350625,150.42390625,142.0796875,6.597912622741041,6.429339536677457,0.07816550925925926,0.0
713,23.766666666666666,152.09671885416665,52.80808051580825,161.278125,150.38661458333334,142.00114583333334,6.5993548405057325,6.433775417323398,0.1302662037037037,0.0
714,23.8,152.06631290972223,52.84739452805077,161.25861111111112,150.35484375,141.9521875,6.600307448262648,6.426227454346245,0.19778935185185184,0.00020833333333333335
715,23.833333333333332,152.0377899409722,52.864081651879665,161.21722222222223,150.33203125,141.9049826388889,6.601567704712375,6.4325872624311895,0.05583912037037037,0.0
716,23.866666666666667,152.04458919791662,52.86116259886537,161.22710069444443,150.33758680555556,141.91503472222223,6.601350793646617,6.432188592728721,0.0146875,0.0
717,23.9,152.02704744444443,52.87118608884754,161.20052083333334,150.32401041666665,141.88482638888888,6.6016765953866985,6.435557570793175,0.035515046296296295,0.0
718,23.933333333333334,152.03086959374997,52.874463152878874,161.2148784722222,150.32510416666668,141.88465277777777,6.6018399470365345,6.430880279251166,0.14221064814814816,0.0
719,23.966666666666665,152.00520727777777,52.8876504204299,161.17798611111112,150.30477430555555,141.83923611111112,6.6020893021680305,6.437263905452497,0.05267361111111111,0.0
720,24.0,152.01184051388887,52.883445929058134,161.18909722222222,150.3096875,141.84972222222223,6.601629459426524,6.43723071899524,0.015596064814814814,0.0
721,24.033333333333335,151.9860485902778,52.89022479123812,161.1521527777778,150.28946180555556,141.80163194444444,6.603083165161634,6.443479393692511,0.04322337962962963,0.0
722,24.066666666666666,152.4248154722222,51.99633608447023,161.82493055555557,150.67802083333333,142.04868055555556,6.490130138635356,5.004116642298296,1.6062789351851852,0.022222222222222223
723,24.1,152.28778639583334,52.072177220713314,161.63274305555555,150.57090277777777,141.77777777777777,6.495115729610285,5.01095155713548,0.33340277777777777,2.3148148148148147e-05
724,24.133333333333333,152.29170774305555,52.07106425118892,161.63847222222222,150.57409722222224,141.7835763888889,6.494814987255067,5.010766827202749,0.009340277777777777,0.0
725,24.166666666666668,152.27143504513887,52.06811133361524,161.60302083333335,150.5610763888889,141.73616319444446,6.498744041839677,5.015056517318727,0.03759837962962963,0.0
726,24.2,152.34998662847224,52.10969841018345,161.83317708333334,150.61017361111112,141.66006944444445,6.501046044598551,5.031493111936524,0.55375,0.0
727,24.233333333333334,151.99882480555556,52.142283729330615,161.02854166666665,150.50583333333333,140.1992361111111,6.493781952416768,5.083007391084195,0.9941840277777778,0.0
728,24.266666666666666,152.00509036458334,52.14331729988428,161.03704861111112,150.51123263888888,140.20748263888888,6.493185496900561,5.083937683001149,0.016516203703703703,0.0
729,24.3,151.89727799305555,52.081271796777095,160.7939236111111,150.49534722222222,139.5875,6.449934092627306,5.094248799008555,0.33716435185185184,0.0
730,24.333333333333332,151.91329636458335,52.07446830314613,160.82800347222224,150.50475694444444,139.6157986111111,6.449549199825454,5.094137301563239,0.05427662037037037,0.0
731,24.366666666666667,151.90026587499997,52.085475192976084,160.79852430555556,150.49822916666668,139.58678819444444,6.448945984466284,5.095776585590177,0.035515046296296295,0.0
732,24.4,151.9048647986111,52.080691365449184,160.80661458333333,150.50140625,139.5951909722222,6.448964447294612,5.0953813644299135,0.009600694444444445,0.0
733,24.433333333333334,151.87634843749998,52.08517897327564,160.7590625,150.48069444444445,139.54541666666665,6.455074999054234,5.138620327328136,0.07588541666666666,0.00030092592592592595
734,24.466666666666665,151.85479731249998,52.085842634093034,160.7343402777778,150.45821180555555,139.54243055555557,6.463923320048824,5.211278317552937,0.16245949074074073,0.0032233796296296294
735,24.5,151.84006349652776,52.099517351572025,160.70081597222222,150.44722222222222,139.5459375,6.4820335095061665,5.317721573684494,0.27591435185185187,0.00636574074074074
736,24.533333333333335,151.80765603472219,52.140718706849476,160.65541666666667,150.41699652777777,139.5301736111111,6.496340538452549,5.427975556429372,0.3181481481481481,0.007893518518518518
737,24.566666666666666,151.78750098958332,52.19788055441376,160.6259375,150.3971701388889,139.53421875,6.505713681471972,5.55990182924652,0.5242766203703704,0.009016203703703703
738,24.6,151.59912679166663,52.23090038823997,160.6129861111111,150.15979166666668,139.31472222222223,6.5232590578430845,5.732577967011183,0.8321412037037037,0.013119212962962963
739,24.633333333333333,151.25330397569445,52.41437165707545,160.46756944444445,149.76217013888888,138.8918923611111,6.548238186405918,5.91623933273206,1.2641666666666667,0.019149305555555555
740,24.666666666666668,151.25137855902778,52.52507204669299,160.47213541666667,149.75322916666667,138.94034722222221,6.554374224754291,6.061699135616057,0.681255787037037,0.011591435185185186
741,24.7,150.93824748958332,52.63485634208291,160.2668402777778,149.41222222222223,138.58581597222224,6.574577293424735,6.211507306824992,1.6505902777777777,0.02435763888888889
742,24.733333333333334,150.91630501041666,52.74046528004259,160.2329513888889,149.39222222222222,138.57980902777777,6.579797273477996,6.296222952005486,0.5086111111111111,0.010393518518518519
743,24.766666666666666,150.65569982986108,52.75207691126491,160.16175347222222,149.0832465277778,138.240625,6.589512274491694,6.337406097370229,1.7475289351851853,0.026221064814814815
744,24.8,150.6461255659722,52.75654630095065,160.14409722222223,149.07597222222222,138.23206597222222,6.588258311808889,6.353325008566084,0.14328125,0.003125
745,24.833333333333332,150.6560821701389,52.773137597953486,160.17635416666667,149.07852430555556,138.2497048611111,6.589566951413774,6.361796258295486,1.5533275462962963,0.020405092592592593
746,24.866666666666667,150.5594445659722,52.78275851075867,160.14730902777777,148.9665625,138.10583333333332,6.58804176663248,6.375794866535831,1.6722395833333332,0.021608796296296296
747,24.9,150.6658581284722,52.814570712607086,160.32362847222223,149.01159722222224,138.61440972222223,6.606600285107417,6.3327808595369035,1.6880902777777778,0.01940972222222222
748,24.933333333333334,150.66386545486108,52.82133757723351,160.31295138888888,149.03847222222223,138.35203125,6.615853683211054,6.344689553318291,0.15243055555555557,0.0
749,24.966666666666665,150.68800314236108,52.82381054573381,160.3226388888889,149.04555555555555,138.58765625,6.620241195288094,6.349952464436188,0.12060185185185185,0.0
750,25.0,151.17481215625,52.42231591844055,160.73960069444445,149.60869791666667,138.52399305555556,6.625616733588526,6.356355277435426,1.8112905092592593,0.02095486111111111
751,25.033333333333335,151.12806858680554,52.40414949063214,160.7860763888889,149.4879513888889,138.93581597222223,6.617074736795464,6.305745579209427,1.7541261574074074,0.021423611111111112
752,25.066666666666666,151.10141473263886,52.40112475818601,160.77208333333334,149.47848958333333,138.7015798611111,6.613557582737991,6.301985734598683,0.13056134259259258,0.0
753,25.1,151.2543656284722,52.2702698545908,160.9426736111111,149.60307291666666,139.08359375,6.602356602033676,6.2770769500157115,1.556724537037037,0.021828703703703704
754,25.133333333333333,151.44663956944441,52.04904545815534,161.12743055555555,149.84166666666667,138.83916666666667,6.577194954591331,6.231333426024232,1.5373148148148148,0.02041087962962963
755,25.166666666666668,151.46720193055555,52.04133122093811,161.15675347222222,149.85717013888888,138.8840451388889,6.576699248839661,6.231068592620483,0.04044560185185185,0.0
756,25.2,151.45911359375,52.046090191509926,161.14633680555556,149.8503472222222,138.87027777777777,6.576897751240802,6.2309070651175595,0.01628472222222222,0.0
757,25.233333333333334,151.56040015624998,51.98524763163788,161.2515798611111,149.9501388888889,138.97472222222223,6.5733032119260315,6.224014144240517,1.201851851851852,0.01885416666666667
758,25.266666666666666,151.55627409375,51.99014036938984,161.23916666666668,149.95038194444444,138.95171875,6.573382669604618,6.225487064723522,1.0077199074074075,0.015289351851851853
759,25.3,151.5828930625,51.96646627044407,161.28130208333334,149.96961805555554,139.00578125,6.572181287884324,6.223817334383373,0.9283275462962963,0.014542824074074074
760,25.333333333333332,151.57291203124998,51.97194619701284,161.268125,149.96109375,138.99078125,6.572128738449876,6.222458772651748,0.02798611111111111,0.0
761,25.366666666666667,151.3785577847222,52.100849119859454,161.11887152777777,149.75611111111112,138.76890625,6.573374235223982,6.262812206877214,0.9502777777777778,0.014890046296296297
762,25.4,151.33575003125,52.12515081048561,161.06197916666667,149.7203298611111,138.69796875,6.574044465112621,6.2599174772053505,0.14453703703703705,1.736111111111111e-05
763,25.433333333333334,151.16171950694445,52.3637704441599,160.9171875,149.53706597222222,138.52930555555557,6.575459978026266,6.221083722593031,0.7400636574074074,0.013570601851851851
764,25.466666666666665,151.15107027430554,52.36952498390155,160.90258680555556,149.52847222222223,138.50993055555554,6.575338566930247,6.222761013713638,0.024259259259259258,0.0
765,25.5,150.98590241666668,52.38897272703295,160.83390625,149.34274305555556,138.26432291666666,6.597098344704165,6.250536546264757,0.7911284722222223,0.019936342592592592
766,25.533333333333335,150.8202296284722,52.28709999938781,160.75079861111112,149.1615972222222,138.00880208333334,6.607614497874991,6.307759206830635,0.9248668981481482,0.022702546296296297
767,25.566666666666666,150.96757285416663,52.27242427145907,161.03944444444446,149.26774305555554,138.14815972222223,6.635230874974866,6.444026940951607,1.6092418981481482,0.024699074074074075
768,25.6,150.9828391875,52.27753755862663,161.0528125,149.27697916666668,138.22875,6.643094162617523,6.44584663971637,0.036631944444444446,0.0
769,25.633333333333333,150.96306221180552,52.26923506574469,161.0219965277778,149.26059027777777,138.20791666666668,6.635194227144661,6.448262128119959,0.027008101851851853,0.0
770,25.666666666666668,150.99550835069442,52.268050307519545,161.08927083333333,149.28055555555557,138.26144097222223,6.637448436158424,6.467816521457957,0.36582175925925925,0.00866898148148148
771,25.7,150.99881869791665,52.25414363063553,161.08918402777778,149.28522569444445,138.26128472222223,6.637083864895792,6.466108764365991,0.17148726851851853,0.004201388888888889
772,25.733333333333334,151.00345203125,52.25369894837016,161.09552083333332,149.28916666666666,138.26776041666668,6.636378591477287,6.46657745589747,0.010850694444444444,0.0
773,25.766666666666666,151.0142572361111,52.235629978469916,161.0928125,149.30491319444445,138.26940972222224,6.636547815134855,6.466258337444591,0.26288194444444446,0.0052199074074074075
774,25.8,150.96976431249996,52.28624019476614,161.0687326388889,149.25303819444446,138.23793402777778,6.630438264199233,6.4426224355132655,0.4192824074074074,0.011840277777777778
775,25.833333333333332,150.9654156597222,52.28933152561154,161.06055555555557,149.25071180555557,138.22482638888889,6.629214781027986,6.442915658262211,0.027627314814814816,0.0
776,25.866666666666667,150.97085219444443,52.28675009493501,161.06829861111112,149.25515625,138.2332986111111,6.6290119779443675,6.442869390681886,0.010902777777777779,0.0
777,25.9,150.96125630555554,52.29151534429175,161.05211805555555,149.24835069444444,138.21545138888888,6.628739581354788,6.4434686236309595,0.028587962962962964,0.0
778,25.933333333333334,150.98069814583332,52.2828352992174,161.09019097222222,149.26053819444445,138.25189236111112,6.629887544481404,6.443128826413091,0.05197916666666667,0.0
779,25.966666666666665,150.95655712847224,52.292923707871,161.05815972222223,149.23925347222223,138.2226909722222,6.627318551935449,6.443965746840638,0.04601273148148148,0.0
780,26.0,150.95624748263887,52.28601148646932,161.06090277777778,149.23782986111112,138.22442708333332,6.624719419638519,6.443997416210847,0.021944444444444444,0.0
781,26.033333333333335,150.86795813888887,52.24690662279343,160.98484375,149.14520833333333,138.14303819444444,6.623882634620183,6.444174086034079,0.09506944444444444,0.0
782,26.066666666666666,150.86162560416668,52.233713805811504,160.9847048611111,149.13644097222223,138.14258680555557,6.6157205125564085,6.443877706120514,0.03335069444444445,0.0
783,26.1,150.56438963541663,52.04457488120926,160.6560763888889,148.85178819444445,137.81314236111112,6.622550919414619,6.448218525919107,0.3239525462962963,0.003269675925925926
784,26.133333333333333,150.5247156909722,52.02603392445238,160.65963541666667,148.80052083333334,137.76100694444443,6.620620461732438,6.447850664924383,0.6900173611111111,0.0
785,26.166666666666668,149.66599708680556,51.597984560772765,159.95833333333334,147.89725694444445,136.8800173611111,6.658705650225041,6.497857979864261,0.8835763888888889,0.02376736111111111
786,26.2,147.77200496527777,51.22799165911681,158.2084201388889,145.97348958333333,134.85671875,6.732865079888797,6.538192021955127,1.9092939814814816,0.05475694444444444
787,26.233333333333334,146.7891654965278,51.21911733754131,157.27395833333333,144.99956597222223,133.6431076388889,6.784211812022094,6.681052949930702,2.8677372685185185,0.07078125
788,26.266666666666666,147.0977493611111,50.55683315097541,157.68925347222222,145.29864583333332,133.73161458333334,6.699076177345043,5.600885488716143,1.1391898148148147,0.016921296296296295
789,26.3,147.09998269097224,50.552078346885864,157.69677083333335,145.29925347222223,133.7343923611111,6.698159970493219,5.602765841076678,0.040497685185185185,0.0
790,26.333333333333332,145.45595496527775,51.61386868982544,156.17822916666665,143.61071180555555,132.16180555555556,6.756942807521737,6.337484574987377,4.754508101851852,0.0894675925925926
791,26.366666666666667,144.57195191666668,52.55075011201878,155.181875,142.76184027777776,131.260625,6.777620036431463,6.993204231205695,6.034554398148148,0.0976099537037037
792,26.4,144.55152329861113,52.54341048125423,155.16005208333334,142.74105902777777,131.24779513888888,6.782278172934137,7.037048586231341,0.06240162037037037,0.00038194444444444446
793,26.433333333333334,145.42457132291665,52.937210321380604,156.16052083333332,143.574375,132.13921875,6.790815441088257,7.218782786097587,7.2401736111111115,0.10233217592592593
794,26.466666666666665,146.6362214236111,53.648433294008115,157.32081597222222,144.7945486111111,133.41765625,6.802221907745123,7.665952830663477,7.211082175925926,0.09892361111111111
795,26.5,146.61386224999998,53.696267125513785,157.28489583333334,144.7736111111111,133.42114583333333,6.81752725951449,7.805627732859197,0.4284837962962963,0.00902199074074074
796,26.533333333333335,146.5725920347222,53.76839989452432,157.2278472222222,144.7328298611111,133.42149305555554,6.829956364800091,7.944960337477671,0.48835069444444446,0.010601851851851852
797,26.566666666666666,146.80373659375,54.08419835152823,157.47913194444445,144.94770833333334,133.75446180555556,6.852267275588975,8.181179805303564,4.360034722222222,0.07060185185185185
798,26.6,146.68724982291664,54.225740044304835,157.33609375,144.83779513888888,133.65104166666666,6.861903517207413,8.350074041465147,1.2004224537037036,0.02402199074074074
799,26.633333333333333,146.64867417013886,54.35173307168029,157.28815972222222,144.80019097222223,133.63039930555556,6.868480438567566,8.488437457749695,0.8306018518518519,0.013414351851851853
800,26.666666666666668,146.64803055902775,54.45799015241647,157.28222222222223,144.7965798611111,133.67473958333332,6.8748664817790175,8.59449593281775,0.7852893518518519,0.013287037037037036
801,26.7,146.5548341875,54.59872194256554,157.15118055555556,144.7146875,133.58100694444445,6.878005040899959,8.65852986835826,0.8409143518518518,0.012413194444444444
802,26.733333333333334,146.55537989930554,54.624364495090475,157.14836805555555,144.71553819444443,133.5884201388889,6.877954945033045,8.694780367894655,0.41055555555555556,0.009537037037037037
803,26.766666666666666,146.5355037986111,54.634436313132035,157.12284722222222,144.69770833333334,133.56489583333334,6.8799128310722795,8.705717043605969,0.15096064814814814,0.0037731481481481483
804,26.8,146.6918031736111,54.65115959721868,157.4125173611111,144.79144097222223,133.94824652777777,6.8850322315157095,8.698189576326378,0.31147569444444445,0.0
805,26.833333333333332,146.6533868125,54.66586478243882,157.3428125,144.76460069444445,133.88729166666667,6.883908126173493,8.696701720896234,0.08908564814814815,0.0
806,26.866666666666667,146.73171144097222,54.68484353059037,157.4362326388889,144.82741319444443,134.07482638888888,6.88401368555094,8.690335806060752,0.19609375,0.0
807,26.9,146.54104240972222,54.71670975966299,156.884375,144.77446180555555,133.58350694444445,6.8682210360455365,8.69781551349862,0.5041377314814814,0.0
808,26.933333333333334,146.59191176388887,54.71449686609795,156.98260416666668,144.8046527777778,133.69975694444443,6.868202863533911,8.693219461128454,0.11007523148148148,0.0
809,26.966666666666665,146.57302468055556,54.723155309075565,156.94503472222223,144.79390625,133.65524305555556,6.868401196730905,8.694314380832743,0.051244212962962964,0.0
810,27.0,146.5831569236111,54.71977473041757,156.95921875,144.80227430555556,133.6709201388889,6.868382617523433,8.694732886574396,0.021516203703703704,0.0
811,27.033333333333335,146.54497744097222,54.72856234122092,156.87206597222223,144.78348958333333,133.5848263888889,6.867514456128664,8.692405426155213,0.08448495370370371,0.0
812,27.066666666666666,146.57926968750002,54.713576288981066,156.92920138888888,144.80835069444444,133.64527777777778,6.8667219822806915,8.69250725826034,0.06387152777777778,0.0
813,27.1,146.57063767013886,54.71592130885879,156.9131423611111,144.80258680555556,133.63010416666665,6.866624368777158,8.69243608493369,0.02938078703703704,0.0
814,27.133333333333333,146.5749604895833,54.71317300267247,156.91743055555557,144.80694444444444,133.6341840277778,6.866419845998916,8.691418292248116,0.02657986111111111,0.0
815,27.166666666666668,146.5524719236111,54.72055649317109,156.86875,144.7939236111111,133.5950347222222,6.8669023608858275,8.69064868167382,0.049797453703703705,0.0
816,27.2,146.56922633680554,54.71282997637046,156.89638888888888,144.80616319444445,133.62446180555557,6.867047058275844,8.69096937919274,0.03369212962962963,0.0
817,27.233333333333334,146.56227477430554,54.71637198898778,156.88602430555557,144.80043402777778,133.61545138888889,6.86697098632786,8.690298419838799,0.01853009259259259,0.0
818,27.266666666666666,146.56769166319444,54.71310231190465,156.8929861111111,144.80527777777777,133.62199652777778,6.866771247360328,8.691581783195687,0.012517361111111111,0.0
819,27.3,146.54864265972222,54.71719712144809,156.86350694444445,144.7901736111111,133.59458333333333,6.867646429489369,8.691696416242953,0.03127893518518519,0.0
820,27.333333333333332,146.5731466215278,54.70532962400212,156.89647569444443,144.81098958333334,133.63069444444446,6.867446297992097,8.691280083816517,0.054224537037037036,0.0
821,27.366666666666667,146.55881505208333,54.708129164703855,156.87175347222222,144.80147569444443,133.5992361111111,6.867192755091948,8.682119744216632,0.15984953703703703,0.00015625
822,27.4,146.56603948958335,54.70434539557882,156.88147569444445,144.8076388888889,133.60961805555556,6.867207787951413,8.682884428730329,0.013952546296296296,0.0
823,27.433333333333334,146.55369892013888,54.70776612510351,156.86123263888888,144.79836805555556,133.5901388888889,6.868091322213303,8.68322845105663,0.02238425925925926,0.0
824,27.466666666666665,146.5774664548611,54.69852188649514,156.89428819444444,144.81848958333333,133.6226736111111,6.868005162591179,8.683388826116953,0.03858217592592592,0.0
825,27.5,146.56827159375,54.70009863332213,156.88079861111112,144.81085069444444,133.61071180555555,6.8680733246951995,8.683689517661444,0.022256944444444444,0.0
826,27.533333333333335,146.5743803784722,54.6965521037449,156.88881944444444,144.81618055555555,133.61890625,6.868400530655365,8.683579852518879,0.016811342592592593,0.0
827,27.566666666666666,146.54167852430555,54.70458279543906,156.84659722222221,144.78737847222223,133.5756076388889,6.868943355819205,8.683843782465011,0.04887152777777778,0.0
828,27.6,146.55986064930553,54.694069146613124,156.873125,144.80248263888888,133.59970486111112,6.867980121163669,8.684956664034878,0.03320601851851852,0.0
829,27.633333333333333,146.5469639201389,54.70153948131537,156.85789930555555,144.79057291666666,133.58388888888888,6.867638678407091,8.685026222287167,0.025752314814814815,0.0
830,27.666666666666668,146.55067059375,54.698676857118684,156.86395833333333,144.7934375,133.58901041666667,6.867587313717175,8.685325648394219,0.009322916666666667,0.0
831,27.7,146.5288911597222,54.70162499430827,156.8359548611111,144.77420138888888,133.56036458333332,6.867581857480121,8.686529822522688,0.03074652777777778,0.0
832,27.733333333333334,146.5416931979167,54.69524030534336,156.85413194444445,144.78484375,133.57873263888888,6.867936843093695,8.68612881697927,0.02304398148148148,0.0
833,27.766666666666666,146.53152813194447,54.695847762801996,156.84315972222223,144.77517361111111,133.56604166666668,6.8682217264582235,8.68721059766053,0.01792824074074074,0.0
834,27.8,146.52895682986107,54.696987600734424,156.84159722222222,144.77210069444445,133.56546875,6.8679695594050045,8.687942652162153,0.02079861111111111,0.0
835,27.833333333333332,146.50021525,54.690736312115185,156.80852430555555,144.74520833333332,133.53116319444445,6.8683982167188375,8.68994982885832,0.03962962962962963,0.0
836,27.866666666666667,146.5176172638889,54.682443153657225,156.83149305555557,144.76026041666665,133.55545138888888,6.868289363184589,8.688525237349292,0.02950810185185185,0.0
837,27.9,146.50429940277775,54.679816811499514,156.81449652777778,144.74828125,133.53970486111112,6.868324793408455,8.68847965911888,0.02400462962962963,0.0
838,27.933333333333334,146.5076159548611,54.67762670139413,156.81824652777777,144.7514409722222,133.5432986111111,6.868211031257672,8.68762535487922,0.012413194444444444,0.0
839,27.966666666666665,146.47501846180552,54.6819290310317,156.78135416666666,144.72074652777778,133.50449652777777,6.867217660022782,8.687570563496529,0.09422453703703704,0.0
840,28.0,146.4830354201389,54.675985268830736,156.78944444444446,144.72855902777778,133.51432291666666,6.866998636883688,8.68638437521222,0.014027777777777778,0.0
841,28.033333333333335,146.47784240972223,54.67793354743585,156.78305555555556,144.72381944444444,133.50815972222222,6.867072784357279,8.687271665029096,0.012256944444444445,0.0
842,28.066666666666666,146.48041476041666,54.67610905486485,156.78645833333334,144.72602430555557,133.51192708333335,6.867241013505519,8.687074228215137,0.00525462962962963,0.0
843,28.1,146.47386176041664,54.677658854075155,156.77836805555555,144.72006944444445,133.50397569444445,6.867607941672723,8.688212031112876,0.010028935185185186,0.0
844,28.133333333333333,146.47535231597223,54.676242244206854,156.77994791666666,144.72151041666666,133.50569444444446,6.867496722735263,8.68752016414932,0.0036747685185185186,0.0
845,28.166666666666668,146.47485165972222,54.676700417364614,156.7786111111111,144.7212673611111,133.50510416666665,6.867480672552597,8.687112059354744,0.00265625,0.0
846,28.2,197.0909162152778,47.282033859369996,214.73197916666666,193.59338541666668,179.79097222222222,6.259409538913195,4.638532069109633,69.23849537037037,0.9405381944444444
847,28.233333333333334,197.09177187499998,47.28100666149184,214.73394097222223,193.59395833333335,179.79137152777778,6.259137981766031,4.638297805642025,0.006417824074074074,0.0
848,28.266666666666666,191.83885472222218,17.36956600859344,198.87140625,190.983125,179.60751736111112,5.363560866462712,1.5877747869047585,34.74356481481482,0.7324537037037037
849,28.3,190.59357830902778,22.218171098968174,197.57942708333334,189.74428819444444,178.43597222222223,5.414049187175609,1.7921033549264074,1.6933217592592593,0.012146990740740741
850,28.333333333333332,186.29853829513885,33.41792960648121,193.0967361111111,185.49921875,174.19848958333333,5.544791137882232,2.285890525941242,6.199409722222223,0.04421875
851,28.366666666666667,182.27656564236108,41.1257943674614,189.00347222222223,181.45848958333335,170.57223958333333,5.680760221019192,2.639287507117019,10.135844907407407,0.07428240740740741
852,28.4,179.0541891736111,45.28461704916631,185.81255208333334,178.1927951388889,167.68633680555556,5.676488603812622,1.70133419598606,15.981221064814815,0.12261574074074075
853,28.433333333333334,175.54804134375,48.97560743311543,182.18036458333333,174.6952777777778,164.46583333333334,5.804486375695539,2.0933191536439333,20.62673611111111,0.1478414351851852
854,28.466666666666665,175.51830921875,48.96664900662547,182.14744791666666,174.66557291666666,164.44520833333334,5.8134462341664985,2.152580026826856,0.11269097222222223,0.0029340277777777776
855,28.5,172.93276957986114,51.774450178669305,179.49829861111112,172.07453125,162.10147569444445,5.891384049166052,2.543770453603532,24.755914351851853,0.1835300925925926
856,28.533333333333335,171.33503420833333,53.10309224067151,177.87368055555555,170.47579861111112,160.59277777777777,5.939293193553068,2.840558234216199,23.917002314814816,0.18204861111111112
857,28.566666666666666,170.71486994097222,53.425424003619895,177.27473958333334,169.85595486111112,159.90694444444443,5.974012864667961,3.073069895020325,24.492083333333333,0.18777777777777777
858,28.6,169.32081064236112,54.492010656168596,175.83776041666667,168.46159722222222,158.64222222222222,6.033158699463327,3.3121148984614734,19.734045138888888,0.16101273148148149
859,28.633333333333333,169.24713643402777,54.59330086261432,175.74885416666666,168.39262152777778,158.56685763888888,6.043091607965843,3.438064338266235,0.5934895833333333,0.010318287037037037
860,28.666666666666668,165.98176477430553,57.77735018656403,172.38460069444446,165.13079861111112,155.5575,6.119277235851748,3.84019491886027,20.67552662037037,0.16304976851851852
861,28.7,166.90047618402775,57.31693021360355,173.29770833333333,166.04748263888888,156.5127951388889,6.072054592068467,3.2998364394936655,19.659195601851852,0.15969907407407408
862,28.733333333333334,171.56134970138888,53.14503697353214,178.05602430555555,170.70902777777778,160.88008680555555,5.942795718606182,2.6067908519407132,13.821817129629629,0.1150925925925926
863,28.766666666666666,174.4093278784722,50.5283701122186,180.96383680555556,173.5548784722222,163.5729513888889,5.870437842174405,2.2718438052304735,6.528356481481482,0.06226851851851852
864,28.8,174.3983908576389,50.535944999285874,180.94998263888888,173.5459548611111,163.55065972222224,5.871921291053303,2.2718236932845848,0.11689814814814815,0.0025462962962962965
865,28.833333333333332,176.62808979166664,49.23539529842786,183.33383680555556,175.72696180555556,165.8087673611111,5.801785651595846,2.056610624422928,3.269056712962963,0.022916666666666665
866,28.866666666666667,175.76570872916665,50.51694809421681,184.13302083333335,174.4778125,163.885,5.834248801685359,2.066358573287051,2.6400636574074072,0.021840277777777778
867,28.9,173.9821680763889,52.28863986177439,184.27512152777777,172.19734375,161.35369791666668,5.88629987527635,1.9472468187333507,2.18171875,0.020561342592592593
868,28.933333333333334,170.2546923784722,53.798320128128836,184.39046875,167.52984375,155.6223611111111,6.0627245117636255,1.923543159460138,4.881545138888889,0.04684606481481481
869,28.966666666666665,170.44884463194444,53.87884577153991,184.59256944444445,167.71869791666666,155.84559027777777,6.064062518723968,1.9094621625721917,0.22396412037037036,0.0
870,29.0,169.82586443055553,53.08419197290681,184.80380208333332,166.90864583333334,154.61928819444444,6.090797012014683,2.0677872485468,6.471973379629629,0.06495949074074074
871,29.033333333333335,168.5300547222222,52.70497371222091,185.09845486111112,165.23081597222222,152.42442708333334,6.118440700174778,2.157193652597663,4.738350694444445,0.047997685185185185
872,29.066666666666666,168.14667702083332,52.91868763873187,184.9918576388889,164.7815451388889,151.8787673611111,6.138938410271399,2.2238002196643762,0.4784953703703704,0.005358796296296296
873,29.1,167.46127977083333,53.264723707244464,184.8515451388889,163.9573263888889,150.9634548611111,6.168996593160392,2.356252391767682,1.2072858796296295,0.014664351851851852
874,29.133333333333333,167.46019804166664,53.26497787449532,184.85052083333332,163.95626736111112,150.96197916666668,6.1688991341253505,2.356430172931273,0.004855324074074074,0.0
875,29.166666666666668,166.72673957986112,53.6500696822613,184.66059027777777,163.08519097222222,149.9912673611111,6.2021049361778235,2.511169002513091,2.334832175925926,0.027505787037037037
876,29.2,165.7625749479167,54.03128562253883,184.43673611111112,161.92930555555554,148.74633680555556,6.248028088876942,2.6999251953002616,4.116429398148148,0.04690393518518519
877,29.233333333333334,164.68690700694444,54.42405816720519,184.1157638888889,160.65921875,147.37427083333333,6.296396826627279,2.8883385055184867,5.826481481481482,0.06583333333333333
878,29.266666666666666,163.63276587500002,54.71492614876389,183.98246527777778,159.36744791666666,145.96253472222222,6.3489280637795655,3.0949808647463604,7.581180555555555,0.0847974537037037
879,29.3,163.62472352083333,54.71655998894715,183.97697916666667,159.35888888888888,145.95208333333332,6.349016943672963,3.095276055746251,0.021302083333333333,0.0
880,29.333333333333332,162.37308714930558,55.048374989646696,183.63769097222223,157.87262152777777,144.33815972222223,6.407568763860566,3.3115666810253614,8.739224537037037,0.10242476851851852
881,29.366666666666667,161.48226929861107,55.038852999758284,183.42784722222223,156.81579861111112,143.0865625,6.447902804284777,3.425969402501221,10.314976851851851,0.12274305555555555
882,29.4,160.1650501909722,55.18610782719431,182.8384027777778,155.30614583333335,141.53255208333334,6.530139350758603,3.489287499095779,10.635515046296296,0.13083333333333333
883,29.433333333333334,158.12814560416666,55.19957647114599,181.90289930555556,153.00640625,138.85605902777777,6.618364313836354,3.5017314513318505,12.749375,0.1597222222222222
884,29.466666666666665,158.12967639236112,55.19895656518759,181.90508680555556,153.00765625,138.8584375,6.61845615060392,3.5017318571095517,0.011012731481481481,0.0
885,29.5,157.82716132291668,55.149746876646304,181.9024826388889,152.64303819444444,138.2879861111111,6.618426130843335,3.4755626255006966,13.468819444444444,0.17309027777777777
886,29.533333333333335,156.91860791319445,54.96359422259261,181.05052083333334,151.73206597222222,137.23675347222223,6.675513116651519,3.845914164874034,9.016701388888889,0.14055555555555554
887,29.566666666666666,156.0347049895833,54.87074551671694,180.25677083333332,150.84145833333332,136.15380208333335,6.707794736144043,4.28786815343159,3.4236168981481483,0.0486400462962963
888,29.6,154.78894786111113,54.872003988889254,179.3513715277778,149.52001736111112,134.65553819444443,6.749269093254954,4.509590741248694,6.266736111111111,0.09259837962962963
889,29.633333333333333,153.7898462951389,54.94399251571924,178.42244791666667,148.5184375,133.47434027777777,6.7866746654508,4.570955237270241,8.02361111111111,0.12076388888888889
890,29.666666666666668,152.95447804166665,54.22932879586282,178.43977430555555,147.50885416666668,131.85387152777778,6.918634132656628,4.700821700358185,12.03802662037037,0.18594907407407407
891,29.7,153.1264177395833,54.17910824562504,178.76744791666667,147.69293402777777,131.44697916666667,6.970820652619204,4.748423708645402,10.869363425925926,0.16844328703703704
892,29.733333333333334,153.43152686458333,53.90755190283687,179.27765625,147.96034722222223,131.5215625,7.007754323417679,4.781099569282329,8.534253472222222,0.13531828703703705
893,29.766666666666666,154.41544594444446,53.63660317131247,179.83578125,149.1343923611111,131.8759201388889,7.055825070699875,4.7608469637949025,11.135497685185186,0.18850694444444444
894,29.8,154.19523352430554,53.30248684097875,179.82449652777777,148.83373263888888,131.83739583333335,7.048077220377453,4.780349919966375,3.350271990740741,0.0710474537037037
895,29.833333333333332,154.72003694444442,52.58588447552772,179.74619791666666,149.50307291666667,132.70633680555557,7.024162521575381,4.64750563485279,6.403755787037037,0.11345486111111111
896,29.866666666666667,156.78035391666666,52.89907945929145,178.2893576388889,152.46038194444444,136.23782986111112,7.0284042951132015,4.464610364293581,10.254797453703704,0.1697511574074074
897,29.9,158.96829167013888,52.666453630947906,177.3410763888889,155.46272569444446,139.59331597222223,6.934028953055315,4.4578503068660975,7.712766203703704,0.12373263888888889
898,29.933333333333334,164.37312238194443,50.67966663312176,178.73458333333335,161.87147569444446,146.86524305555557,6.736668809704076,4.16363795425783,14.194959490740741,0.23555555555555555
899,29.966666666666665,165.0833415902778,49.707696414685444,178.63878472222223,162.78581597222222,147.926875,6.719798972128031,4.144111970042362,5.228668981481482,0.09818865740740741
900,30.0,156.52647584375,48.764544820289416,170.22663194444445,154.25434027777777,138.69237847222223,6.809366838931734,4.062080755130042,12.49349537037037,0.20166087962962964
901,30.033333333333335,154.39330515972222,48.95033296642057,168.98145833333334,151.86791666666667,136.4530902777778,6.828478732852764,4.216927935868145,5.354774305555556,0.12311921296296297
902,30.066666666666666,152.93392202430553,49.01870524538433,168.01642361111112,150.2787673611111,134.82348958333333,6.846021348590984,4.533775147726178,4.3996759259259255,0.08335648148148148
903,30.1,151.3238955694444,48.74775228464181,167.32274305555555,148.4258159722222,132.9215625,6.789919168887678,4.853169631013224,8.083049768518519,0.15422453703703703
904,30.133333333333333,152.76650646874998,48.662203663574275,168.3452951388889,149.95654513888888,134.72819444444445,6.770048059136984,4.678671621399046,6.953362268518519,0.11139467592592593
905,30.166666666666668,154.27106217013892,49.490089988961785,169.96925347222222,151.4414236111111,136.07607638888888,6.812810731886547,4.96185347128638,10.479461805555555,0.17747685185185186
906,30.2,155.20112054861113,50.804416830143786,170.5106076388889,152.40619791666666,137.80682291666668,6.933760263645671,5.029295806199395,10.657534722222222,0.17835648148148148
907,30.233333333333334,155.7635875798611,51.583466178182604,170.6976736111111,153.04342013888888,138.7341840277778,6.937270542078152,5.020022347267464,7.9892766203703705,0.13024305555555554
908,30.266666666666666,159.99302342708333,50.66043487248042,175.22324652777777,157.1887847222222,142.9244097222222,6.839006771470068,5.070099546985702,11.96308449074074,0.21260416666666668
909,30.3,160.41929573958333,50.01683228551941,175.74838541666668,157.60777777777778,143.13166666666666,6.776346248797038,4.057549470708822,1.8426967592592594,0.026099537037037036
910,30.333333333333332,160.45910185069445,50.001065909827226,175.80168402777778,157.64376736111112,143.1695486111111,6.766771002894243,4.029083791464053,0.8616608796296297,0.011452546296296296
911,30.366666666666667,160.47847259722224,49.98914225776138,175.81605902777778,157.66836805555556,143.15182291666667,6.763789731009652,4.026933570581075,0.617662037037037,0.008564814814814815
912,30.4,160.48505701041665,49.97960611540666,175.813125,157.67784722222223,143.15776041666666,6.763978193451969,4.066179428588038,0.16299189814814816,0.000792824074074074
913,30.433333333333334,160.4994369201389,49.99074609223869,175.83420138888889,157.68387152777777,143.23519097222223,6.769841581596657,4.1420953551072515,0.18195023148148148,0.004016203703703704
914,30.466666666666665,160.4566532604167,50.030899427463176,175.74559027777778,157.65675347222222,143.1721701388889,6.784623213368167,4.2645094370361525,0.2853819444444444,0.007621527777777777
915,30.5,160.4397995347222,50.08808727775616,175.7200173611111,157.63873263888888,143.19255208333334,6.795978444905648,4.392745096733443,0.3957465277777778,0.009809027777777778
916,30.533333333333335,160.3867061701389,50.17973245243152,175.63465277777777,157.59383680555555,143.15328125,6.804308315129223,4.551807132394184,0.5158622685185185,0.011064814814814816
917,30.566666666666666,160.34604374652778,50.28366472826044,175.5888888888889,157.5521527777778,143.13776041666668,6.810721507274141,4.696769741129387,0.6420428240740741,0.01277199074074074
918,30.6,160.33282520138889,50.452599991981565,175.58727430555555,157.52739583333334,143.2046701388889,6.819859104278946,4.894692927080718,0.7605613425925926,0.013796296296296296
919,30.633333333333333,160.30962764236114,50.53279961067266,175.53949652777777,157.5115625,143.1809027777778,6.823750701188964,4.965741413049294,0.7552835648148148,0.014143518518518519
920,30.666666666666668,160.26566302430555,50.705428966699294,175.4807986111111,157.46835069444444,143.17286458333334,6.831790697563348,5.13127415788532,0.738130787037037,0.014722222222222222
921,30.7,160.23422507291667,50.77960632361764,175.41840277777777,157.44803819444445,143.1223784722222,6.83350690015871,5.19654842515528,0.6464814814814814,0.012366898148148148
922,30.733333333333334,160.22333198958336,50.82493474870568,175.40788194444445,157.43401041666667,143.14144097222223,6.834764121916932,5.2305252455292415,0.4388310185185185,0.009959490740740741
923,30.766666666666666,160.2110561736111,50.832064201249,175.38237847222223,157.42734375,143.11255208333333,6.835702864524084,5.244256966665668,0.16516782407407407,0.0034780092592592592
924,30.8,160.21493461805557,50.8315517934024,175.38927083333334,157.42989583333335,143.12069444444444,6.835800843076823,5.243843835150654,0.01015625,0.0
925,30.833333333333332,160.20735180555556,50.83274036031051,175.36923611111112,157.42756944444446,143.09770833333334,6.835343546800269,5.244471362090005,0.022824074074074073,0.0
926,30.866666666666667,160.31283240972223,50.79075293065054,175.5468576388889,157.50470486111112,143.27154513888888,6.837298142281313,5.251262916655112,0.2181886574074074,0.0
927,30.9,160.29686306597222,50.79293956045828,175.49177083333333,157.50597222222223,143.20001736111112,6.835073128895658,5.257890004654884,0.10039351851851852,0.0
928,30.933333333333334,160.31114293055555,50.784946992649246,175.51092013888888,157.51807291666665,143.2215451388889,6.835049344640561,5.259792567612286,0.027488425925925927,0.0
929,30.966666666666665,160.29453810069444,50.784299038992515,175.4572048611111,157.51723958333332,143.15798611111111,6.833291991521224,5.260475398475824,0.05762152777777778,0.0
930,31.0,160.3089227604167,50.78700006856052,175.48722222222221,157.52541666666667,143.1878298611111,6.833870449985856,5.260305393743105,0.04235532407407407,0.0
931,31.033333333333335,160.29941441319443,50.78882006846131,175.47112847222223,157.51895833333333,143.1675,6.833834279399748,5.261770425485713,0.023773148148148147,0.0
932,31.066666666666666,160.30308367013885,50.78843417133124,175.47692708333332,157.52157986111112,143.17527777777778,6.833942946172997,5.261411334388724,0.009577546296296296,0.0
933,31.1,160.2937244097222,50.78661525372592,175.44942708333335,157.51852430555556,143.15689236111112,6.833130387455927,5.261562347420092,0.025052083333333332,0.0
934,31.133333333333333,160.29367808680556,50.78680837759754,175.44953125,157.5184548611111,143.15663194444446,6.833146354629441,5.261538482019068,0.0009085648148148148,0.0
935,31.166666666666668,151.47064354513887,52.62702603174257,155.98680555555555,151.148125,141.3671701388889,6.865296247310359,9.632875833354007,50.512262731481485,0.6309027777777778
936,31.2,151.4749431145833,52.62786567631122,156.00520833333334,151.14649305555557,141.38869791666667,6.865787473444392,9.633079380318303,0.020150462962962964,0.0
937,31.233333333333334,151.4729429097222,52.62813115113923,156.00277777777777,151.14473958333335,141.38552083333335,6.86580261698675,9.632901821219805,0.003553240740740741,0.0
938,31.266666666666666,151.34443212152775,52.62635888545983,155.89789930555557,151.0115625,141.23364583333333,6.877840673769894,9.662635052623006,0.1358912037037037,0.00359375
939,31.3,151.34143664930554,52.626730394504385,155.88260416666665,151.01350694444446,141.21793402777777,6.877055370840874,9.66324708720379,0.015729166666666666,0.0
940,31.333333333333332,151.14964795138889,52.70795187224823,155.72835069444446,150.80911458333333,141.04046875,6.884228172202923,9.694331068825537,0.4240393518518519,0.0090625
941,31.366666666666667,150.61500824652776,52.69643221016993,155.23833333333334,150.25973958333333,140.52039930555554,6.932240285105985,9.825720577777389,1.0881307870370371,0.023616898148148147
942,31.4,149.9277357534722,52.619159984898026,154.60984375,149.5534722222222,139.84819444444443,6.967885782163664,9.802714148233196,2.5014641203703705,0.05453703703703704
943,31.433333333333334,149.92531252083333,52.61837289487677,154.62059027777778,149.54534722222223,139.8634722222222,6.968419754332161,9.80244440179402,0.022042824074074076,0.0
944,31.466666666666665,149.71356849652778,53.13107105785325,154.3867013888889,149.33508680555556,139.70223958333332,6.983093521477931,9.85737958686752,4.445104166666667,0.0875636574074074
945,31.5,148.41802015624998,53.53163262283645,153.1237152777778,148.03442708333333,138.36144097222223,7.028925461413108,9.551551211460225,4.5699652777777775,0.09987847222222222
946,31.533333333333335,148.42090603124998,53.53267653472775,153.1404340277778,148.03190972222222,138.37711805555554,7.029310660304391,9.55315591350621,0.030399305555555554,0.0
947,31.566666666666666,148.96777854166666,52.617300658192384,153.65465277777778,148.5967013888889,138.8426388888889,7.024109605443078,9.177824600938589,5.914508101851852,0.11564814814814815
948,31.6,150.99472504166667,51.458420349412485,155.43,150.6721701388889,141.12979166666668,6.966590612053964,8.910292100124366,6.8420196759259255,0.1255960648148148
949,31.633333333333333,152.07130394791668,51.32329755280618,156.33569444444444,151.79835069444445,142.21821180555557,6.9193677756533924,8.773512462000202,6.384693287037037,0.13454282407407409
950,31.666666666666668,152.06784726041667,51.32019237513207,156.33828125,151.79197916666666,142.22583333333333,6.919557005440912,8.773940930746008,0.04609375,0.0
951,31.7,152.17243696874996,51.756637949606684,156.24675347222222,151.95973958333335,142.28215277777778,6.914975608497293,8.687434735164079,7.306128472222222,0.15951967592592592
952,31.733333333333334,151.8182134826389,52.292526160692574,155.5882638888889,151.68565972222223,142.0299826388889,6.8882770980621935,8.528661328607667,7.481938657407407,0.15973958333333332
953,31.766666666666666,151.81471416666668,52.29007190258564,155.59850694444444,151.6760763888889,142.04628472222223,6.889928162579246,8.530009005166162,0.05465856481481481,0.0
954,31.8,150.5631409236111,52.778958459891214,154.1339236111111,150.47987847222223,140.87340277777778,6.894657432684079,8.552930905887521,7.471707175925926,0.15981481481481483
955,31.833333333333332,149.90454779166666,53.43533771016667,153.4740451388889,149.81052083333333,140.32522569444444,6.912677005402577,8.75879158592219,7.245133101851851,0.14461805555555557
956,31.866666666666667,148.87092070833333,54.473769717607425,152.4425,148.76661458333334,139.38729166666667,6.981806506328569,9.395032306421223,6.128674768518518,0.1185474537037037
957,31.9,148.86670803124997,54.47150232024199,152.43472222222223,148.76414930555555,139.3762673611111,6.980942198771368,9.396186991651854,0.033304398148148145,0.0
958,31.933333333333334,147.87360564930555,54.94679628652301,151.38335069444443,147.78168402777777,138.449375,7.023968230365285,9.78183299005332,3.5629166666666667,0.07629629629629629
959,31.966666666666665,146.90571410069444,55.523253866251,150.28449652777778,146.85465277777777,137.4623611111111,7.044479961553539,9.782705097393215,2.300329861111111,0.04408564814814815
960,32.0,146.47022498263888,56.08764146764441,149.88149305555555,146.39755208333332,137.14529513888888,7.04594668788949,9.847675579698933,2.3108738425925925,0.04810763888888889
961,32.03333333333333,146.45403822916666,56.09056912391417,149.8557638888889,146.3855034722222,137.11621527777777,7.047089069042223,9.84792113233447,0.05191550925925926,0.0
962,32.06666666666667,146.24229103819445,56.43578833709164,149.62786458333332,146.1692361111111,136.99680555555557,7.0510237144974734,9.880016283025666,2.5599421296296296,0.05530092592592593
963,32.1,145.92640986458335,56.75957737408352,149.25607638888889,145.8775,136.60637152777778,7.046231418151958,9.876396655224344,2.8928587962962964,0.06131944444444445
964,32.13333333333333,145.96398167708332,56.774591604021964,149.32876736111112,145.89885416666667,136.70118055555557,7.046212467753148,9.873899669707452,0.11064814814814815,0.0
965,32.166666666666664,145.89383498958333,56.841309365974915,149.30305555555555,145.81036458333332,136.68189236111112,7.033668525598088,10.006487144402632,3.322193287037037,0.07107638888888888
966,32.2,146.59883811458332,56.49975665836424,149.9648090277778,146.51711805555556,137.49690972222223,7.014033378615002,10.123245803062897,4.201487268518519,0.07763310185185185
967,32.233333333333334,146.55673879166665,56.948108939818056,149.76847222222221,146.51890625,137.4742361111111,7.025842079659226,10.137235803794422,4.542013888888889,0.076875
968,32.266666666666666,146.58840573263888,56.9500447106758,149.83017361111112,146.5367361111111,137.55453125,7.025005094536436,10.132475193125146,0.10211805555555556,0.0
969,32.3,146.34596945833331,56.285598491943304,150.00100694444444,146.17647569444443,137.26232638888888,7.0256724013614225,9.911946255534176,5.426550925925926,0.09661458333333334
970,32.333333333333336,145.5117431736111,56.49174896008516,149.13229166666667,145.34227430555555,136.52940972222223,7.04336528534369,10.000632782908793,5.180636574074074,0.0843923611111111
971,32.36666666666667,145.49787788888887,56.493520146284794,149.10979166666667,145.33182291666665,136.50715277777778,7.044734001976236,10.003137299150357,0.051666666666666666,0.0
972,32.4,145.01900214930552,56.740271126758515,148.70637152777778,144.82375,136.0953125,7.084290081275441,10.16305581031795,5.072662037037037,0.08857060185185185
973,32.43333333333333,144.90906847222223,56.654719675111004,148.84154513888888,144.67940972222223,135.60446180555556,7.1042240071351,10.292761383402752,6.129565972222222,0.10336226851851851
974,32.46666666666667,145.4300243263889,56.436182153596604,149.61991319444445,145.18225694444445,135.54682291666666,7.089401549965376,10.219049352298995,5.959293981481482,0.09726851851851852
975,32.5,145.41465759722223,56.43859408858463,149.59515625,145.17052083333334,135.5231423611111,7.089317784171376,10.22206309812693,0.04019675925925926,0.0
976,32.53333333333333,144.85124810416667,57.096369563765684,149.05887152777777,144.54975694444445,135.4480034722222,7.089069474047097,10.232547645429444,5.6461805555555555,0.08185185185185186
977,32.56666666666667,144.48195425347222,57.444909667873276,148.64973958333334,144.16178819444445,135.38100694444444,7.089906633877393,10.241492379885713,6.042361111111111,0.09083912037037037
978,32.6,144.49353855902777,57.45577867781911,148.6668923611111,144.17017361111112,135.40788194444445,7.089637804496383,10.242516106183196,0.06906828703703703,0.0
979,32.63333333333333,144.21212501736113,58.08792995853233,148.28965277777777,143.9229861111111,135.06960069444443,7.079622964248024,10.2511147276062,5.310335648148148,0.08465277777777777
980,32.666666666666664,145.24776277777778,57.337607758788515,149.40423611111112,144.9351736111111,136.10506944444444,7.054655835046016,10.212455783132324,4.030306712962963,0.0708275462962963
981,32.7,146.41739219791663,56.32824735236518,150.51779513888889,146.13664930555555,137.12434027777778,7.0188137459280115,9.997751436621076,4.894270833333334,0.07490740740740741
982,32.733333333333334,146.4269524236111,56.33177605207184,150.53057291666667,146.14461805555555,137.14019097222223,7.01735459486876,9.99599732269052,0.03329861111111111,0.0
983,32.766666666666666,147.99377938194442,55.112068621222946,152.07553819444445,147.73255208333333,138.5623090277778,6.972990185257276,9.85698840944238,4.669241898148148,0.06913194444444444
984,32.8,149.4323046111111,54.10255831883495,153.58055555555555,149.15026041666667,140.01125,6.9282782315113,9.685060903447887,4.406886574074074,0.06527777777777778
985,32.833333333333336,150.47516764583332,53.13452565519378,154.63069444444446,150.20529513888889,140.91211805555557,6.881329517016334,9.482410856897815,3.4758333333333336,0.05348958333333333
986,32.86666666666667,150.8015828263889,52.36812937546362,155.09423611111112,150.51571180555555,140.99322916666668,6.804697174351986,8.248084080098568,1.2851388888888888,0.019010416666666665
987,32.9,151.78015873958333,51.3873160792355,156.03791666666666,151.51506944444444,141.86869791666666,6.761980241009537,8.17281191564314,3.1758912037037037,0.046128472222222223
988,32.93333333333333,153.26902597916666,50.15106530343149,157.61657986111112,152.97921875,143.33800347222223,6.708777160173577,8.105226957262254,4.020451388888889,0.06553819444444445
989,32.96666666666667,153.24169222916666,50.17610883339084,157.57633680555554,152.95430555555555,143.32470486111112,6.715725884038274,8.209861501752986,0.22116319444444443,0.006423611111111111
990,33.0,154.61817456597223,49.13711916514396,159.08171875,154.30946180555554,144.53288194444445,6.679284007358353,8.128860331427841,5.310601851851852,0.10005787037037037
991,33.03333333333333,155.92136799305555,48.09799212145473,160.48765625,155.62296875,145.43137152777777,6.644469288857961,8.03624696986541,6.235306712962963,0.12278356481481481
992,33.06666666666667,157.5429419375,46.72008596295252,162.29496527777778,157.22206597222223,146.72868055555554,6.593277541563972,7.963603859668613,7.8423032407407405,0.14921875
993,33.1,157.53855774305555,46.85623192981336,162.32401041666665,157.20012152777778,146.79980902777777,6.602457741531101,8.094976949247094,0.7548611111111111,0.012361111111111111
994,33.13333333333333,159.75786119097222,45.185505990634894,164.83090277777777,159.36614583333332,148.70005208333333,6.528190478564463,7.926339847350162,7.908564814814815,0.1464236111111111
995,33.166666666666664,161.45957336805554,43.9040745068364,166.68633680555556,161.0615451388889,150.01164930555555,6.473823249963639,7.914093178754653,7.024537037037037,0.12755208333333334
996,33.2,161.43594366666667,43.9684002248493,166.63897569444444,161.04652777777778,149.97258680555555,6.477823930168478,7.949305400874108,0.6132233796296296,0.010636574074074074
997,33.233333333333334,162.68000888194445,43.00978537473874,168.10878472222223,162.22449652777777,151.20666666666668,6.430031075629083,7.861542226940348,5.7275983796296295,0.09954282407407407
998,33.266666666666666,163.35586415972222,42.5232689037363,168.8567013888889,162.92401041666668,151.43597222222223,6.394574292414667,7.807267026296241,4.598726851851852,0.0827025462962963
999,33.3,163.98357478472224,42.10824330956278,169.53234375,163.55378472222222,151.90210069444444,6.3769547987090185,7.776332483657127,3.938408564814815,0.07277199074074074
1000,33.333333333333336,163.97065521875,42.10969917802388,169.4801736111111,163.56899305555555,151.72612847222223,6.379491246942372,7.783499868151511,0.12857060185185185,0.0
1001,33.36666666666667,164.57080452083332,41.71544596668227,170.26180555555555,164.11116319444446,152.36621527777777,6.353458979994858,7.705447464444093,3.661273148148148,0.06576388888888889
1002,33.4,164.93653446874998,41.45356401672543,170.70256944444444,164.48038194444445,152.47644097222224,6.328849824867554,7.610855077843304,3.0949537037037036,0.05620949074074074
1003,33.43333333333333,164.93889089583334,41.45631879823879,170.7203125,164.47125,152.54729166666667,6.329134091885504,7.605196410711209,0.07111689814814814,0.0
1004,33.46666666666667,165.08067035069445,41.39232913842414,170.8006076388889,164.64883680555556,152.51541666666665,6.315866941028797,7.574572234437419,2.7680555555555557,0.04923032407407407
1005,33.5,165.26408540972224,41.256032744648365,171.02600694444445,164.82213541666667,152.67541666666668,6.305311463406975,7.509293185083594,2.481730324074074,0.04211226851851852
1006,33.53333333333333,165.35572849652775,41.22283749193099,171.1457986111111,164.9112326388889,152.7093923611111,6.30698097569184,7.557194610810232,2.084994212962963,0.036521990740740744
1007,33.56666666666667,165.36794648958332,41.22151888605457,171.190625,164.90784722222222,152.78015625,6.307358807251422,7.555382177585793,0.06712384259259259,0.0
1008,33.6,165.42940640972222,41.16498846690604,171.23088541666667,164.98578125,152.74085069444445,6.307348329801265,7.6053740097249705,1.5507638888888888,0.029027777777777777
1009,33.63333333333333,165.39456498263888,41.22258713989399,171.24496527777777,164.929375,152.77557291666668,6.324422188359295,7.771097051196685,1.2016782407407407,0.023790509259259258
1010,33.666666666666664,165.22565837152777,41.248586715611545,171.02798611111112,164.77331597222224,152.6209548611111,6.342220157281177,7.875563678927714,1.0479108796296297,0.020144675925925927
1011,33.7,165.22573321180553,41.24873242167022,171.02869791666666,164.77295138888888,152.62350694444444,6.342263585746083,7.875683502296248,0.003258101851851852,0.0
1012,33.733333333333334,165.1118979861111,41.20533193594722,170.87282986111111,164.67383680555557,152.48762152777778,6.354783852156791,7.903413846693917,1.219872685185185,0.024525462962962964
1013,33.766666666666666,165.03883053472222,41.20351841411538,170.82953125,164.59203125,152.41345486111112,6.360531662573076,7.831961650596214,1.593738425925926,0.034068287037037036
1014,33.8,165.03878339583332,41.203478099383545,170.8294965277778,164.59197916666668,152.41342013888888,6.3605123705753615,7.831896832826921,4.050925925925926e-05,0.0
1015,33.833333333333336,164.91590544791666,41.36906045428525,170.71973958333334,164.46244791666666,152.3178125,6.359166267200867,7.8342413880211526,1.8138425925925925,0.03800347222222222
1016,33.86666666666667,164.86776486111114,41.39942273546376,170.63333333333333,164.43194444444444,152.20763888888888,6.3531308225656495,7.863261071431176,1.7865277777777777,0.034137731481481484
1017,33.9,165.06462085416663,41.10182516947441,170.89130208333333,164.60821180555556,152.42848958333335,6.34486984988431,7.898343740747997,1.8466145833333334,0.031122685185185184
1018,33.93333333333333,165.01814122569442,41.09218542006365,170.82118055555554,164.57309027777777,152.33911458333333,6.343409084251125,7.896935338913966,0.08556712962962963,0.0
1019,33.96666666666667,165.3286550590278,40.68084011793193,171.1482465277778,164.88006944444444,152.63590277777777,6.33085458728989,7.8624224507810485,1.5552777777777778,0.02715277777777778
1020,34.0,165.48916740277775,40.374247867992636,171.26491319444443,165.06560763888888,152.67762152777777,6.321720988037333,7.900727193214776,1.490324074074074,0.023929398148148148
1021,34.03333333333333,165.50465407638887,40.37160570604807,171.31439236111112,165.0665451388889,152.73713541666666,6.321066335255711,7.897400373520652,0.06658564814814814,0.0
1022,34.06666666666667,165.7192625520833,40.01744475558437,171.53041666666667,165.28487847222223,152.91067708333333,6.31247857907332,7.856574839493714,1.2523553240740741,0.021278935185185185
1023,34.1,165.95772207291668,39.74876682559097,171.77352430555555,165.52322916666665,153.1365277777778,6.306283022408813,7.785167442098212,1.0992071759259259,0.01907986111111111
1024,34.13333333333333,165.8942627048611,39.7632254799807,171.66225694444444,165.4804513888889,153.00897569444444,6.299464449360485,7.79248560672281,0.745636574074074,0.013408564814814814
1025,34.166666666666664,165.91129100347223,39.76060171280482,171.69821180555556,165.48862847222222,153.05795138888888,6.29822574447889,7.790418693327149,0.05565393518518519,0.0
1026,34.2,165.68487402777777,40.043576547514895,171.45194444444445,165.2671875,152.84069444444444,6.313510804098896,7.834110164925235,0.8059953703703704,0.014496527777777778
1027,34.233333333333334,164.85032130902778,41.473798965598384,170.5913888888889,164.43213541666665,152.08765625,6.343544681434556,7.903817814467761,1.2080324074074074,0.01724537037037037
1028,34.266666666666666,164.84178244791667,41.47597375350836,170.5562673611111,164.43439236111112,152.0504513888889,6.345751459052247,7.904478097035419,0.05039351851851852,0.0
1029,34.3,163.88491410763888,42.86932371446364,169.62222222222223,163.4583159722222,151.21664930555556,6.36647942430398,7.910443974906671,2.106863425925926,0.022453703703703705
1030,34.333333333333336,163.11492846874998,44.059778982856116,168.84993055555555,162.68128472222222,150.5232465277778,6.383000528714938,7.898993613831072,2.652991898148148,0.028912037037037038
1031,34.36666666666667,162.48060273263889,44.608931985595774,168.29135416666668,162.02567708333333,149.87668402777777,6.404542476141335,7.885245336304068,3.297829861111111,0.037141203703703704
1032,34.4,162.46545225,44.60563883916628,168.2654340277778,162.0154513888889,149.84446180555557,6.405035181704109,7.8851087294461415,0.03724537037037037,0.0
1033,34.43333333333333,162.71146167708335,44.043709941275814,168.63602430555557,162.22965277777777,150.03871527777778,6.395411802502854,7.8699238372819895,3.7400983796296297,0.0415162037037037
1034,34.46666666666667,163.13389552777778,43.26127335919903,169.22515625,162.61565972222223,150.33112847222222,6.380536512846668,7.868925012797742,4.0265104166666665,0.04907986111111111
1035,34.5,163.3372625173611,42.76829906162725,169.63171875,162.76730902777777,150.44847222222222,6.399782613851347,7.871251559462011,3.8318171296296297,0.05050925925925926
1036,34.53333333333333,163.31109643055552,42.77120285277072,169.5973263888889,162.74512152777777,150.40711805555554,6.403661659566403,7.87256190583474,0.06671875,0.0
1037,34.56666666666667,162.9793228125,42.492307642975874,169.34989583333333,162.39401041666667,150.01854166666666,6.489644743190481,7.965712952875655,3.6388194444444446,0.0628587962962963
1038,34.6,162.3710366909722,42.36016943644333,168.87208333333334,161.76739583333332,149.20762152777777,6.5544629965690575,7.981326458442789,3.8015162037037036,0.06991898148148148
1039,34.63333333333333,162.41478942708332,42.34973732297804,168.96010416666667,161.7928125,149.30265625,6.5546178878664705,7.9761234791975575,0.12163194444444445,0.0
1040,34.666666666666664,163.17841204513888,41.96652911529883,169.81076388888889,162.5315451388889,150.05654513888888,6.474913058278655,7.855035368197482,3.719820601851852,0.0744675925925926
1041,34.7,164.23531304166664,41.6381081033195,170.88111111111112,163.58164930555554,151.14118055555556,6.385888182772202,7.820502584957283,3.376545138888889,0.05663194444444444
1042,34.733333333333334,164.24591673263893,41.6308699811958,170.7512673611111,163.64135416666667,151.07895833333333,6.374934440027388,7.784188489421278,1.5518634259259259,0.025798611111111112
1043,34.766666666666666,164.2707736736111,41.62569049876075,170.80510416666667,163.65439236111112,151.13555555555556,6.374383623334295,7.779806202070794,0.08226851851851852,0.0
1044,34.8,164.35627453125002,41.54206014440774,170.91741319444444,163.73796875,151.16118055555555,6.367365902067122,7.732884303856569,0.9865914351851852,0.01923611111111111
1045,34.833333333333336,164.05849002430557,41.75095615640857,170.86765625,163.37602430555555,150.7686111111111,6.383673414637387,7.811253804762856,1.0349537037037038,0.019444444444444445
1046,34.86666666666667,164.0366623576389,41.75455114415348,170.815625,163.36677083333333,150.71116319444445,6.3821479869836875,7.8103215245524975,0.0641724537037037,0.0
1047,34.9,163.98327560416666,41.79327295604068,170.88720486111112,163.24210069444445,150.9959201388889,6.396944149603019,7.884391964326369,1.3642476851851852,0.02155671296296296
1048,34.93333333333333,163.99586163541667,41.69501144048825,170.85727430555556,163.29289930555555,150.7551736111111,6.399053242712801,7.924400405386095,1.359704861111111,0.021979166666666668
1049,34.96666666666667,164.05932080208333,41.56048737429924,170.95020833333334,163.33727430555555,150.92088541666666,6.401008406229035,7.956221675640775,1.2766435185185185,0.02277777777777778
1050,35.0,164.0329833784722,41.5588785233898,170.85022569444445,163.3738888888889,150.4878125,6.397400267715005,7.96989519134285,0.25742476851851853,0.0
1051,35.03333333333333,163.9386829513889,41.51549365711139,170.85321180555556,163.22694444444446,150.62852430555554,6.400021976522836,8.017601323473002,1.395619212962963,0.023680555555555555
1052,35.06666666666667,163.78509780208336,41.62144820923553,170.74267361111112,163.07680555555555,150.3140451388889,6.402537209511525,8.092582622267512,1.469207175925926,0.025324074074074075
1053,35.1,163.7817017604167,41.6189959734977,170.75618055555555,163.05619791666666,150.43137152777777,6.404506223987967,8.085025976705627,0.08622106481481481,0.0
1054,35.13333333333333,163.60812447569447,41.539599633819265,170.58553819444444,162.90425347222222,150.0348611111111,6.407973105724523,8.13368446727132,1.4861342592592592,0.02675925925925926
1055,35.166666666666664,163.63408567708336,41.471865598611245,170.6964236111111,162.90180555555557,150.0921701388889,6.407032504700683,8.187216011755607,1.4288020833333333,0.025769675925925925
1056,35.2,163.49847402777775,41.56723791812889,170.6642361111111,162.74300347222223,149.8817361111111,6.410483186576655,8.270210831385638,1.3095949074074074,0.025376157407407406
1057,35.233333333333334,163.50691672569445,41.56285064429296,170.67765625,162.74829861111112,149.90670138888888,6.4098756377232515,8.268732440235649,0.031643518518518515,0.0
1058,35.266666666666666,163.54605870833333,41.509643932364085,170.7084375,162.79805555555555,149.8653125,6.403558788442469,8.321902941073347,1.300804398148148,0.025671296296296296
1059,35.3,163.62873341666665,41.43498295608914,170.75932291666666,162.88083333333333,150.04057291666666,6.405486228530025,8.424524638971223,1.3785185185185185,0.025625
1060,35.333333333333336,163.47857266319443,41.49407281398523,170.63546875,162.7307986111111,149.81170138888888,6.413307407526583,8.538335827898276,1.3521006944444445,0.025625
1061,35.36666666666667,163.7502674722222,40.428784273469795,171.01678819444444,162.99520833333332,149.83276041666667,6.325235662194541,7.4080234414555886,1.2219849537037037,0.017465277777777777
1062,35.4,163.4627286284722,40.4811257218879,170.73480902777777,162.72510416666665,149.35614583333333,6.334930618268208,7.457259359412975,1.2971585648148147,0.02365162037037037
1063,35.43333333333333,163.49546463541668,40.474797039273035,170.81085069444444,162.74336805555555,149.40472222222223,6.336855060242436,7.508204676741773,1.2148611111111112,0.023842592592592592
1064,35.46666666666667,163.48894142013887,40.4736005901071,170.79652777777778,162.74001736111111,149.38973958333332,6.337464046762365,7.507862993914048,0.02865162037037037,0.0
1065,35.5,163.64924284722224,40.388005152274445,170.88015625,162.91960069444445,149.58480902777777,6.327384160645395,7.5038491311302185,1.0399363425925925,0.021163194444444443
1066,35.53333333333333,163.45042632291666,40.56935090272377,170.71348958333334,162.7196875,149.3021875,6.331841793373468,7.534824319000299,0.9990856481481482,0.020399305555555556
1067,35.56666666666667,163.29239083333334,40.69157857847292,170.63744791666667,162.53753472222223,149.14161458333334,6.346761155830029,7.610905231729378,1.0018113425925925,0.019710648148148147
1068,35.6,163.28436182291668,40.69509972758375,170.62631944444445,162.53088541666668,149.1290451388889,6.345956626262577,7.610134320274236,0.025613425925925925,0.0
1069,35.63333333333333,163.19084951388888,40.796114421507184,170.52710069444444,162.43765625,149.04953125,6.3539470653091685,7.6700851844678475,0.9606539351851852,0.017592592592592594
1070,35.666666666666664,162.9138667152778,41.02832828223282,170.22743055555554,162.17677083333334,148.67989583333335,6.368999235676212,7.744032331639089,1.455966435185185,0.024427083333333332
1071,35.7,162.93357100694448,41.01821185823688,170.28340277777778,162.18149305555556,148.74121527777777,6.368528167802083,7.740656222538304,0.09024305555555556,0.0
1072,35.733333333333334,162.66749932291665,41.156146205221255,170.10213541666667,161.88972222222222,148.48,6.379850086360569,7.787624944407107,2.548582175925926,0.0506712962962963
1073,35.766666666666666,159.40700772569443,43.47982801654294,166.85840277777777,158.60322916666667,145.42772569444443,6.509652555652515,8.359557904126143,6.6334837962962965,0.10699652777777778
1074,35.8,156.7671759409722,45.66815910510414,164.1468576388889,155.98647569444444,142.7704513888889,6.574573700196533,7.836267253177361,8.666579861111112,0.14552083333333332
1075,35.833333333333336,156.77992705208334,45.662099035430536,164.18175347222223,155.98942708333334,142.81506944444445,6.5751714971272825,7.831938211613097,0.061516203703703705,0.0
1076,35.86666666666667,155.92004164236113,45.51904693365548,163.2523611111111,155.12279513888888,142.22668402777776,6.546962701404192,8.101362054842152,12.195474537037038,0.18204861111111112
1077,35.9,153.84936605555555,46.51568207428365,161.17166666666665,153.04802083333334,140.22611111111112,6.589201826690453,8.884326571626737,13.47179398148148,0.21146412037037038
1078,35.93333333333333,153.81810518749998,46.516114005706676,161.13347222222222,153.01876736111112,140.19538194444445,6.595679756712318,8.942355753242548,0.11221643518518519,0.0004861111111111111
1079,35.96666666666667,153.67305455902778,48.52867801940142,161.11765625,152.85960069444445,139.80961805555555,6.670641924048475,8.610497171360834,18.29322337962963,0.2964236111111111
1080,36.0,159.89563563194446,42.4488802863151,167.2607986111111,159.14727430555556,145.62131944444445,6.51806032899304,7.176448836562624,15.612829861111111,0.26408564814814817
1081,36.03333333333333,162.83826088541667,41.958059756369785,169.93708333333333,162.15034722222222,148.74942708333333,6.446532292476719,7.654021407287695,10.406099537037036,0.22028935185185186
1082,36.06666666666667,162.7956574409722,42.10423401043421,169.8709201388889,162.1119097222222,148.73493055555556,6.466134637009098,7.845588405609018,0.6761921296296296,0.014363425925925925
1083,36.1,163.05290931250002,42.60166560132485,170.2449826388889,162.32498263888888,149.08585069444445,6.469386961387089,8.448638142754238,6.783726851851852,0.1572974537037037
1084,36.13333333333333,162.7967746388889,43.115622956414725,170.21694444444444,161.9931076388889,148.90833333333333,6.501053645318457,8.757043278164884,3.8168865740740743,0.07416087962962963
1085,36.166666666666664,162.56523745486112,43.29401143767563,169.98977430555556,161.77053819444444,148.57510416666668,6.511517301503586,8.916027538967867,3.793859953703704,0.07424189814814815
1086,36.2,162.55725691319444,43.48375157608951,169.98692708333334,161.75133680555555,148.66315972222222,6.5170838379577765,9.053693123331417,1.1385185185185185,0.018113425925925925
1087,36.233333333333334,162.47141515972223,43.56923815013824,170.01819444444445,161.62421875,148.64135416666667,6.532181354194996,9.18225844094115,3.1915798611111112,0.06382523148148148
1088,36.266666666666666,162.2626186180555,43.710136008338445,169.81807291666667,161.42055555555555,148.35616319444443,6.542920059790129,9.246063281401716,2.9924131944444445,0.06164351851851852
1089,36.3,162.2436693263889,43.71583573689104,169.77510416666667,161.41291666666666,148.29590277777777,6.542085364927159,9.258299123034792,0.2838541666666667,0.006122685185185185
1090,36.333333333333336,162.2164337222222,43.81587475514958,169.89838541666666,161.33526041666667,148.32491319444443,6.548878107001178,9.252177117964344,1.0652141203703704,0.00867476851851852
1091,36.36666666666667,162.03274977777775,43.91757816724925,169.7837673611111,161.13541666666666,148.09793402777777,6.550741168827269,9.282611446672709,1.856255787037037,0.03262152777777778
1092,36.4,161.82430637499996,43.9948834858295,169.68347222222224,160.90515625,147.78715277777778,6.553973117462064,9.334624063389018,1.0028530092592594,0.013350694444444445
1093,36.43333333333333,161.80672753124995,43.99635837354813,169.63182291666666,160.90145833333332,147.73239583333333,6.551896369532802,9.335731839452608,0.06400462962962963,0.0
1094,36.46666666666667,161.7478528125,44.05031947053669,169.73947916666665,160.79026041666665,147.70145833333333,6.557515921158413,9.352972015520379,0.6635185185185185,0.00879050925925926
1095,36.5,161.59522970138886,44.12234469858746,169.65045138888888,160.62442708333333,147.49243055555556,6.565025075289076,9.377768943797077,0.4822800925925926,0.006163194444444444
1096,36.53333333333333,161.6101550798611,44.115246396624975,169.6705902777778,160.63723958333333,147.5129340277778,6.565089815430701,9.377442296244324,0.06090856481481482,0.0
1097,36.56666666666667,161.40557410763887,44.21150744549389,169.5443576388889,160.41866319444443,147.2162847222222,6.571727791974312,9.406778747185179,0.5807638888888889,0.006811342592592593
1098,36.6,161.38108777430554,44.2401750639215,169.69225694444444,160.34065972222223,147.21432291666667,6.579395291102074,9.43723733532955,0.7539988425925926,0.007980324074074074
1099,36.63333333333333,161.2534727951389,44.3065313480572,169.60817708333335,160.20489583333332,147.0392361111111,6.583153851444554,9.467749022649194,0.541875,0.006984953703703703
1100,36.666666666666664,161.2699193472222,44.30147590418628,169.63145833333334,160.2188888888889,147.0598611111111,6.583874823445376,9.467073059093389,0.07772569444444444,0.0
1101,36.7,161.18516548263887,44.34349439086874,169.55550347222223,160.13605902777778,146.93013888888888,6.586490866833348,9.484633856802711,0.4286226851851852,0.005439814814814815
1102,36.733333333333334,161.28057002083332,44.31638313969386,169.7279340277778,160.1992013888889,147.11831597222223,6.587273410691549,9.473898995812,0.37104166666666666,0.00140625
1103,36.766666666666666,161.25931930902777,44.31521290389367,169.69909722222224,160.18159722222222,147.08328125,6.586372960241933,9.472980938003493,0.08122106481481481,0.0
1104,36.8,161.28658283333334,44.28336370387421,169.70758680555556,160.21321180555555,147.12272569444445,6.586921905316167,9.44784649985576,0.5458680555555555,0.00359375
1105,36.833333333333336,161.19720619097222,44.29425633793904,169.51085069444446,160.16677083333335,146.92416666666668,6.584098156441449,9.447373394214733,0.43049768518518516,0.0028356481481481483
1106,36.86666666666667,161.29859571527777,44.26713961448225,169.64208333333335,160.25217013888889,147.0960763888889,6.586468773925583,9.438201741517588,0.38416666666666666,0.0027430555555555554
1107,36.9,161.28602626041663,44.269106838174956,169.62189236111112,160.24279513888888,147.07430555555555,6.5857723877247585,9.437126503805269,0.07410300925925926,0.0
1108,36.93333333333333,161.34773141319442,44.2478095303439,169.67946180555555,160.30305555555555,147.1625,6.583874196075402,9.412896584485289,0.2615914351851852,0.0024363425925925924
1109,36.96666666666667,161.30205133680556,44.261290656189274,169.524375,160.29489583333333,147.06730902777778,6.582013763395876,9.39024977813618,0.5725347222222222,0.005445601851851852
1110,37.0,161.44699334027777,44.22564289424816,169.68805555555556,160.42361111111111,147.3178125,6.583618981561434,9.337200698312468,0.5135474537037037,0.0047858796296296295
1111,37.03333333333333,161.43804142708333,44.22609160764598,169.67118055555557,160.4178125,147.3009548611111,6.58297132858283,9.336317635468415,0.0731886574074074,6.36574074074074e-05
1112,37.06666666666667,161.48674067708333,44.20927048276348,169.7134548611111,160.46640625,147.36961805555555,6.581562994507098,9.328001155449579,0.30713541666666666,0.0014872685185185186
1113,37.1,161.4740313402778,44.24229867113176,169.64288194444444,160.47442708333332,147.32194444444445,6.580615703691445,9.323150984433163,0.32955439814814813,0.002170138888888889
1114,37.13333333333333,161.5214254722222,44.23812985860615,169.73246527777778,160.50352430555554,147.42635416666667,6.581724384482741,9.31456800617911,0.13842592592592592,0.0
1115,37.166666666666664,161.55344138541668,44.238401565530935,169.74055555555555,160.5384375,147.50012152777776,6.582065864759343,9.290942193088902,0.5055555555555555,0.0032060185185185186
1116,37.2,161.61079515277777,44.242408465985534,169.7904513888889,160.59555555555556,147.58177083333334,6.579714855185668,9.264410225570698,0.26272569444444444,0.0017592592592592592
1117,37.233333333333334,161.55359706944444,44.29645228343977,169.6681423611111,160.56237847222224,147.47835069444446,6.5791011056379345,9.252804673756685,0.3149247685185185,0.0014872685185185186
1118,37.266666666666666,161.59996978819441,44.283328161054996,169.74135416666667,160.59592013888889,147.5727951388889,6.578727029082695,9.246401634106792,0.12030671296296297,0.0
1119,37.3,161.62853601388892,44.28620906249551,169.75286458333332,160.62847222222223,147.61210069444445,6.577102327631769,9.212695910025534,0.2324074074074074,0.0018402777777777777
1120,37.333333333333336,161.62067272569445,44.32081935133446,169.72072916666667,160.6286111111111,147.5964409722222,6.576683800484007,9.190736202066537,0.30755208333333334,0.0017939814814814815
1121,37.36666666666667,161.59856412499997,44.32545908140442,169.6709548611111,160.6175,147.5468576388889,6.575408190464775,9.191285454487687,0.07663773148148148,0.0
1122,37.4,161.72289980902775,44.306142083139854,169.83699652777779,160.72038194444445,147.76090277777777,6.57443084772152,9.12377419232965,0.38419560185185186,0.0020833333333333333
1123,37.43333333333333,161.71785381944443,44.366521307263184,169.80416666666667,160.7228472222222,147.7632638888889,6.571434932632815,9.051589662180586,0.2735474537037037,0.001979166666666667
1124,37.46666666666667,161.79300237152776,44.36084991837817,169.84446180555557,160.80729166666666,147.84895833333334,6.566554809530945,9.015304092108842,0.22107060185185184,0.0016087962962962963
1125,37.5,161.77272977083334,44.37180290470212,169.80203125,160.79578125,147.80713541666665,6.566596952328153,9.009414256092763,0.07943287037037038,5.787037037037037e-06
1126,37.53333333333333,161.8990214826389,44.325418415688766,169.90548611111112,160.9206423611111,148.01484375,6.561416819457887,8.945261620744747,0.3249826388888889,0.002511574074074074
1127,37.56666666666667,161.93361316319445,44.32493242976534,169.86901041666667,160.97552083333332,148.05774305555556,6.556550433793791,8.890281620547729,0.22714699074074074,0.0025868055555555557
1128,37.6,161.95951310763888,44.31949431579827,169.88039930555556,161.00447916666667,148.0960763888889,6.55513340680549,8.879716288543424,0.055740740740740743,0.0001099537037037037
1129,37.63333333333333,161.98535934027777,44.34322231146353,169.80161458333333,161.06027777777777,148.13331597222222,6.554730628903256,8.835044679343763,0.18336226851851853,0.002702546296296296
1130,37.666666666666664,162.05153167708332,44.337585754669995,169.81298611111112,161.13612847222223,148.26498263888888,6.548938862083158,8.793191133865625,0.1977662037037037,0.0021643518518518518
1131,37.7,162.05963297916668,44.36964544328405,169.71772569444445,161.17223958333332,148.29998263888888,6.542071059975189,8.76694959962087,0.1768576388888889,0.0022453703703703702
1132,37.733333333333334,162.06683398958333,44.370890439116344,169.71880208333334,161.18085069444444,148.31125,6.541886642481646,8.764174363263365,0.027390046296296298,1.736111111111111e-05
1133,37.766666666666666,162.06287514930554,44.398599475987844,169.66322916666667,161.19147569444445,148.31480902777778,6.5402094320859865,8.750994885443603,0.10042824074074073,0.000925925925925926
1134,37.8,162.06541360069446,44.423896888891065,169.64234375,161.19949652777777,148.3320138888889,6.536640552193992,8.743739722462415,0.03197916666666667,0.0002719907407407407
1135,37.833333333333336,184.36860307291667,23.120389433266617,191.33430555555555,183.77817708333333,169.70605902777777,5.247660165512299,2.392458245789867,29.678761574074073,0.420787037037037
1136,37.86666666666667,184.38904344097222,23.131900521455567,191.3570486111111,183.7977951388889,169.72786458333334,5.2524101369962946,2.396225885451023,0.026041666666666668,0.0
1137,37.9,181.8709385902778,28.050156209444314,188.55116319444446,181.40081597222223,166.85730902777777,5.381532827123002,2.5560928186155034,4.352297453703704,0.056846064814814815
1138,37.93333333333333,179.09285160069444,31.854428863523534,185.4934722222222,178.77546875,163.38953125,5.578540218504255,3.003008878493687,10.467008101851851,0.11082175925925926
1139,37.96666666666667,177.3965398298611,34.295648913405316,183.56774305555555,177.17388888888888,161.43036458333333,5.67709051207207,3.115194229242191,9.988049768518518,0.12043981481481482
1140,38.0,176.17567994444443,35.805097006330065,182.1666840277778,176.03182291666667,159.95960069444445,5.753407791826003,3.2178659339129103,9.392465277777777,0.11763888888888889
1141,38.03333333333333,174.54096715972221,36.68798176220826,180.38232638888888,174.5165451388889,157.58243055555556,5.701721042481957,1.8263964623144613,16.224270833333332,0.18043402777777778
1142,38.06666666666667,173.7267603159722,37.593288984356555,179.4934548611111,173.7365625,156.6490625,5.7459358217371275,1.9069784338910196,8.210659722222223,0.11587384259259259
1143,38.1,173.0265881527778,38.239157502173335,178.67692708333334,173.09116319444445,155.74894097222221,5.778462098168445,2.015279530016501,7.279988425925926,0.10793402777777777
1144,38.13333333333333,172.72380843055558,38.49658793907866,178.35598958333333,172.79345486111112,155.4493923611111,5.811324275171106,2.2488324222764873,9.603819444444444,0.12466435185185185
1145,38.166666666666664,172.6369518263889,38.61029697195018,178.21866319444445,172.72322916666667,155.34640625,5.843471197175729,2.444747233441378,4.647366898148148,0.06564236111111112
1146,38.2,172.56640221875,38.65345311350435,178.16871527777778,172.64612847222222,155.28008680555556,5.877954807358572,2.6661589925538856,4.54332175925926,0.06661458333333334
1147,38.233333333333334,172.23031992708331,38.88339802970759,178.0534201388889,172.2540451388889,154.8486111111111,5.931411561103222,2.8424320167730333,5.6513078703703705,0.08294560185185185
1148,38.266666666666666,172.17559631249998,39.109833664826766,178.0624826388889,172.1743576388889,154.85335069444446,5.9409964302019045,3.0078639061730774,2.5094502314814813,0.04310763888888889
1149,38.3,171.7132079513889,39.657455943090525,178.0245486111111,171.59758680555555,154.27416666666667,5.987716342160948,3.306653418866472,3.118217592592593,0.05112847222222222
1150,38.333333333333336,171.4846202534722,40.087474506135315,177.8906597222222,171.3571875,153.8837326388889,6.033295120670371,3.6281140403480974,2.6866550925925927,0.03485532407407407
1151,38.36666666666667,171.3347449201389,40.339332674920925,177.9359375,171.1248611111111,153.97595486111112,6.053059224576369,3.8039791363402857,2.541099537037037,0.03626157407407407
1152,38.4,171.50301058333335,40.365750366256705,178.345,171.23324652777777,154.02833333333334,6.051907654514389,3.9114136454101067,2.808611111111111,0.04152199074074074
1153,38.43333333333333,171.78706382986113,40.159319657132784,178.75286458333332,171.4596701388889,154.51868055555556,6.0514914571269856,3.9488143594488516,2.03546875,0.03353587962962963
1154,38.46666666666667,171.87627418749997,40.0658343879961,178.91836805555556,171.54303819444445,154.4411111111111,6.056853458887979,3.94459542075725,1.3049131944444445,0.022881944444444444
1155,38.5,170.99253247569445,40.57579898342316,178.45763888888888,170.5402951388889,153.49057291666668,6.140892997541083,4.044718992444431,1.7410243055555557,0.025167824074074075
1156,38.53333333333333,169.05334701388887,42.08426945354075,176.99869791666666,168.49449652777778,151.19335069444443,6.208458686333994,4.178272923637136,2.099068287037037,0.02955439814814815
1157,38.56666666666667,167.2566164548611,43.01751727491923,175.70236111111112,166.5753125,149.13616319444444,6.283451009538892,4.267867222634504,2.6843981481481483,0.04280671296296296
1158,38.6,164.54796849999997,44.43277240479365,173.86307291666665,163.68057291666668,145.71098958333334,6.420861735180063,4.554377191023848,4.008020833333333,0.06472800925925926
1159,38.63333333333333,163.28689163541668,44.921018701280204,173.11319444444445,162.30854166666666,144.04373263888888,6.451365890581616,4.49373834068933,3.9684143518518518,0.0574537037037037
1160,38.666666666666664,159.92068326041664,45.66490045587439,170.8465798611111,158.73246527777778,139.5185763888889,6.625257836741733,5.000915899391964,8.56931712962963,0.11702546296296296
1161,38.7,159.63985804166666,45.27340089950232,170.69322916666667,158.4062326388889,139.3121875,6.663785835802821,5.068585900093694,9.273449074074074,0.1136400462962963
1162,38.733333333333334,159.8137961597222,44.87557056340109,170.73657986111112,158.6168576388889,139.50723958333333,6.6844289110579584,5.0615048095029955,9.545856481481481,0.11443865740740741
1163,38.766666666666666,161.87524493055554,43.29585941983476,172.3617013888889,160.75131944444445,142.13024305555555,6.663269211514055,5.011681114738941,13.244068287037036,0.18402199074074074
1164,38.8,164.14877792361108,42.292696305763045,174.28715277777778,163.05762152777777,145.10413194444445,6.584483261355034,5.0609186636477705,10.291440972222222,0.13683449074074075
1165,38.833333333333336,164.64747240625,41.68973386150391,174.76211805555556,163.5665451388889,145.57137152777779,6.560847865505247,4.957838672531275,7.844577546296296,0.10693287037037037
1166,38.86666666666667,165.3011731736111,40.473413901622074,175.4023611111111,164.20543402777778,146.4114236111111,6.56439493107962,4.823966502546535,9.27373263888889,0.12993055555555555
1167,38.9,165.30042019444443,40.5115093910086,175.53682291666667,164.14416666666668,146.61196180555555,6.566540224783524,4.730560481551694,5.70671875,0.0841261574074074
1168,38.93333333333333,165.25229266319442,40.55366200575928,175.41125,164.12777777777777,146.4774826388889,6.61072983938019,4.692128722137577,5.425491898148148,0.08987847222222223
1169,38.96666666666667,166.64641046875,39.08943493940551,176.82659722222223,165.45989583333332,148.4232465277778,6.5688566288155394,4.500620000868343,7.554606481481481,0.14234953703703704
1170,39.0,167.2174987361111,39.227900432534035,177.40154513888888,166.01644097222223,149.12703125,6.5374598271808555,4.47913001995307,3.874212962962963,0.07398148148148148
1171,39.03333333333333,167.93605327430555,39.66616979866768,178.09208333333333,166.7224652777778,150.0522048611111,6.492765329651289,4.527983341257888,3.963611111111111,0.0799363425925926
1172,39.06666666666667,169.7545757708333,39.270269278951794,179.65991319444444,168.6026388888889,151.99821180555554,6.3536325983996855,4.601440777687538,5.839623842592593,0.13545717592592593
1173,39.1,169.74769539930554,39.40599935580797,179.57482638888888,168.62689236111112,151.91321180555556,6.345629269310369,4.610356210291487,0.27395833333333336,0.002077546296296296
1174,39.13333333333333,169.8684767013889,38.748034434356065,179.71317708333333,168.74083333333334,152.05001736111112,6.361456098230956,4.59934904766639,0.7837615740740741,0.022274305555555554
1175,39.166666666666664,169.87917661458332,38.89926376914062,179.61371527777777,168.79432291666666,151.9612326388889,6.33123834692075,4.59391504559477,0.42215277777777777,0.006695601851851852
1176,39.2,169.92726568749998,38.85418444382119,179.68958333333333,168.83012152777778,152.04927083333334,6.334485523960352,4.593634592735532,0.09446180555555556,0.0
1177,39.233333333333334,169.9113704895833,38.87398852209957,179.6625,168.81949652777777,152.01411458333334,6.333921361052473,4.594042076813453,0.06447337962962962,0.0
1178,39.266666666666666,169.91618123611113,38.87259393987633,179.67532986111112,168.820625,152.03178819444443,6.335292096840352,4.596733360568213,0.05461805555555556,0.0
1179,39.3,165.40065090277776,40.629725398624494,175.97697916666667,164.14102430555556,146.73524305555554,6.646632906609129,5.17140853414892,5.638142361111111,0.11156828703703704
1180,39.333333333333336,165.82713968402777,40.75608277077297,176.3787326388889,164.57182291666666,147.191875,6.5947423516097885,5.196206340671452,1.952355324074074,0.04103587962962963
1181,39.36666666666667,165.71303262847223,40.78177837940235,176.34982638888889,164.4297048611111,147.1043576388889,6.6097886864280495,5.177676677375639,1.0733912037037037,0.017065972222222222
1182,39.4,165.33195251041664,41.092451332162824,175.98102430555556,164.05338541666666,146.63996527777778,6.6294099058836675,5.207908052582631,1.531076388888889,0.023917824074074074
1183,39.43333333333333,164.8908135902778,41.387652437551196,175.56055555555557,163.59850694444444,146.2740625,6.654262087954134,5.284359806637094,3.2850810185185186,0.059612268518518516
1184,39.46666666666667,165.09130785069445,41.169527346741894,175.68807291666667,163.820625,146.47524305555555,6.662037509481014,5.265788837833521,2.3474016203703703,0.03404513888888889
1185,39.5,165.20632352083334,40.397535505214584,175.883125,163.8934201388889,146.7728125,6.66204690273432,5.2062437195282865,2.704270833333333,0.043015046296296294
1186,39.53333333333333,164.72658283333334,40.705351778006325,175.48161458333334,163.41206597222222,146.07869791666667,6.67880240411452,5.206599135194047,2.0037037037037035,0.02955439814814815
1187,39.56666666666667,163.92616325347225,41.174069308087624,174.91868055555557,162.54961805555556,145.19342013888888,6.713423967812711,5.474969830313464,2.619363425925926,0.03903356481481481
1188,39.6,163.02042588888887,41.544382342878286,174.1720486111111,161.63243055555554,143.93260416666666,6.7416444718608535,5.638837489889381,4.419728009259259,0.07166666666666667
1189,39.63333333333333,162.82104888888887,41.538775876799555,174.05010416666667,161.41692708333332,143.66496527777778,6.742321027462804,5.664128912938622,2.6698900462962962,0.040630787037037035
1190,39.666666666666664,162.7336438576389,41.454958922192425,173.92517361111112,161.3542534722222,143.44307291666667,6.745926031690854,5.616445338831874,1.7766145833333333,0.028900462962962965
1191,39.7,162.93303152430556,41.37861655871749,174.18571180555554,161.52463541666665,143.74972222222223,6.749293227972341,5.572233969174261,1.9358912037037037,0.045231481481481484
1192,39.733333333333334,163.0494168333333,41.46322884939323,174.25421875,161.65847222222223,143.83421875,6.728960843204719,5.581093087994422,1.014525462962963,0.022528935185185187
1193,39.766666666666666,163.13208911111113,41.562231114102566,174.33711805555555,161.73862847222222,143.94114583333334,6.706284607168173,5.575948542092325,0.9848784722222222,0.022627314814814815
1194,39.8,160.73135826388892,42.43813448940811,171.23774305555557,159.56109375,141.3867013888889,6.8430475674461775,6.171859375736389,5.238356481481482,0.11102430555555555
1195,39.833333333333336,161.19056014583336,42.33657223519619,171.2736284722222,160.1379861111111,141.92657986111112,6.849108779507169,6.525168871483084,4.167575231481481,0.07683449074074074
1196,39.86666666666667,161.53020508333336,42.414101301585,171.12689236111112,160.61854166666666,142.30258680555556,6.823200978112431,6.736668759934274,4.4605092592592595,0.08424768518518519
1197,39.9,161.13596991666668,43.11971844158152,170.31423611111111,160.33388888888888,142.05493055555556,6.829069399335882,7.2211024793676994,7.170462962962963,0.13667824074074075
1198,39.93333333333333,160.89289051041666,43.41408589809698,169.9075,160.17901041666667,141.42005208333333,6.836330208306123,7.457393211279866,3.6330324074074074,0.07369791666666667
1199,39.96666666666667,161.7842650625,43.11495971699286,170.71864583333334,161.09814236111112,142.27270833333333,6.7979357711896835,7.811523892298418,3.8122743055555555,0.08836805555555556
1200,40.0,162.2429960416667,43.17349655673915,171.02625,161.63717013888888,142.38104166666668,6.768636629232779,7.8914198454857765,2.783333333333333,0.06547453703703704
1201,40.03333333333333,162.59394762152778,42.97541173367685,171.42973958333334,161.9494097222222,142.9607638888889,6.761285245135726,7.905531494087475,2.0947685185185185,0.04640625
1202,40.06666666666667,161.92270975,42.70073380189056,171.42222222222222,161.10696180555556,142.0311111111111,6.798798663996772,7.745997576190531,2.3321296296296294,0.05445023148148148
1203,40.1,161.26876403125,43.012915497259236,171.4053298611111,160.26387152777778,141.37493055555555,6.819589935577104,7.746220242670638,1.682471064814815,0.031475694444444445
1204,40.13333333333333,160.9109061736111,42.843141146673204,171.3707638888889,159.8411111111111,140.70802083333334,6.838401379789282,7.6720452881121695,2.034247685185185,0.03583912037037037
1205,40.166666666666664,160.71246627083332,42.901830744087,171.52770833333332,159.52614583333335,140.61739583333335,6.8530287441099995,7.56959404909843,2.8517939814814817,0.048622685185185185
1206,40.2,160.7682843923611,42.89140741467235,171.6748611111111,159.57086805555556,140.5141840277778,6.850884942219292,7.6417823638414095,1.987204861111111,0.03415509259259259
1207,40.233333333333334,160.73456348958334,42.70018774874988,172.31947916666667,159.3487326388889,140.34942708333332,6.845406893670001,7.4380947037455805,2.4003877314814814,0.0430787037037037
1208,40.266666666666666,160.56171562152778,43.17152940151035,172.41765625,159.11756944444446,139.95618055555556,6.833795696494459,7.3421928896993425,2.869693287037037,0.06302662037037036
1209,40.3,160.75411212499998,43.40812853039206,172.57776041666668,159.3179861111111,140.16421875,6.810466599655917,7.43870588118288,1.544207175925926,0.03785879629629629
1210,40.333333333333336,161.11859590277774,43.60802019914794,172.79586805555556,159.73286458333334,140.46052083333333,6.776862699178405,7.4883544749119,1.219994212962963,0.027609953703703703
1211,40.36666666666667,161.1238185972222,43.60338616202102,172.80574652777779,159.73616319444446,140.47109375,6.7764335110056235,7.487844295375616,0.016516203703703703,0.0
1212,40.4,160.84343700694444,43.43036773816827,172.59289930555556,159.4414409722222,140.13390625,6.779582462925628,7.5927229568665116,0.3213773148148148,0.01072337962962963
1213,40.43333333333333,160.32842964583332,43.48304763458496,172.663125,158.75322916666667,139.61135416666667,6.819996582484949,7.790263217485367,1.006105324074074,0.024542824074074075
1214,40.46666666666667,160.02092301388885,43.63623797278685,172.57638888888889,158.38394097222223,139.2657638888889,6.8323397573418685,7.829631513237873,0.6046469907407407,0.014207175925925925
1215,40.5,159.75277995833332,43.67176987528394,172.33175347222223,158.11239583333332,138.96210069444444,6.84319208322102,7.939888668517919,0.7311284722222222,0.020653935185185185
1216,40.53333333333333,159.30254056597224,44.18403424930041,171.7340798611111,157.71423611111112,138.43010416666667,6.853040425116249,8.025609011194103,1.5035706018518518,0.03359953703703704
1217,40.56666666666667,159.29131684027777,44.556594217837095,171.66661458333334,157.70767361111112,138.53831597222222,6.84958317946454,8.048640701158302,1.690306712962963,0.03695023148148148
1218,40.6,159.16942560416666,44.729252969032494,171.40234375,157.63397569444444,138.35828125,6.836068514607113,8.014213510374647,1.9586053240740742,0.04618634259259259
1219,40.63333333333333,158.66307119444446,45.03770062179659,170.30798611111112,157.31059027777778,137.7709027777778,6.823234475367228,7.8569607221141045,3.0778993055555555,0.06626157407407407
1220,40.666666666666664,158.6888829826389,44.83066699687051,169.78109375,157.50859375,137.71850694444444,6.792544190247064,7.823868316364132,1.8464583333333333,0.03929976851851852
1221,40.7,158.49833073611111,45.051655259246836,169.18630208333335,157.43791666666667,137.53081597222223,6.78137715052156,7.837270956831,1.7885416666666667,0.034137731481481484
1222,40.733333333333334,158.02208912499998,45.64364090534367,167.02928819444443,157.47095486111112,136.95894097222222,6.787756262894828,7.82778234048854,2.376059027777778,0.04248842592592592
1223,40.766666666666666,157.80470343402774,45.883012380121826,166.62713541666668,157.28461805555557,136.97805555555556,6.790152994899157,7.716395519448724,1.7092013888888888,0.02412615740740741
1224,40.8,158.15454082291663,45.54279643961609,167.46652777777777,157.50595486111112,137.15925347222222,6.78311362372942,7.597291826938839,1.9725983796296296,0.03123263888888889
1225,40.833333333333336,158.17278870486112,45.68971708339055,167.40512152777777,157.53583333333333,137.2968402777778,6.784844275682903,7.529271645631205,1.3402488425925927,0.02504050925925926
1226,40.86666666666667,158.37611024652776,45.71514817141064,167.1706076388889,157.8712673611111,137.48072916666666,6.776532457967382,7.630680231590732,1.2995891203703704,0.025497685185185186
1227,40.9,159.18861354166668,45.59744598589491,167.8838888888889,158.70348958333332,138.39006944444444,6.741339620995095,7.6834190547146965,1.7361400462962964,0.03315972222222222
1228,40.93333333333333,159.2472824375,45.57106215091578,167.92319444444445,158.76864583333332,138.44149305555555,6.73663283117375,7.682850411857936,0.18954282407407408,0.0010300925925925926
1229,40.96666666666667,159.32774886805555,45.545580517784806,168.00581597222222,158.84708333333333,138.53571180555556,6.733507839273862,7.680113362437464,0.12662037037037038,0.0010590277777777779
1230,41.0,159.29938804861112,45.5670835511354,167.91203125,158.84802083333332,138.40977430555554,6.730734028331079,7.679431193138645,0.38938657407407407,0.00042824074074074075
1231,41.03333333333333,159.32297222569443,45.552052106850795,167.9471875,158.86493055555556,138.46539930555556,6.730239351349759,7.68054924807517,0.08028356481481481,0.0
1232,41.06666666666667,159.30950904861112,45.5633649253634,167.9257986111111,158.85460069444446,138.4442361111111,6.730377278506012,7.682314669534757,0.037175925925925925,0.0
1233,41.1,159.2943253611111,45.57881077190343,167.91296875,158.83805555555554,138.43560763888888,6.731220794088095,7.682759701720658,0.06484375,0.0
1234,41.13333333333333,159.2783753020833,45.588531668059915,167.88628472222223,158.82715277777777,138.4012673611111,6.73010286690874,7.683089121233647,0.03814236111111111,0.0
1235,41.166666666666664,159.29404002430556,45.59403303012285,167.90939236111112,158.83880208333332,138.43479166666665,6.730914125308364,7.6832628147614646,0.03521412037037037,0.0
1236,41.2,159.87168547569445,44.27502092269954,168.66720486111112,159.40239583333334,138.6211111111111,6.609750501206875,5.878941937784097,1.9698321759259259,0.029230324074074075
1237,41.233333333333334,159.87614909722225,44.27404784307782,168.67303819444444,159.40633680555555,138.62671875,6.609476464116825,5.878980458920622,0.009675925925925926,0.0
1238,41.266666666666666,159.86264356597223,44.274870615984014,168.6551388888889,159.39465277777776,138.6081076388889,6.608195180678069,5.878852352335846,0.02065972222222222,0.0
1239,41.3,159.86474307638886,44.2740548007617,168.65692708333333,159.39692708333334,138.6093923611111,6.608279842594619,5.879288045883975,0.00875,0.0
1240,41.333333333333336,65.26674650694444,50.460658700690125,80.25947916666667,62.64510416666667,47.088680555555555,7.081519195791011,8.034569826466724,102.28186921296296,0.9454050925925926
1241,41.36666666666667,65.30944197916666,50.450355898716126,80.30223958333333,62.68782986111111,47.130885416666665,7.082544877714762,8.04960515115091,0.05730902777777778,0.0016261574074074073
1242,41.4,62.92192518055555,34.30896467039242,76.90263888888889,60.45059027777778,46.23493055555556,6.935503143580199,4.806172423374688,47.561591435185186,0.8561689814814815
1243,41.43333333333333,63.24386926388889,35.19158541801322,77.19852430555555,60.77538194444445,46.60539930555556,6.947892457515492,4.8511209281859715,1.887337962962963,0.029230324074074075
1244,41.46666666666667,62.730635291666665,35.105895450948225,76.58628472222222,60.28755208333333,46.13204861111111,6.948320996600463,4.887816398061233,2.2807118055555557,0.03326388888888889
1245,41.5,62.441807600694446,34.915512957185385,76.26302083333333,59.996059027777775,45.97102430555555,6.944669389618889,4.921930916153199,2.6429224537037035,0.038119212962962966
1246,41.53333333333333,63.334186493055554,36.160887566646,76.9823263888889,60.93838541666667,46.87826388888889,6.987857114207527,4.918794261527819,4.551834490740741,0.08576967592592592
1247,41.56666666666667,64.4765475,37.819957103522306,78.11862847222223,62.08248263888889,48.021267361111114,7.031642862836605,4.985709942978717,2.277534722222222,0.05061342592592592
1248,41.6,65.28098652083332,39.03903462066157,78.80366319444444,62.928472222222226,48.765711805555554,7.069796528415797,5.01042169809672,2.5646006944444446,0.0619849537037037
1249,41.63333333333333,65.62348199652777,39.61841895308868,79.16793402777778,63.25385416666666,49.21361111111111,7.093651093614713,5.071056291692693,2.6436631944444446,0.06074074074074074
1250,41.666666666666664,65.88098118055555,40.22775221412274,79.34883680555555,63.53975694444444,49.41529513888889,7.112871080973347,5.16695553052498,3.2229108796296297,0.06918981481481482
1251,41.7,68.46667183680555,42.21939895772482,82.14788194444445,66.08548611111111,51.76859375,7.183393620792385,5.130114150734249,6.450410879629629,0.12319444444444444
1252,41.733333333333334,70.23486971180556,42.97147006639485,84.10916666666667,67.84208333333333,53.08314236111111,7.210197743541317,5.206143774229728,5.3505671296296295,0.12465277777777778
1253,41.766666666666666,72.28706261111111,43.27740332813158,86.54661458333334,69.8075,54.86050347222222,7.223920453701224,5.2523866975962665,6.772158564814815,0.15220486111111112
1254,41.8,74.97841199652777,43.79387096886897,89.61907986111112,72.4492013888889,56.92142361111111,7.198534464911241,5.279310638737232,7.4339409722222225,0.17832175925925925
1255,41.833333333333336,77.99397848958334,45.074528882461934,93.05256944444444,75.3743576388889,59.601961805555554,7.204632867948533,5.359457940239663,7.088674768518518,0.17373842592592592
1256,41.86666666666667,85.75279413541666,47.75598074388633,101.37133680555556,83.06942708333334,66.34340277777778,7.245679005848546,5.669576215150688,13.800277777777778,0.2822511574074074
1257,41.9,88.05908880555556,47.64305199102903,103.93345486111112,85.31463541666666,68.50151041666666,7.261608113200165,5.914155085297201,6.894612268518519,0.16003472222222223
1258,41.93333333333333,89.00014684722223,47.13250353548312,104.97046875,86.24769097222222,69.23928819444444,7.274748083242153,6.060717401794991,6.129733796296296,0.15521412037037038
1259,41.96666666666667,91.01073213888888,47.387327881697196,107.14232638888889,88.22350694444444,71.11940972222222,7.277467403673206,6.169172521735366,5.978998842592593,0.1429224537037037
1260,42.0,94.09778740624999,47.705182548583075,110.38475694444445,91.319375,73.66164930555556,7.2718105724506845,6.345322441761941,7.024056712962963,0.1544039351851852
1261,42.03333333333333,100.98902259722223,46.54701278970847,117.81901041666667,98.12104166666667,79.84116319444445,7.219659711161965,6.564799219409467,11.989253472222222,0.21487847222222223
1262,42.06666666666667,102.18414594444445,46.23033925223526,119.00260416666667,99.33336805555555,80.89982638888888,7.210993845386859,6.7756340736218625,5.6694560185185185,0.11492476851851852
1263,42.1,102.02019801388889,44.799766526209226,118.80647569444444,99.17758680555555,80.74973958333334,7.181591637238824,6.531700466794705,5.894832175925926,0.11624421296296296
1264,42.13333333333333,103.02742831597223,44.105237448530495,119.44107638888889,100.27064236111111,82.00404513888888,7.15937749660947,6.5644500725693895,6.059322916666667,0.12775462962962963
1265,42.166666666666664,104.77483501388889,43.978909182857755,121.01067708333333,102.03236111111111,84.13324652777777,7.198669838605886,6.453047879792434,7.163645833333334,0.1413252314814815
1266,42.2,105.08592470833334,43.11040981863287,120.88458333333334,102.44564236111111,84.719375,7.2211850653274645,6.473315928556904,9.717297453703704,0.1939988425925926
1267,42.233333333333334,104.65043384027777,42.856628596771245,120.21440972222223,102.04383680555556,84.64125,7.2198782565621755,6.78471534793368,7.747268518518519,0.15772569444444445
1268,42.266666666666666,103.96599755208332,42.670843855774585,119.145625,101.44362847222222,84.25421875,7.216209016756757,7.02979146274985,9.447667824074074,0.17354166666666668
1269,42.3,105.4947185173611,41.880248770279195,120.63597222222222,102.96458333333334,85.97286458333333,7.181586023138962,7.252598009532086,9.78791087962963,0.18660300925925927
1270,42.333333333333336,107.05870739236111,42.095640030006464,121.96539930555555,104.5871701388889,87.64708333333333,7.182842130407655,7.564002208292835,9.987783564814816,0.18994791666666666
1271,42.36666666666667,107.20801449652777,42.921295316307784,122.163125,104.72140625,87.80310763888889,7.26809937798404,8.270259397432229,14.127060185185185,0.23749421296296297
1272,42.4,107.10215759027777,42.77218205462337,122.0384548611111,104.63104166666666,87.59918402777778,7.27332035291046,8.49645322376627,9.663263888888888,0.17098958333333333
1273,42.43333333333333,106.39744059722223,43.00751240951593,121.33572916666667,103.92585069444445,86.8932986111111,7.285107808248504,8.727401988677105,9.603802083333333,0.16717592592592592
1274,42.46666666666667,106.24872977083332,43.765384289863114,121.24390625,103.7467013888889,86.87859375,7.311654670610957,8.91225176756488,9.495503472222222,0.16844328703703704
1275,42.5,104.67012363194445,44.34862362899627,119.64276041666666,102.18467013888889,85.20217013888889,7.343935494572902,9.12210026911744,9.669392361111111,0.1675347222222222
1276,42.53333333333333,104.13629375694445,44.855012403300464,119.21248263888889,101.59442708333333,84.92223958333334,7.372296321249436,9.227250222401972,12.555219907407407,0.21764467592592593
1277,42.56666666666667,104.08315407291666,45.02389836154037,119.08873263888889,101.56491319444444,84.84298611111112,7.377865240740271,9.27568772250717,8.146487268518518,0.15220486111111112
1278,42.6,103.61047236458333,45.40314911159432,118.56289930555556,101.08746527777778,84.57402777777777,7.389899733270884,9.40493389923301,7.649612268518519,0.15314814814814814
1279,42.63333333333333,102.99467152777778,45.75878815885442,117.77833333333334,100.52647569444444,83.91222222222223,7.4086755635050086,9.598068214148809,6.4849652777777775,0.13728587962962963
1280,42.666666666666664,103.17896989236111,45.91717625340764,118.03104166666667,100.66883680555556,84.31050347222222,7.40930720715505,9.65605752554927,6.130896990740741,0.11361111111111111
1281,42.7,104.58711034375,46.241286812279775,119.50651041666667,102.08152777777778,85.4753125,7.394227562442003,9.68331498267446,10.030758101851852,0.18649305555555556
1282,42.733333333333334,104.77188527083334,46.22373616415837,119.72777777777777,102.2545138888889,85.66940972222223,7.395128641555034,9.608622740285732,4.043466435185185,0.07427083333333333
1283,42.766666666666666,104.39498434375,46.21396669911824,119.26604166666667,101.91348958333333,85.18692708333333,7.396337301075562,9.671330952261854,3.6840972222222224,0.06418981481481481
1284,42.8,104.71222771180554,46.2017652892246,119.69859375,102.17819444444444,85.68506944444445,7.389077306845369,9.699248514628199,3.5489756944444446,0.05884837962962963
1285,42.833333333333336,104.9632354027778,46.14062304571609,119.99461805555555,102.42786458333333,85.81677083333334,7.383530269418307,9.785858541791324,3.504490740740741,0.05851851851851852
1286,42.86666666666667,104.79121251041666,46.057312812617766,119.94888888888889,102.2284201388889,85.54449652777778,7.378105896858076,9.855108271803715,4.655572916666666,0.08872106481481482
1287,42.9,104.41107819097222,46.169269910566015,119.50314236111112,101.87956597222222,85.04770833333333,7.379608127542384,9.855366512614587,2.530798611111111,0.04125
1288,42.93333333333333,104.77809029166667,46.26706513559207,120.05369791666666,102.17519097222223,85.58140625,7.382040092628872,9.887883308446266,2.9408506944444444,0.04327546296296296
1289,42.96666666666667,105.17807822569445,46.0813117918641,120.46260416666667,102.5859201388889,85.84873263888889,7.369015510406291,9.958326703941019,2.71765625,0.0398900462962963
1290,43.0,105.49362231250001,46.032575875142854,120.84878472222222,102.87618055555555,86.20673611111111,7.364568091244132,9.97605761731953,2.0930555555555554,0.025555555555555557
1291,43.03333333333333,105.4213556423611,46.074045519667166,120.66388888888889,102.86479166666666,85.86307291666667,7.3575140161235355,10.014649352791544,3.13359375,0.058778935185185184
1292,43.06666666666667,105.81055176041667,46.039752913026646,121.20578125,103.19296875,86.40708333333333,7.3563506515631225,9.987644443966488,1.8185590277777777,0.01617476851851852
1293,43.1,105.81108899652777,46.07837594344494,121.18465277777777,103.20602430555556,86.34741319444444,7.356900080210725,10.003748260116332,1.7886921296296296,0.01840277777777778
1294,43.13333333333333,106.01744366666667,46.06738162747177,121.4596875,103.38572916666666,86.61552083333333,7.35707577437506,9.984418573453667,1.8214467592592594,0.020891203703703703
1295,43.166666666666664,105.80913712847222,46.146131804730146,121.13253472222222,103.2317361111111,86.21914930555556,7.35794915049071,10.04304389470947,2.1256886574074074,0.025405092592592594
1296,43.2,106.42163533333333,46.0348705908275,121.94196180555555,103.77197916666667,86.9675173611111,7.35245399534522,9.966806500058254,4.840422453703703,0.10875578703703703
1297,43.233333333333334,106.13772955902778,46.19570539838867,121.7298263888889,103.47288194444444,86.62276041666667,7.35348621960771,9.94151149340642,2.8519039351851854,0.052112268518518516
1298,43.266666666666666,105.92072746180554,46.56542203271345,121.80807291666666,103.16192708333334,86.46704861111111,7.360754398732688,9.926172427081568,2.889195601851852,0.053466435185185186
1299,43.3,105.6423639236111,46.6272022231324,121.47366319444444,102.91420138888888,86.05022569444445,7.365590348694321,9.982433872179948,2.858888888888889,0.05367476851851852
1300,43.333333333333336,105.9225930451389,46.59255330403225,121.87440972222223,103.14975694444445,86.41810763888888,7.364095943496005,9.964579003731693,3.11640625,0.05954861111111111
1301,43.36666666666667,106.09111953472222,46.61842208297181,122.09020833333334,103.30545138888888,86.57454861111111,7.358777124193625,9.961142722560682,5.859346064814815,0.13733796296296297
1302,43.4,106.25657018749999,46.62632331424553,122.36861111111111,103.4340625,86.77232638888889,7.359522028329064,9.980342516417668,3.709837962962963,0.07729745370370371
1303,43.43333333333333,105.84378448263888,46.65712858817695,121.96887152777778,103.03376736111112,86.19739583333333,7.361620586094621,10.090414013225711,4.08599537037037,0.08742476851851852
1304,43.46666666666667,106.0946736111111,46.660362027488475,122.46449652777778,103.1985763888889,86.58032986111111,7.36355521645922,10.079190735756477,4.192986111111111,0.09038194444444445
1305,43.5,106.04634506597222,46.6983022562096,122.36164930555556,103.17220486111111,86.47503472222222,7.3620107663080425,10.100758872175083,4.324201388888889,0.09464699074074075
1306,43.53333333333333,106.16351688194445,46.85630633456901,122.62503472222222,103.24828125,86.56875,7.361348133365821,10.113556158815324,8.31064236111111,0.18914351851851852
1307,43.56666666666667,106.11534405902778,46.92884533053612,122.53032986111111,103.22703125,86.39090277777778,7.358862486313235,10.151402167674629,5.050040509259259,0.11377893518518518
1308,43.6,106.51719333680555,46.89257823876436,123.09390625,103.57038194444445,86.89600694444445,7.358778598009194,10.1527421101985,4.904612268518519,0.10832175925925926
1309,43.63333333333333,106.51195927430555,46.96767625526642,123.07904513888889,103.58090277777778,86.76305555555555,7.354916448758329,10.165248207749329,4.914270833333333,0.10908564814814815
1310,43.666666666666664,106.84866323611111,46.957853240293765,123.49904513888889,103.89274305555556,87.10078125,7.3528369912390765,10.165798100039963,4.7798900462962965,0.10565972222222222
1311,43.7,108.73381569097222,43.03070401803042,125.67449652777778,105.68640625,89.03739583333333,7.308779271605681,8.766161867538806,12.006527777777778,0.3271296296296296
1312,43.733333333333334,110.10970405208333,41.84623594411166,127.47838541666667,106.88640625,90.8953125,7.289516886023806,8.15634839493653,7.004606481481481,0.1879340277777778
1313,43.766666666666666,110.49598390277778,41.9330664377634,127.63461805555555,107.37352430555555,90.96010416666667,7.28826666917106,8.105855739223164,6.780653935185185,0.16989583333333333
1314,43.8,111.07028641319444,43.69445837075827,128.31692708333333,107.91,91.5910763888889,7.310048147237506,8.504367022155794,6.416655092592593,0.15167824074074074
1315,43.833333333333336,111.52809816319444,46.01031862944216,128.22699652777777,108.59427083333334,91.41850694444445,7.337204955719017,9.365838174125916,5.768229166666667,0.12827546296296297
1316,43.86666666666667,112.15770223958334,46.917096221855,128.84413194444446,109.23586805555556,91.96602430555555,7.367036442988784,9.791488054267631,5.183055555555556,0.0805150462962963
1317,43.9,112.3407839652778,46.812624797769324,128.97859375,109.44163194444444,92.06758680555555,7.363495966455799,9.79419872374292,2.57515625,0.030225694444444444
1318,43.93333333333333,112.56992383333333,46.77933014266143,129.16727430555557,109.68012152777777,92.32324652777778,7.367172811421996,9.775894992206183,2.3113599537037035,0.028576388888888887
1319,43.96666666666667,112.72648964930555,46.77998492160231,129.24550347222223,109.86734375,92.40680555555555,7.359746921120368,9.764665579653327,1.8405266203703703,0.022141203703703705
1320,44.0,113.08692028125002,46.57333411457017,129.68180555555554,110.19434027777778,92.8750173611111,7.35698016514237,9.82624441448717,2.23947337962963,0.029780092592592594
1321,44.03333333333333,113.23413420486112,46.74593621699868,129.76890625,110.36192708333333,92.99743055555555,7.364254159814927,10.11162622053649,3.24234375,0.04686921296296296
1322,44.06666666666667,113.44903689236111,47.047779096536686,129.96890625,110.58199652777778,93.20503472222222,7.372105985493623,10.267097432301973,1.2062731481481481,0.020104166666666666
1323,44.1,113.3334840173611,46.9941403692187,129.81600694444444,110.48395833333333,93.02595486111112,7.373875110754413,10.275263347127726,0.6656423611111111,0.007783564814814815
1324,44.13333333333333,113.48170415624999,46.99105258712191,130.03097222222223,110.60789930555555,93.2181423611111,7.383547724742823,10.32682442032478,1.3623206018518519,0.019484953703703702
1325,44.166666666666664,113.23773208333333,46.882114593110174,129.79376736111112,110.36659722222223,92.92779513888888,7.384508679387908,10.420297389500135,1.6791666666666667,0.028431712962962964
1326,44.2,113.31344696180555,46.71135438123299,130.0142361111111,110.41034722222223,92.89390625,7.39492726087008,10.657848403003378,3.2371469907407406,0.06252893518518518
1327,44.233333333333334,113.81324011805555,46.52298172888096,130.50708333333333,110.9278298611111,93.2389236111111,7.374323853669221,10.83628721383674,2.5318055555555556,0.04594907407407407
1328,44.266666666666666,114.29674311458334,46.53022034655477,131.11821180555555,111.360625,93.8489236111111,7.374584631993782,10.814610813519515,4.119907407407408,0.07362847222222223
1329,44.3,114.1612519375,46.50603665903408,130.90618055555555,111.25376736111112,93.65517361111111,7.373997896821406,10.8073792309728,5.284722222222222,0.10957175925925926
1330,44.333333333333336,114.15889610069445,46.36795405010716,130.95616319444446,111.23034722222222,93.70736111111111,7.375088010381617,10.773362365073996,6.308217592592593,0.13636574074074073
1331,44.36666666666667,113.56849648958334,46.09507909745835,130.18475694444444,110.70333333333333,93.02206597222222,7.3748482947426695,10.710473163457685,13.167569444444444,0.29013310185185187
1332,44.4,113.5434361423611,45.905010628013265,130.27138888888888,110.62965277777778,93.14973958333333,7.372477315170723,10.597061910012885,9.41144675925926,0.21336805555555555
1333,44.43333333333333,112.72291183333333,46.11365321954067,129.35055555555556,109.84081597222222,92.31069444444445,7.376609119150691,10.691504340240686,10.097916666666666,0.22814814814814816
1334,44.46666666666667,112.01438336805555,46.29705023136647,128.63194444444446,109.12003472222223,91.75322916666667,7.3783863705298725,10.506483175991518,10.432436342592593,0.2358912037037037
1335,44.5,111.03534765625001,46.33273337958742,127.37994791666667,108.24394097222222,90.55822916666666,7.3743544194729385,10.451230197485108,10.247372685185185,0.23436342592592593
1336,44.53333333333333,110.42970913541667,46.26087379600455,126.80774305555556,107.60626736111111,90.17147569444444,7.379042624247812,10.360410024911388,15.12511574074074,0.33197337962962964
1337,44.56666666666667,109.8138238923611,46.247989972605616,126.05765625,107.04017361111111,89.45753472222222,7.378195169121991,10.387039994976007,9.526047453703704,0.21844328703703703
1338,44.6,109.24354156597224,46.24921231041965,125.4082986111111,106.49053819444444,88.91557291666666,7.3833886836210905,10.383426074339644,9.377008101851851,0.21352430555555554
1339,44.63333333333333,108.60655921875,46.2865861439711,124.67883680555556,105.88262152777777,88.2629861111111,7.3899902790145315,10.403294278253785,8.213900462962963,0.18847222222222224
1340,44.666666666666664,108.60151259374999,46.17458828979951,124.80789930555555,105.82036458333333,88.42975694444445,7.382921323135991,10.411006059103485,7.385625,0.16991319444444444
1341,44.7,107.87310996874999,46.25673001819201,123.94215277777778,105.14102430555556,87.61977430555555,7.386627773376225,10.577399538010377,10.183368055555556,0.2345949074074074
1342,44.733333333333334,107.71709222916665,46.32114319854029,123.81824652777777,104.96569444444444,87.56050347222222,7.392678594673729,10.598080539977042,4.534583333333333,0.09798032407407407
1343,44.766666666666666,107.16696293055556,46.44533065035601,123.14307291666667,104.46225694444445,86.91605902777778,7.395039902537575,10.645351743144214,3.7244212962962964,0.07046296296296296
1344,44.8,107.03547008680555,46.490064566892535,123.02888888888889,104.32331597222222,86.80737847222223,7.393600614164036,10.64310045356948,3.0842939814814816,0.05296875
1345,44.833333333333336,106.91389269444444,46.51047054237561,122.96862847222222,104.19829861111111,86.53932291666666,7.39722951856168,10.702823190233461,3.0391319444444442,0.03711805555555556
1346,44.86666666666667,107.04463277430555,46.558967709038136,123.18048611111111,104.28873263888889,86.83046875,7.399065660083591,10.667677025444313,3.4240625,0.06693287037037036
1347,44.9,106.85586659027777,46.6238013354333,122.9401388888889,104.11888888888889,86.60614583333333,7.39975022593901,10.686872782223482,1.4298148148148149,0.0077546296296296295
1348,44.93333333333333,106.80958935069444,46.62394201485386,122.87932291666667,104.07618055555555,86.56732638888889,7.4016945359491455,10.688501077638502,1.5320775462962963,0.006880787037037037
1349,44.96666666666667,106.60478852083332,46.61524143253828,122.59194444444445,103.90196180555556,86.30274305555555,7.400202547416217,10.762002106934908,1.3563773148148148,0.007048611111111111
1350,45.0,106.8270966875,46.59063802879919,122.91720486111112,104.08411458333333,86.61967013888889,7.401160809250423,10.75194454509699,1.3842939814814814,0.006012731481481482
1351,45.03333333333333,106.60546196527777,46.6626756192184,122.6393923611111,103.87861111111111,86.40366319444445,7.403132143403461,10.78843963295666,2.53046875,0.037633101851851855
1352,45.06666666666667,106.64772546180556,46.661691952865894,122.70152777777778,103.91060763888889,86.48911458333333,7.4032751041426845,10.764745665735568,1.1888310185185185,0.003952546296296296
1353,45.1,106.26142224652777,46.73362320001651,122.21956597222223,103.56230902777777,86.00802083333333,7.402885816297706,10.776582587743526,1.3414699074074075,0.005457175925925926
1354,45.13333333333333,106.51014314930556,46.72946267786586,122.56677083333334,103.76590277777778,86.41376736111111,7.402475107520563,10.726825075895004,1.3486168981481481,0.004803240740740741
1355,45.166666666666664,106.37969118055554,46.76975499809472,122.4089236111111,103.6459375,86.26010416666666,7.401496240752061,10.740111100469026,1.3123553240740742,0.004189814814814815
1356,45.2,106.29390369097223,46.83381919882394,122.31935763888889,103.55611111111111,86.22545138888889,7.402883750469879,10.748591709470329,2.314322916666667,0.03396990740740741
1357,45.233333333333334,103.85336538541668,45.3438874844141,119.9693923611111,101.12166666666667,83.45784722222223,7.337169100872244,9.629139600907578,3.888240740740741,0.026921296296296297
1358,45.266666666666666,103.92940839583332,45.351401778551995,120.05684027777778,101.19135416666667,83.56326388888888,7.338169062610234,9.61498941614116,1.151255787037037,0.0031944444444444446
1359,45.3,131.54688397222222,29.61434757633177,147.91015625,128.92774305555557,109.30835069444444,6.543681636646251,3.6666477128477517,48.20224537037037,0.8204571759259259
1360,45.333333333333336,131.65345356944445,29.647929969967613,148.00328125,129.03305555555556,109.46696180555556,6.546840333791613,3.7122321429949174,0.36594907407407407,0.0017997685185185185
1361,45.36666666666667,131.64842928819445,29.69047284633209,147.97491319444444,129.03449652777778,109.46663194444444,6.55524464447385,3.769916803314157,0.23803240740740741,0.0032175925925925926
1362,45.4,131.68129144097222,29.75862925493018,147.99776041666667,129.06734375,109.52913194444444,6.563470745359311,3.828015745568525,0.31703703703703706,0.004814814814814815
1363,45.43333333333333,131.1188332638889,30.36132262893416,147.20027777777779,128.53977430555557,109.313125,6.590827383817695,3.9480459223088378,0.9164293981481482,0.015017361111111112
1364,45.46666666666667,130.67497388541665,31.20682208469916,146.5510763888889,128.11517361111112,109.28314236111112,6.620792468362141,4.021198180108248,1.2039583333333332,0.021354166666666667
1365,45.5,130.6547394861111,31.30516407008411,146.51081597222222,128.10008680555555,109.27088541666667,6.625677863673209,4.073459311915509,0.3272569444444444,0.005578703703703704
1366,45.53333333333333,130.32063071180556,31.95203904003638,146.0129513888889,127.78383680555555,109.24206597222222,6.6476177051324745,4.175862110498892,0.9808159722222223,0.017638888888888888
1367,45.56666666666667,130.0017828576389,32.39372953101223,145.5601388888889,127.49529513888889,109.0174826388889,6.66421554695957,4.243278037026011,0.8803472222222222,0.013466435185185185
1368,45.6,129.8539095173611,32.79105204892021,145.34822916666667,127.34067708333333,109.1249826388889,6.672014907124678,4.266735953466469,0.9097916666666667,0.012465277777777778
1369,45.63333333333333,129.6252049652778,33.12876808380449,144.99645833333332,127.13723958333334,109.00836805555555,6.681277816320366,4.320142900326225,0.760619212962963,0.01
1370,45.666666666666664,129.35414000694445,33.44928048316321,144.58671875,126.88116319444444,108.99717013888889,6.690543995286337,4.337763661835073,0.7710648148148148,0.010306712962962964
1371,45.7,128.95134726736111,33.842508109688836,144.01989583333332,126.51680555555555,108.69664930555555,6.700479031899388,4.361071861737681,0.8781944444444445,0.01085648148148148
1372,45.733333333333334,128.54751942708333,34.50808787260313,143.48269097222223,126.11821180555556,108.63371527777778,6.713624905164584,4.406002848279681,1.2310358796296297,0.01777199074074074
1373,45.766666666666666,128.0895819826389,35.01879038911463,142.83897569444446,125.69227430555556,108.40583333333333,6.728874502051246,4.459730185412203,1.3977314814814814,0.022349537037037036
1374,45.8,128.09535639930556,35.02168608324291,142.84739583333334,125.69677083333333,108.41647569444444,6.728505077939708,4.459137631233108,0.060885416666666664,0.0
1375,45.833333333333336,127.52177781249999,35.55936770940472,142.05359375,125.15923611111111,108.13432291666666,6.750283978070737,4.530107937934416,1.6208506944444445,0.025787037037037035
1376,45.86666666666667,127.05228883333332,36.140906877394414,141.42671875,124.69125,108.11338541666667,6.767312040942281,4.554195587025743,2.0035648148148146,0.03210648148148148
1377,45.9,126.40609880555553,36.747154042965526,140.5909201388889,124.07505208333333,107.7284201388889,6.784949341281988,4.576163537034889,2.2719270833333334,0.038425925925925926
1378,45.93333333333333,125.97896262152777,37.13509588366824,140.01803819444444,123.66131944444444,107.5976736111111,6.80429027434279,4.5971041097311245,2.4193055555555554,0.040462962962962964
1379,45.96666666666667,125.41899733680556,37.47384308059479,139.24350694444445,123.14756944444444,107.21171875,6.822840857446566,4.649198254864918,2.767164351851852,0.04699074074074074
1380,46.0,125.05434029166668,37.81362868911313,138.7867361111111,122.77376736111111,107.2088888888889,6.839875859503683,4.672281041418568,3.107291666666667,0.05278935185185185
1381,46.03333333333333,124.58293296874999,38.088456902385545,138.11760416666667,122.33421875,107.00411458333333,6.852247354687448,4.716753914490455,3.4524363425925926,0.06310185185185185
1382,46.06666666666667,123.96131048263888,38.54544157851535,137.30581597222223,121.7434201388889,106.63711805555556,6.867406639474724,4.738930661168855,3.7050462962962962,0.06828125
1383,46.1,123.90310996874999,38.54536235373802,137.22098958333333,121.69588541666667,106.55166666666666,6.8671616114454865,4.74696388338451,0.11508101851851851,0.0
1384,46.13333333333333,123.61282240277777,38.78620293792866,137.0484548611111,121.32838541666666,106.67949652777777,6.886440800746663,4.759407975416732,4.199473379629629,0.07407407407407407
1385,46.166666666666664,123.22209935763888,38.89170182502985,136.4649826388889,120.98395833333333,106.39774305555555,6.895876252161804,4.7906920697432565,3.9993171296296297,0.07036458333333333
1386,46.2,123.00346025,38.88133548710853,136.19229166666668,120.76053819444445,106.385625,6.9055190858393285,4.798063686996993,3.967766203703704,0.0687037037037037
1387,46.233333333333334,122.46854770138889,38.97653894589249,135.20979166666666,120.37157986111112,105.72288194444444,6.9248739638531,4.846534135704229,4.406782407407407,0.07017361111111112
1388,46.266666666666666,122.50295954166666,38.98444385429798,135.2787152777778,120.3890625,105.82336805555556,6.92449202029877,4.840615471077443,0.12313078703703703,0.0
1389,46.3,121.87000157291666,38.07000385007236,134.42835069444445,119.77418402777778,105.65149305555556,6.895133628580579,4.362307059492779,7.324317129629629,0.11017361111111111
1390,46.333333333333336,121.84142338888888,37.81587201365551,134.37824652777778,119.7395486111111,105.74630208333333,6.8916904276200865,4.35096604305918,3.846712962962963,0.06780671296296296
1391,46.36666666666667,121.43526105555556,37.79941702288788,133.8098784722222,119.38074652777777,105.34862847222222,6.898608489652438,4.384047654770836,3.956417824074074,0.06421875
1392,46.4,121.48044601041667,37.80893949649785,133.88487847222223,119.41168402777778,105.44715277777777,6.899080358888342,4.380533325510937,0.12423032407407407,0.0
1393,46.43333333333333,121.55831792708334,37.34262619094856,133.95885416666667,119.48190972222223,105.61223958333333,6.894716893540991,4.442358636914561,4.2477025462962965,0.07095486111111111
1394,46.46666666666667,121.49645509722222,37.12747545439521,133.81861111111112,119.4225,105.756875,6.893863378334294,4.496344281435283,3.565121527777778,0.05663773148148148
1395,46.5,121.57917875000001,36.618603358592765,133.77197916666665,119.53737847222222,105.90197916666666,6.884968444188784,4.515545021306666,4.022505787037037,0.06391782407407408
1396,46.53333333333333,122.2878591701389,36.13063792177989,134.6560763888889,120.20538194444444,106.49706597222222,6.863686014237126,4.471403071827283,3.0870717592592594,0.05029513888888889
1397,46.56666666666667,122.27111575347223,36.13088046076391,134.63588541666667,120.19027777777778,106.47423611111111,6.863113772876915,4.470490652414265,0.06234953703703704,0.0
1398,46.6,122.37620153472221,35.962306827618704,134.89147569444444,120.25435763888889,106.54234375,6.857233756560355,4.468800121572472,2.4802199074074074,0.040734953703703704
1399,46.63333333333333,122.8689887638889,35.0981121759296,135.67588541666666,120.69364583333333,106.70637152777778,6.826014062221239,4.559716759203113,5.192806712962963,0.08185185185185186
1400,46.666666666666664,124.39914405208333,34.215581649315,138.1203125,122.08411458333333,106.92807291666666,6.792849773458177,4.63914932216173,4.915428240740741,0.0767650462962963
1401,46.7,124.37760446527778,34.223202198912524,138.09652777777777,122.0625173611111,106.91371527777778,6.792233453459796,4.638397546703308,0.07140625,0.0
1402,46.733333333333334,124.41678694097222,34.105019725766596,138.15055555555554,122.08895833333334,107.03539930555556,6.787709605498229,4.703967320236291,2.121087962962963,0.0362037037037037
1403,46.766666666666666,124.42244365625,34.119752735427504,138.16380208333334,122.1071875,106.89416666666666,6.788946544320676,4.826330177168405,2.137037037037037,0.0359837962962963
1404,46.8,124.33724892708334,34.26753058250088,138.13460069444446,121.99625,106.89909722222222,6.8033474458159935,4.914105732623626,2.3404050925925928,0.04144097222222222
1405,46.833333333333336,124.4955434548611,34.18829920327659,138.33838541666665,122.16378472222222,106.83190972222222,6.812246031418557,4.970353077767051,2.4825578703703703,0.04542824074074074
1406,46.86666666666667,124.51853676736111,34.32532157963464,138.34401041666666,122.18928819444444,106.88118055555556,6.822226774684531,5.075579268780441,0.49441550925925926,0.009184027777777777
1407,46.9,124.55374039583332,34.32293299945242,138.34935763888888,122.22376736111111,107.01147569444444,6.8285505472010835,5.210821683225411,2.3417766203703705,0.04164930555555556
1408,46.93333333333333,124.65866431944444,34.74225349438821,138.69256944444444,122.26840277777778,107.01194444444444,6.848981389358952,5.479881006915864,3.105584490740741,0.05519675925925926
1409,46.96666666666667,124.54016580208332,34.874689609451515,138.75913194444445,122.13767361111111,106.46967013888889,6.859087901335488,5.707168799166657,4.307934027777778,0.07452546296296296
1410,47.0,124.62576775694444,35.08094680248211,138.86362847222222,122.20729166666666,106.65796875,6.861497291700074,5.785103624766861,0.7533738425925925,0.011261574074074075
1411,47.03333333333333,124.23823790277778,34.98540491321172,138.59546875,121.79416666666667,106.1724826388889,6.853229589375039,5.794748850475594,2.96375,0.0680150462962963
1412,47.06666666666667,123.72654090625,34.86174113772661,138.23555555555555,121.24211805555555,105.61355902777778,6.858519563320293,5.852985465313411,3.2485243055555557,0.07528356481481481
1413,47.1,122.96651937499999,35.196038219714104,137.40692708333333,120.50814236111111,104.79755208333333,6.862556315224202,5.942273285629727,2.6455555555555557,0.0638599537037037
1414,47.13333333333333,122.6970145625,35.4252701734554,137.1234375,120.22413194444445,104.71291666666667,6.881434535890987,5.998713903475007,2.492204861111111,0.03955439814814815
1415,47.166666666666664,122.62186782638888,35.45748946818121,136.97243055555555,120.17744791666667,104.57920138888889,6.883275314870138,6.000206426292155,0.1543576388888889,0.0
1416,47.2,122.56401154513888,35.530394029412115,137.00539930555556,120.08760416666667,104.57076388888889,6.886667481642331,6.022105660820422,1.1307291666666666,0.01787037037037037
1417,47.233333333333334,122.44495013888888,35.55607538539054,136.8687673611111,120.00138888888888,104.17807291666666,6.890599293492804,6.065903043708857,1.235144675925926,0.014855324074074075
1418,47.266666666666666,122.17048301736111,35.65687623137147,136.57942708333334,119.69314236111111,104.28201388888888,6.895953335701123,6.094406035875879,1.5841087962962963,0.019756944444444445
1419,47.3,122.04983318402778,35.515857931578715,136.55651041666667,119.54413194444444,104.15451388888889,6.894670810568444,6.086011432262934,1.5394849537037036,0.022598379629629628
1420,47.333333333333336,122.20757490625,35.34314878807736,136.81989583333333,119.67458333333333,104.27151041666667,6.88874944737003,6.200140832950848,1.5640972222222222,0.02302662037037037
1421,47.36666666666667,121.98455409375,35.3652456653081,136.54776041666668,119.48524305555556,103.85947916666667,6.886702196838372,6.30687761742108,1.6238425925925926,0.023657407407407408
1422,47.4,122.07767040625,35.239112663454485,136.7106423611111,119.52755208333333,104.25045138888889,6.882149045840125,6.298044420907324,1.953420138888889,0.03037037037037037
1423,47.43333333333333,121.98247863888888,35.18255792378729,136.62005208333332,119.43548611111112,104.11074652777778,6.888107739204782,6.349772224666113,1.8227662037037038,0.02618634259259259
1424,47.46666666666667,121.99790257291666,35.17717675218294,136.63847222222222,119.44935763888888,104.13272569444445,6.8874411105406015,6.34739270744249,0.06427083333333333,0.0
1425,47.5,121.76823160069445,35.07801798314147,136.48036458333334,119.20536458333333,103.83420138888889,6.894676710252515,6.421561224987059,1.6332523148148148,0.022841435185185187
1426,47.53333333333333,121.79914756944446,34.94479143536777,136.72427083333332,119.15493055555555,104.04378472222223,6.904804105842432,6.475395953668961,2.000821759259259,0.02717013888888889
1427,47.56666666666667,121.61308184722222,34.87343131188876,136.54932291666665,118.96921875,103.82147569444444,6.910723160897897,6.507689725700464,1.8320659722222221,0.02726273148148148
1428,47.6,121.36253970486112,34.90327993739131,136.50178819444446,118.65828125,103.57142361111111,6.91644635799555,6.542221631021981,2.7339756944444447,0.04846064814814815
1429,47.63333333333333,121.12355260069444,35.046009178285566,136.25809027777777,118.43998263888889,103.14137152777778,6.920186317620715,6.626506348951128,2.0530555555555554,0.033726851851851855
1430,47.666666666666664,121.11960453472223,35.131260324272915,136.4657638888889,118.36182291666667,103.24940972222223,6.924196317072962,6.67228240567761,2.0333738425925927,0.03245370370370371
1431,47.7,120.93844327083333,35.13295710588069,136.4061111111111,118.1549826388889,102.9648263888889,6.931271369478807,6.697398383844464,1.9477314814814815,0.03366319444444445
1432,47.733333333333334,120.73288438541668,35.134904285295335,136.28803819444445,117.93513888888889,102.64315972222222,6.935491076407825,6.7169921371414985,1.8360185185185185,0.02938078703703704
1433,47.766666666666666,120.69917429166665,35.132832373600046,136.23,117.91072916666667,102.58895833333334,6.934968082557294,6.719420769083144,0.08806134259259259,0.0
1434,47.8,120.6750696701389,35.117804936881846,136.43177083333333,117.80776041666667,102.6809548611111,6.937477866957673,6.711858786185273,1.6904282407407407,0.026221064814814815
1435,47.833333333333336,120.48239125694444,35.201859717453786,136.33532986111112,117.59586805555556,102.39522569444445,6.93481023106594,6.753572939689347,1.564988425925926,0.02314236111111111
1436,47.86666666666667,120.46885146527778,35.22803469052786,136.50088541666668,117.53015625,102.37112847222222,6.9380763151995435,6.722494150124341,1.4908854166666667,0.02443287037037037
1437,47.9,120.26516232638889,35.29431294784847,136.3461111111111,117.33399305555555,101.94885416666666,6.939481747505782,6.758544166415527,1.4949479166666666,0.021927083333333333
1438,47.93333333333333,120.32455020833333,35.30318187122249,136.54784722222223,117.32911458333334,102.22569444444444,6.939457512947209,6.761492362616728,0.24670717592592592,0.0
1439,47.96666666666667,120.11101,35.42501889668239,136.6052951388889,117.02821180555556,102.07960069444445,6.956349391482055,6.871602067371728,2.925451388888889,0.06132523148148148
1440,48.0,120.07211552777777,35.43267270647586,136.77907986111111,116.90670138888889,102.23282986111111,6.956267358682858,6.916687232092647,1.9953645833333333,0.028564814814814814
1441,48.03333333333333,119.61740103125,35.5080161687884,136.09427083333333,116.55024305555555,101.48234375,6.970748381068365,6.993956341677222,2.5616724537037037,0.04552083333333334
1442,48.06666666666667,119.6245566111111,35.509619799357935,136.12557291666667,116.54664930555556,101.52487847222223,6.969479270871959,6.989295718556204,0.05694444444444444,0.0
1443,48.1,119.59232196527776,35.51818122098424,136.21645833333332,116.47038194444444,101.56628472222222,6.970377402359933,6.965629905459307,2.635954861111111,0.060034722222222225
1444,48.13333333333333,119.48975679513889,35.51955801059007,136.2385763888889,116.32425347222222,101.52810763888888,6.974332224227381,6.9556616173485954,2.8749652777777777,0.06863425925925926
1445,48.166666666666664,119.18456213541666,35.45755354096047,135.8715625,116.05449652777777,101.05390625,6.970448660116789,6.903435980327986,3.354363425925926,0.0837962962962963
1446,48.2,119.13302298263889,35.41669329047019,135.91328125,115.96711805555556,101.08277777777778,6.968642649959911,6.79659199533806,3.9571585648148146,0.10017361111111112
1447,48.233333333333334,119.12064063541668,35.4159077850176,135.89350694444445,115.95744791666667,101.06529513888889,6.969374086968964,6.796220885018675,0.03688078703703704,0.0
1448,48.266666666666666,118.95248945486111,34.04968568306892,135.98206597222222,115.73508680555555,100.67822916666667,6.905803596975893,5.789334537649175,5.532743055555556,0.12655092592592593
1449,48.3,118.46205869444444,33.50812095148535,135.37819444444443,115.28527777777778,100.11944444444444,6.897820316278019,5.589822808869737,8.35505787037037,0.1907523148148148
1450,48.333333333333336,118.41465456944444,32.758530316377175,134.83904513888888,115.3278125,100.62911458333333,6.878762965150321,4.939071989229854,7.450775462962963,0.19240162037037037
1451,48.36666666666667,118.40134367361112,32.775713663933004,134.79352430555556,115.31831597222222,100.67286458333334,6.883412739596228,5.025501195834282,0.2124363425925926,0.004496527777777778
1452,48.4,118.64228430555555,33.15032563996476,134.27689236111112,115.69621527777778,101.78786458333333,6.896303746202309,4.584772380786287,7.119565972222222,0.1971701388888889
1453,48.43333333333333,118.16524778125,34.724165116537755,132.49600694444445,115.57199652777778,101.65519097222223,6.949415101275084,4.833233759613204,6.875266203703704,0.18715856481481483
1454,48.46666666666667,118.13214205555555,36.69705936895341,131.95361111111112,115.65772569444445,101.94458333333333,7.022068659008103,5.282380677755571,6.470028935185185,0.16268518518518518
1455,48.5,117.78889817013889,38.092086919047325,131.1038888888889,115.44482638888888,101.80154513888888,7.070397047427903,5.798181444857577,7.247997685185185,0.16703125
1456,48.53333333333333,117.85906057986111,38.357598466752016,131.11513888888888,115.52881944444445,101.90817708333333,7.0774487378732545,5.961018899989469,1.0900115740740741,0.01511574074074074
1457,48.56666666666667,117.71532995833333,38.53740707927704,130.91289930555556,115.39137152777778,101.87449652777778,7.079552825159136,6.148552615387038,5.281689814814815,0.12361689814814815
1458,48.6,117.68214214930553,38.86170974175839,130.88979166666667,115.33633680555556,102.02803819444445,7.090416483952813,6.435669526467112,4.903778935185185,0.1175925925925926
1459,48.63333333333333,117.17987437152776,38.9132246331508,130.13776041666668,114.91255208333334,101.48378472222223,7.094666235306089,6.654907639532242,6.505208333333333,0.15121527777777777
1460,48.666666666666664,117.2262630972222,39.04768387034474,130.20604166666666,114.94590277777777,101.59486111111111,7.0939750104266155,6.715233544843299,0.6583912037037037,0.012222222222222223
1461,48.7,117.20546302083334,39.04354034992012,130.1573263888889,114.92404513888889,101.6667361111111,7.092136817991115,6.820086413813657,2.90671875,0.06684606481481481
1462,48.733333333333334,117.20014255902777,39.11481013760311,130.15039930555557,114.91513888888889,101.70166666666667,7.098983582970999,6.981738743457621,2.6290625,0.057609953703703705
1463,48.766666666666666,117.08896997222222,39.23498321853495,129.90869791666665,114.86020833333333,101.41772569444444,7.0991549758923815,7.248276796006199,2.6956076388888888,0.05524305555555555
1464,48.8,117.27212451736109,39.42235939705416,130.18456597222223,115.00342013888888,101.72354166666666,7.109017589127294,7.343442700090751,2.626736111111111,0.05053819444444444
1465,48.833333333333336,117.23558952083333,39.42716435000222,130.0679861111111,114.99310763888889,101.66295138888889,7.109997981827082,7.346522313057249,0.46317708333333335,0.0002777777777777778
1466,48.86666666666667,117.24889906597222,39.53617973108004,130.10177083333335,114.99625,101.71668402777777,7.109993866114254,7.4790208403323835,2.5421412037037037,0.04804976851851852
1467,48.9,117.01737902777778,39.62059337810306,129.73774305555557,114.81590277777778,101.3684375,7.1159272055735165,7.549730201040577,2.4911516203703705,0.04362847222222222
1468,48.93333333333333,117.21141230555556,39.788656429674866,130.16328125,114.86777777777777,102.28897569444445,7.13013858160552,7.572520689167489,3.053240740740741,0.0397974537037037
1469,48.96666666666667,116.94665235069445,40.165210865150804,129.32472222222222,114.77527777777777,102.00744791666666,7.1436340193008245,7.715091152179911,4.594172453703703,0.0625
1470,49.0,117.01657841319445,40.246481717088244,129.41585069444446,114.82897569444444,102.17569444444445,7.1530712304035164,7.764944856507305,2.171707175925926,0.03625
1471,49.03333333333333,116.92381827083334,40.24653867471869,129.20291666666665,114.7771875,102.0309375,7.155839097676511,7.838127437122258,2.2137152777777778,0.036319444444444446
1472,49.06666666666667,117.13230407291665,40.238059400737825,129.49798611111112,114.9447048611111,102.39029513888889,7.15297614069919,7.881027683369648,2.242025462962963,0.03785879629629629
1473,49.1,117.21761340277777,40.21662844027622,129.52053819444444,115.05357638888889,102.42699652777777,7.15478063703773,7.9565948120374905,2.077939814814815,0.03439814814814815
1474,49.13333333333333,117.22699334027777,40.21520678376154,129.5322048611111,115.06161458333334,102.44293402777778,7.1541258579680935,7.956112203950505,0.046232638888888886,0.0
1475,49.166666666666664,117.27034170833332,40.21657690646658,129.51661458333334,115.1278125,102.43348958333333,7.153289805618796,8.099079476294683,2.046521990740741,0.03820601851851852
1476,49.2,117.60412174652777,40.23716541125033,129.98645833333333,115.40861111111111,102.89144097222223,7.158226758824146,8.156326304775625,1.9930729166666667,0.03502314814814815
1477,49.233333333333334,117.67775000694444,40.29246700952603,130.044375,115.49206597222222,102.91399305555555,7.157952285202962,8.17731976964246,1.5595717592592593,0.029976851851851852
1478,49.266666666666666,117.75076535416667,40.31132577881135,130.13682291666666,115.56036458333334,102.97651041666667,7.160543319298165,8.185404142449709,1.1096180555555555,0.013252314814814814
1479,49.3,117.64760450347224,40.33746467518062,129.9646701388889,115.48744791666667,102.77690972222223,7.159343766160303,8.206564548238354,0.89296875,0.010648148148148148
1480,49.333333333333336,117.78216469097222,40.35592466705119,130.1959375,115.57925347222222,103.05022569444445,7.159143952830723,8.16176562443205,0.8610532407407407,0.007517361111111111
1481,49.36666666666667,117.74049299652778,40.3723946493076,130.11381944444443,115.55401041666667,102.96491319444445,7.155962937031063,8.162989828637585,0.6039236111111111,0.004230324074074074
1482,49.4,117.67687858680554,40.376601617411715,130.01621527777777,115.50350694444444,102.87151041666667,7.15710810615961,8.154414730478791,0.5617766203703703,0.00036458333333333335
1483,49.43333333333333,117.6374937638889,40.37109025625395,129.95230902777777,115.4739236111111,102.80723958333333,7.157678440984435,8.159850933628327,0.0987673611111111,0.0
1484,49.46666666666667,117.77752212499999,40.35127037783322,130.1954513888889,115.56935763888889,103.08538194444445,7.155843358713861,8.10614978294552,0.5516261574074074,7.523148148148149e-05
1485,49.5,117.70898162152777,40.34714051347648,130.0899826388889,115.51480902777777,102.98697916666667,7.155552429235983,8.09836291518355,0.47052662037037035,1.1574074074074073e-05
1486,49.53333333333333,117.72565626388888,40.33435325115008,130.1301909722222,115.52069444444444,103.04123263888889,7.154958242577541,8.073180802280291,0.47810185185185183,7.523148148148149e-05
1487,49.56666666666667,117.53814482291665,40.33085748835968,129.83677083333333,115.37487847222222,102.75255208333333,7.1536320409643706,8.08531614471385,0.6259143518518518,0.0001099537037037037
1488,49.6,117.57305604166666,40.334316401818796,129.90369791666666,115.39512152777777,102.83848958333333,7.153307984112937,8.07397597302915,0.16245949074074073,1.1574074074074073e-05
1489,49.63333333333333,117.49288583680556,40.371966099719536,129.83053819444444,115.3071875,102.81458333333333,7.151130390368319,8.0845689087021,0.9508333333333333,0.003564814814814815
1490,49.666666666666664,117.47872026041667,40.437720234552515,129.81173611111112,115.29116319444445,102.83248263888889,7.1528790322106985,8.135560781192536,0.7737557870370371,0.007372685185185185
1491,49.7,118.36554752777776,40.78707173110734,130.56458333333333,116.22942708333333,103.60430555555556,7.179970962041004,8.21719626630943,2.221857638888889,0.027546296296296298
1492,49.733333333333334,118.41236452083335,40.778700476668774,130.63895833333333,116.26460069444444,103.6853125,7.178488326488939,8.208303129543605,0.1488773148148148,5.787037037037037e-06
1493,49.766666666666666,118.48685864930555,41.36571903648237,130.5586284722222,116.35734375,104.03493055555556,7.20737436215038,8.62453130213958,2.919716435185185,0.041944444444444444
1494,49.8,118.67862247569444,41.87685751727917,130.6081423611111,116.56746527777777,104.46371527777778,7.233125263294524,9.014888543840566,3.5171006944444443,0.04907986111111111
1495,49.833333333333336,119.48469648958333,42.10274628522314,131.32652777777778,117.40151041666667,105.25092013888889,7.232693054710619,9.060299004876715,4.292748842592593,0.06122685185185185
1496,49.86666666666667,119.4733021111111,42.34003242451188,130.7134201388889,117.56994791666666,105.22994791666666,7.248918482833544,9.21868464834241,5.9284895833333335,0.08177083333333333
1497,49.9,119.48389787847222,42.33598801529615,130.69746527777778,117.59,105.22505208333334,7.25065804990603,9.219857084218702,0.08127314814814815,0.0
1498,49.93333333333333,118.92933032638888,42.57664089912247,129.85319444444445,117.06543402777778,105.22635416666667,7.245393895640704,9.574189300403866,5.221817129629629,0.09046296296296297
1499,49.96666666666667,118.16460301736112,42.32424190748764,128.7931423611111,116.41085069444445,104.24017361111112,7.2313017593155475,9.455085140194445,7.022135416666667,0.12091435185185186
1500,50.0,117.92349280902778,42.26716564848058,128.60385416666668,116.1571875,103.97081597222223,7.226531747791155,9.339782507009387,2.7241608796296295,0.049033564814814815
1501,50.03333333333333,117.90248205208333,42.25590999416827,128.5600347222222,116.14352430555556,103.94418402777778,7.2266172579437615,9.339690820422486,0.12791087962962963,1.1574074074074073e-05
1502,50.06666666666667,117.42269177430555,42.31305948406184,128.09399305555556,115.65802083333334,103.48050347222222,7.218364407006307,9.2898953390593,2.698709490740741,0.05175347222222222
1503,50.1,116.89229759722222,42.2840118262016,127.44571180555556,115.15362847222222,103.0396701388889,7.215185088498506,9.318493138215496,2.5738310185185185,0.042980324074074074
1504,50.13333333333333,117.12297166666666,42.03830689316595,127.82145833333334,115.34918402777778,103.19104166666666,7.215933247631527,9.145726985245076,2.7646527777777776,0.04644675925925926
1505,50.166666666666664,116.91611263888888,42.21304297797045,127.59756944444445,115.1543923611111,102.91479166666667,7.221665171143449,9.091893716992576,3.7864583333333335,0.060167824074074075
1506,50.2,116.92412027777777,42.21160250204807,127.60619791666667,115.16215277777778,102.92342013888889,7.221817607280611,9.091294472103158,0.02745949074074074,0.0
1507,50.233333333333334,116.60170722569444,42.03004485643136,127.25895833333334,114.84418402777777,102.63008680555555,7.222327863391758,9.103031647654303,1.6542824074074074,0.026695601851851852
1508,50.266666666666666,116.38922009375,41.90237370042948,127.00857638888888,114.64027777777778,102.44418402777778,7.221409224270009,9.149885114639094,1.4070891203703704,0.021394675925925925
1509,50.3,116.42486936458333,41.84511186160572,127.04923611111111,114.67121527777778,102.51175347222222,7.22234263456875,9.164803157388395,1.1843402777777778,0.020092592592592592
1510,50.333333333333336,116.38896731597222,41.84418854734928,126.99796875,114.64203125,102.45454861111111,7.221789766377189,9.169732368019556,0.0915798611111111,0.0
1511,50.36666666666667,116.45533643402777,41.83780378313927,127.09979166666666,114.69380208333334,102.56112847222222,7.2217635758664915,9.173710107699028,0.573587962962963,0.01109375
1512,50.4,116.38135478472222,41.838409972152085,126.99557291666666,114.63277777777778,102.44782986111112,7.221993808316072,9.199089802150041,0.6047106481481481,0.012309027777777778
1513,50.43333333333333,116.39459236458332,41.837133258504004,127.01362847222222,114.64395833333333,102.46725694444444,7.223814173034537,9.210508118075136,0.24092013888888889,0.0038425925925925928
1514,50.46666666666667,116.30734942013888,41.84074861767834,126.88421875,114.5768576388889,102.30465277777778,7.225026884419518,9.221577535233621,0.17557291666666666,0.0
1515,50.5,116.34206608680556,41.83640402066373,126.92848958333333,114.6075173611111,102.35142361111112,7.225390607225895,9.217676889904753,0.0594212962962963,0.0
1516,50.53333333333333,116.33075506249999,41.83352307180237,126.91225694444445,114.59840277777778,102.33284722222223,7.225316686778936,9.21594228982843,0.03356481481481482,0.0
1517,50.56666666666667,116.33851384027777,41.83440565882922,126.92225694444444,114.60508680555556,102.34465277777778,7.225519640629006,9.216222192721013,0.02870949074074074,0.0
1518,50.6,116.32337984027778,41.8329698195964,126.89696180555555,114.59409722222222,102.31838541666667,7.2246799262806825,9.204805392044724,0.20067708333333334,5.787037037037037e-06
1519,50.63333333333333,116.3277617361111,41.83158870471552,126.90404513888889,114.59770833333333,102.32244791666666,7.225198006875853,9.203519633463195,0.07924768518518518,0.0
1520,50.666666666666664,115.19044248958332,40.52065509878118,125.95751736111112,113.4328125,100.89649305555555,7.172092117265581,8.046429389120327,1.9320081018518518,0.020775462962962964
1521,50.7,115.19716638888889,40.51777707386258,125.96614583333333,113.43894097222223,100.90350694444444,7.171641968279745,8.045493410259038,0.031516203703703706,0.0
1522,50.733333333333334,115.19334171527777,40.51839829347476,125.96057291666666,113.43581597222222,100.89789930555555,7.171774408355408,8.046986178978791,0.0215625,0.0
1523,50.766666666666666,76.27874152777778,33.0191135198621,65.49767361111111,76.76182291666667,103.23934027777777,4.462274885161796,2.8388597269902123,51.75850694444444,0.877181712962963
1524,50.8,76.31175732638887,33.02589180673641,65.53942708333334,76.79081597222222,103.28647569444445,4.471691269221035,2.849752600893349,0.07127314814814815,8.101851851851852e-05
1525,50.833333333333336,76.30350130555554,33.04512912798359,65.53092013888889,76.78375,103.26717013888889,4.483197376313386,2.869653163019864,0.06914930555555555,0.0004050925925925926
1526,50.86666666666667,76.39336125694444,33.075667992527336,65.63526041666667,76.87116319444445,103.33862847222223,4.530751069916387,2.9489741881989326,0.1953761574074074,0.004074074074074074
1527,50.9,76.50290468402775,33.22388362474552,65.78673611111111,76.98059027777778,103.32585069444444,4.585448844244848,3.169559795185651,0.5807060185185186,0.009346064814814814
1528,50.93333333333333,76.74143130902776,33.40918579543439,66.09666666666666,77.20036458333334,103.53987847222223,4.623012252866835,3.3788076718598288,0.6068344907407407,0.009363425925925926
1529,50.96666666666667,76.96994957638888,33.70413226732236,66.38519097222222,77.42784722222223,103.60196180555556,4.662004905103905,3.6182802985018996,0.7148263888888889,0.011498842592592592
1530,51.0,77.23279142361112,34.05092011541141,66.70173611111112,77.68164930555555,103.79621527777778,4.6912089464483975,3.8628703403101285,0.8244502314814814,0.01171875
1531,51.03333333333333,77.52769678472221,34.56551472750943,67.0104861111111,77.99538194444445,103.86385416666667,4.764787993923633,4.323652399833312,1.3323784722222223,0.020162037037037037
1532,51.06666666666667,77.96688295138888,35.04125410767723,67.53934027777778,78.41026041666667,104.27979166666667,4.827623739677976,4.680837226344426,1.1859085648148149,0.01568287037037037
1533,51.1,78.16030147569445,35.4162392095364,67.75795138888888,78.60845486111111,104.35171875,4.861377062655933,4.915176804704238,1.1316956018518518,0.014791666666666667
1534,51.13333333333333,78.64311282638887,36.08948769425917,68.30416666666666,79.0886111111111,104.67413194444444,4.945289208754225,5.443234798654771,1.5812152777777777,0.025983796296296297
1535,51.166666666666664,78.74510693402776,36.30259384206901,68.39552083333334,79.20883680555555,104.6268576388889,4.9822963443311785,5.644204418342426,1.081724537037037,0.014600694444444444
1536,51.2,79.04007021527777,36.481693536552534,68.77053819444444,79.47414930555556,104.97980902777778,5.005973266890304,5.79505125269199,0.9832118055555555,0.011938657407407408
1537,51.233333333333334,79.15732170833331,36.562931101905534,68.88515625,79.60223958333333,104.99744791666667,5.034022843592723,6.001831287766293,0.7044097222222222,0.008761574074074074
1538,51.266666666666666,79.31440078124999,36.59564176904019,69.07145833333334,79.754375,105.11744791666666,5.065366905137831,6.175913929823909,0.9431481481481482,0.013657407407407408
1539,51.3,79.20653494444443,36.596916675756276,68.92901041666667,79.66722222222222,104.9062326388889,5.071970772429969,6.181452719636405,0.5763252314814815,0.002627314814814815
1540,51.333333333333336,79.39728848263888,36.64687338734386,69.18965277777778,79.83480902777778,105.12067708333333,5.099946987256745,6.284526531265142,0.7367592592592592,0.007818287037037037
1541,51.36666666666667,79.36216076388887,36.865865276066685,69.27902777777778,79.79206597222222,104.794375,5.168037664401485,6.486266490764901,2.072829861111111,0.03826967592592593
1542,51.4,79.31232415625,37.007975841075606,69.35965277777778,79.72175347222222,104.56321180555555,5.2190555202075775,6.553548386766918,2.124646990740741,0.040150462962962964
1543,51.43333333333333,79.14496938194442,37.18697550050536,69.29734375,79.56779513888888,103.95383680555555,5.278279975561421,6.700570636054973,2.9945659722222224,0.055399305555555556
1544,51.46666666666667,79.19772786458333,37.37177946031228,69.70779513888888,79.55071180555555,103.6451736111111,5.376342358243652,6.853209822235065,3.992042824074074,0.07066550925925925
1545,51.5,79.0636842048611,37.85474327691859,70.06887152777777,79.37184027777778,102.49725694444444,5.510537397645683,6.980366705354206,8.341359953703703,0.13550347222222223
1546,51.53333333333333,79.36279884722221,37.91995066702531,70.7617013888889,79.60543402777778,102.28607638888889,5.587654655082678,7.0479979629777585,6.557349537037037,0.11265625
1547,51.56666666666667,79.76207708680556,38.06588379681736,71.69413194444445,79.98916666666666,101.26942708333333,5.6823880023917255,7.132876518932584,7.836030092592592,0.1313425925925926
1548,51.6,81.23691119097222,39.023192033476626,74.43864583333334,81.25866319444444,101.03960069444445,5.8406483074062585,7.292767169498273,14.571846064814816,0.2203298611111111
1549,51.63333333333333,81.4510370173611,39.16987651948738,74.94713541666667,81.45833333333333,100.53013888888889,5.881575703520489,7.248093137355056,10.566105324074075,0.17813657407407407
1550,51.666666666666664,81.83942350694444,39.41207841282255,75.91164930555556,81.75706597222222,100.11015625,5.934398630516182,7.104053314184758,11.084594907407407,0.18894675925925927
1551,51.7,81.79959212499999,39.526136501362615,76.00045138888889,81.73152777777777,99.54996527777777,5.9594027571053205,7.103006311880483,11.603292824074074,0.19744791666666667
1552,51.733333333333334,80.90478988541665,39.518147611477616,75.40366319444445,80.74133680555556,98.72253472222222,5.94868390807496,6.671620443737364,18.199143518518518,0.29161458333333334
1553,51.766666666666666,80.42433544791666,39.413787813875366,74.84347222222222,80.28538194444444,98.23418402777777,5.920164992340073,6.55340960352234,11.751429398148149,0.20258680555555555
1554,51.8,79.85371288888888,39.12391576367219,74.28729166666666,79.68802083333334,97.88590277777777,5.8828185396243775,6.38730168913599,11.401498842592593,0.1969965277777778
1555,51.833333333333336,78.94427352430556,38.56523649291759,73.17803819444444,78.84135416666666,96.94302083333334,5.869701697379897,6.330760855844005,11.31453125,0.19124421296296296
1556,51.86666666666667,77.30646957638889,36.553311905105005,71.15034722222222,77.20434027777777,96.44545138888888,5.793828507852728,6.087582170381817,15.324565972222222,0.24525462962962963
1557,51.9,76.58670768055555,35.40149328102146,70.10102430555555,76.5328125,96.21831597222223,5.7671491759364795,6.089252692277475,8.286863425925926,0.1526099537037037
1558,51.93333333333333,75.86463960763888,34.340402111395555,69.20789930555556,75.80642361111111,96.04274305555556,5.749832617586189,6.080503735274021,7.169658564814815,0.13702546296296297
1559,51.96666666666667,74.61230234027776,33.037778683962216,67.46586805555556,74.64633680555555,95.31854166666666,5.71605520411398,6.196399819859279,9.347268518518518,0.16455439814814815
1560,52.0,74.45757688194445,32.744977577294584,67.3338888888889,74.45548611111111,95.4546875,5.714547363662346,6.192211470504748,4.542679398148148,0.08491898148148148
1561,52.03333333333333,74.50495874652778,33.04396435474578,67.42847222222223,74.51164930555555,95.27609375,5.711056241503712,6.243562739817506,4.102754629629629,0.07405671296296296
1562,52.06666666666667,75.0708422013889,33.752745636965095,68.24973958333334,75.02916666666667,95.5690798611111,5.723357982007494,6.285565527468748,4.405868055555556,0.08072916666666667
1563,52.1,75.28079888541667,34.44670929027713,68.77866319444445,75.23729166666666,94.85795138888889,5.752784384270588,6.260031440022698,7.33478587962963,0.12049768518518518
1564,52.13333333333333,75.0562199340278,33.46791602758064,68.83989583333333,74.92578125,94.65289930555555,5.7670211430766205,6.240299294985226,3.838767361111111,0.06819444444444445
1565,52.166666666666664,74.88657657291665,32.85219096329509,68.77814236111111,74.75652777777778,94.16170138888889,5.786429617409641,6.287996166750217,3.390954861111111,0.06493055555555556
1566,52.2,75.30495181944444,32.86732342013971,69.48168402777777,75.12793402777778,94.20564236111112,5.791620620810756,6.352191886205169,6.123472222222222,0.12672453703703704
1567,52.233333333333334,75.34461983680555,33.17075776731719,69.53956597222222,75.18946180555555,93.97513888888889,5.78874039867457,6.341414101247739,3.830133101851852,0.07985532407407407
1568,52.266666666666666,75.80488622569445,33.012236737431195,70.14157986111111,75.57098958333333,94.79798611111111,5.782919460189602,6.2914889023646445,3.996354166666667,0.07984375
1569,52.3,75.91715151736112,32.82483024120744,70.15524305555556,75.71826388888888,94.85380208333333,5.766968612087464,6.315683198100855,4.196232638888889,0.0846412037037037
1570,52.333333333333336,75.43916957986112,31.407770091591633,69.23661458333333,75.28319444444445,95.24826388888889,5.70040859890053,6.088733956493877,7.444282407407408,0.14421296296296296
1571,52.36666666666667,75.19119601736111,31.070819317315085,68.70513888888888,75.11864583333333,95.00869791666666,5.681866050883396,6.017410890535217,5.047650462962963,0.10266782407407407
1572,52.4,75.26365459374999,30.818450647223525,68.74901041666666,75.16725694444445,95.4015625,5.6705361518211985,6.0104565696164105,5.10525462962963,0.10686921296296296
1573,52.43333333333333,74.92101805555555,30.336314420140788,68.24631944444444,74.85335069444444,95.245625,5.638578005703887,5.874384714495903,7.845300925925926,0.1570775462962963
1574,52.46666666666667,74.85112832291667,30.516724938394265,68.20954861111112,74.76546875,95.25644097222222,5.623750761332886,5.811648340109217,5.127112268518519,0.11124421296296297
1575,52.5,75.07391706597221,30.885823396402234,68.40828125,75.00888888888889,95.34569444444445,5.609933607574489,5.70074209394866,4.468709490740741,0.0940451388888889
1576,52.53333333333333,75.63535411805555,31.29274017028808,69.23725694444444,75.51067708333333,95.71020833333333,5.633617463335938,5.707185026377481,4.252268518518519,0.0913136574074074
1577,52.56666666666667,75.90505053819444,31.850183878846224,69.83809027777778,75.76140625,95.19272569444445,5.72650224601966,5.898495232637854,6.3857233796296295,0.1279803240740741
1578,52.6,75.59985235763888,31.820619165567106,69.60913194444444,75.44045138888889,94.81911458333333,5.760054777736028,5.9549676124931645,4.035688657407407,0.08266782407407407
1579,52.63333333333333,74.12964349652776,28.627016956773478,67.7890625,74.02791666666667,93.80779513888889,5.646032211158344,4.99947721141778,5.4222222222222225,0.09733217592592593
1580,52.666666666666664,74.07252909027777,28.523405644184827,67.78763888888889,73.93510416666666,93.9403125,5.679250351584365,5.0533027665999715,4.021510416666667,0.08307291666666666
1581,52.7,73.71136305902778,28.389133713512688,67.29717013888889,73.60857638888889,93.61677083333333,5.69003545055825,5.140581173462859,5.460642361111111,0.11163194444444445
1582,52.733333333333334,73.70452730555554,28.4321294861095,67.35123263888889,73.58460069444445,93.60039930555556,5.705247248495903,5.209952672115831,3.530011574074074,0.07620949074074074
1583,52.766666666666666,73.43940988541667,28.540865791481053,67.00748263888889,73.36383680555555,93.12746527777777,5.715280503931695,5.345741179440937,3.515596064814815,0.07214699074074074
1584,52.8,73.14672307986112,28.849646582046635,66.82328125,73.03362847222222,92.88701388888889,5.732061680163449,5.3873072271841895,4.743159722222222,0.09832175925925926
1585,52.833333333333336,73.00091866319443,29.081976625187924,66.61953125,72.90913194444444,92.70076388888889,5.742803468512668,5.433109529042958,2.880792824074074,0.057228009259259256
1586,52.86666666666667,73.00189466319445,29.63093539235919,66.62513888888888,72.90534722222222,92.73526041666666,5.75193278801679,5.5871688480493376,2.692511574074074,0.05032986111111111
1587,52.9,72.95845451041666,30.142614712069076,66.50821180555556,72.89225694444444,92.60756944444445,5.7522262213821245,5.706186511212953,2.2715277777777776,0.03976273148148148
1588,52.93333333333333,73.06875593055554,30.48975327060303,66.67546875,72.97236111111111,92.84928819444444,5.7529612998825765,5.781240939539514,2.485920138888889,0.04879050925925926
1589,52.96666666666667,73.08019719097221,30.917889282836562,66.65244791666667,72.99979166666667,92.80381944444444,5.746952630912467,5.816130925303652,1.6082349537037037,0.03163773148148148
1590,53.0,73.15394767361111,31.02010110173356,66.74635416666666,73.06401041666666,92.91263888888889,5.749869687248613,5.807247597017419,1.2918171296296297,0.024247685185185185
1591,53.03333333333333,73.03352555902777,31.067520742434457,66.56600694444444,72.96987847222222,92.70824652777777,5.745332510857966,5.78447202413146,1.3316261574074073,0.027945601851851853
1592,53.06666666666667,73.26701447222221,31.10364324658086,66.88645833333334,73.14180555555555,93.29548611111112,5.7462935384824405,5.791778642183611,0.9636689814814815,0.011863425925925927
1593,53.1,73.212333625,31.1249594844388,66.61534722222223,73.17178819444445,93.03944444444444,5.739797522469246,5.785080239293945,0.8154571759259259,0.011886574074074074
1594,53.13333333333333,73.16985097222222,31.157225234047935,66.37494791666667,73.18932291666667,92.98522569444444,5.732194274829033,5.784636864685673,0.9170138888888889,0.009577546296296296
1595,53.166666666666664,72.9781566111111,31.1912278433682,65.79956597222223,73.14006944444445,92.51234375,5.705414017865675,5.811103101513959,1.1303761574074074,0.017760416666666667
1596,53.2,73.09349544444443,31.28010542968437,65.93756944444445,73.24111111111111,92.70256944444445,5.713828700508268,5.86402251685184,0.4657060185185185,0.005381944444444444
1597,53.233333333333334,73.11348894097222,31.356126881908466,65.93864583333334,73.27043402777778,92.68585069444444,5.710207790994218,5.8958033399225345,0.2896064814814815,0.0038541666666666668
1598,53.266666666666666,73.1801878888889,31.483121039747754,65.9921701388889,73.3457986111111,92.70550347222222,5.713456900419059,5.964493207043951,0.4583217592592593,0.004496527777777778
1599,53.3,73.24481261805555,31.62292720140243,66.026875,73.42703125,92.69371527777778,5.711396073284486,6.013385698792247,0.23125578703703703,0.0023148148148148147
1600,53.333333333333336,73.38694464930555,31.821698877724003,66.19029513888889,73.56027777777778,92.86118055555555,5.719096493357304,6.074217149212579,0.21980324074074073,0.00203125
1601,53.36666666666667,73.49447102083333,31.953993582938704,66.30828125,73.66897569444444,92.92630208333334,5.720812616005787,6.146105863248649,0.22289351851851852,0.0028703703703703703
1602,53.4,73.64494915277778,32.14312462626573,66.53208333333333,73.80184027777777,93.03534722222223,5.725623524465311,6.250381893452317,0.38625578703703706,0.005381944444444444
1603,53.43333333333333,73.74429478472221,32.26626481500642,66.66494791666666,73.89984375,93.04928819444444,5.727702837276301,6.336963297150493,0.30734375,0.003564814814814815
1604,53.46666666666667,73.86611083333332,32.28868012121015,66.86493055555556,74.00029513888889,93.15256944444444,5.736019889030361,6.362465008015766,0.3458101851851852,0.004849537037037037
1605,53.5,73.91998918749998,32.303240104003535,66.98965277777778,74.03876736111111,93.15045138888888,5.738131129597176,6.354849227094437,0.41119212962962964,0.006921296296296296
1606,53.53333333333333,73.8880603298611,32.150764339070946,67.00053819444445,73.98984375,93.1607986111111,5.733597402630161,6.3694244477366135,0.7722048611111111,0.013009259259259259
1607,53.56666666666667,73.59187819791667,31.626082821072984,66.64335069444445,73.7025,92.95670138888889,5.724428973992713,6.242789999215571,0.6055034722222222,0.010688657407407407
1608,53.6,73.4759323298611,31.391538336459693,66.50760416666667,73.57585069444444,93.00508680555555,5.712349521391321,6.12577136205048,0.6317418981481482,0.00967013888888889
1609,53.63333333333333,73.48134710069444,31.63843705520204,66.55416666666666,73.57467013888889,92.95467013888889,5.7047298158582755,5.922098819536872,0.9401967592592593,0.012627314814814815
1610,53.666666666666664,73.52771203472221,31.816729982825677,66.62723958333333,73.613125,93.00074652777778,5.698485436237939,5.790884750695769,0.4219212962962963,0.006678240740740741
1611,53.7,73.49779151388888,31.938899883066902,66.58097222222223,73.59206597222222,92.93118055555556,5.685709834878311,5.727373851758652,0.35828125,0.00494212962962963
1612,53.733333333333334,73.521021375,32.03086888796012,66.61432291666667,73.60739583333333,93.00286458333333,5.68039927635416,5.62651382433405,0.4427951388888889,0.006163194444444444
1613,53.766666666666666,73.41316958333333,32.0667239512223,66.48809027777777,73.5021875,92.92295138888889,5.6663188801431925,5.4667770229827894,0.6280555555555556,0.010127314814814815
1614,53.8,73.4080207361111,32.06092992720894,66.47994791666666,73.49696180555556,92.92737847222222,5.668438558129436,5.465209799340082,0.37603587962962964,0.005717592592592593
1615,53.833333333333336,73.38041281944444,32.03192379582627,66.43595486111111,73.47475694444445,92.89449652777778,5.665191091698558,5.443939175895562,0.40057291666666667,0.00568287037037037
1616,53.86666666666667,73.55076759722222,32.06946375968819,66.69211805555555,73.60236111111111,93.23565972222222,5.689151642771795,5.492057285498868,1.0607175925925927,0.009791666666666667
1617,53.9,73.53265630555556,32.04677502544257,66.63083333333333,73.61350694444444,93.05486111111111,5.698455876941653,5.571248016373643,0.7088194444444444,0.0067708333333333336
1618,53.93333333333333,74.0738261388889,32.78174853466922,67.30565972222222,74.13626736111111,93.38482638888888,5.740847494217747,5.705197416513673,1.0182118055555556,0.01119212962962963
1619,53.96666666666667,74.66348266666667,33.6455740392764,68.09217013888889,74.73454861111111,93.30939236111111,5.7837269575147925,5.918534782076568,1.4399710648148147,0.01738425925925926
1620,54.0,76.77268478472223,36.4262628047799,70.88717013888889,76.74991319444445,94.3287326388889,5.9578486991316275,6.390363150399073,3.6316840277777778,0.050243055555555555
1621,54.03333333333333,77.0816725798611,37.012183370912524,71.2384375,77.06190972222223,94.48342013888889,5.96443194129931,6.460712341522891,0.9895833333333334,0.01579861111111111
1622,54.06666666666667,77.19048326736112,37.019692812730064,71.39170138888889,77.1595138888889,94.57234375,5.97624223350167,6.542410226650048,0.9642013888888888,0.015335648148148149
1623,54.1,77.24703235416666,37.060316076940474,71.41628472222222,77.23741319444444,94.51152777777777,5.9866714158675105,6.648763776227892,1.2386226851851851,0.020943287037037038
1624,54.13333333333333,77.6850905,37.361553795458526,72.00821180555556,77.62918402777778,94.95501736111112,6.020554075398388,6.930881924589276,2.8177083333333335,0.04297453703703704
1625,54.166666666666664,77.67298104861109,37.339999927431805,71.95602430555556,77.63347222222222,94.89848958333333,6.026090129100465,7.006881535866515,1.6769270833333334,0.02457175925925926
1626,54.2,77.67909659375,37.241067754379806,71.943125,77.62965277777778,95.05901041666667,6.034308436177932,7.046058798511143,1.6683738425925927,0.02314236111111111
1627,54.233333333333334,77.40939098263887,36.838104074239304,71.4596875,77.40725694444444,94.95001736111111,6.040185218818271,7.1305410970145005,2.8221064814814816,0.042881944444444445
1628,54.266666666666666,77.38650349999999,36.617541120487545,71.44512152777777,77.3495138888889,95.24789930555555,6.054046180284415,7.179350198078598,1.8352372685185185,0.02561921296296296
1629,54.3,77.19093622916665,36.395069144016496,71.10373263888889,77.18284722222222,95.19543402777778,6.059445448396252,7.254219111887391,1.7785416666666667,0.027390046296296298
1630,54.333333333333336,77.05716516666666,36.23461438965564,70.87467013888889,77.05369791666666,95.29647569444444,6.062318480920213,7.313974624525573,1.6816840277777778,0.026788194444444444
1631,54.36666666666667,76.86285686805554,36.24055656132789,70.43715277777778,76.91069444444445,95.31010416666666,6.046902897905011,7.472144574521582,2.4352372685185184,0.04175925925925926
1632,54.4,77.00638242708334,36.308767872933736,70.6114236111111,77.02949652777778,95.60800347222222,6.045322241491503,7.4831484193304405,1.2269328703703704,0.018865740740740742
1633,54.43333333333333,76.94001858333333,36.274968259692415,70.48076388888889,76.9815625,95.54840277777778,6.040932945616353,7.504358928756721,0.9696412037037037,0.01509837962962963
1634,54.46666666666667,76.94962812152777,36.21889121426929,70.46314236111111,76.995,95.60027777777778,6.057774614023651,7.596329095256285,1.1438715277777778,0.020370370370370372
1635,54.5,76.92107555208334,36.20585095034164,70.404375,76.97883680555556,95.53796875,6.061912352111036,7.629506070874781,0.5100405092592593,0.008802083333333334
1636,54.53333333333333,76.97109540972221,36.18417451592713,70.46373263888889,77.02317708333334,95.61675347222223,6.0703325426681465,7.66265475620319,0.5521469907407407,0.007233796296296296
1637,54.56666666666667,76.9838178159722,36.166573161974114,70.46795138888889,77.04046875,95.60925347222222,6.073194059473068,7.6850186487338945,0.26708912037037036,0.003894675925925926
1638,54.6,77.1313188298611,36.17357775016815,70.7043923611111,77.14508680555555,95.91965277777778,6.074162361630947,7.682151347961774,0.526712962962963,0.0025289351851851853
1639,54.63333333333333,77.02208394444445,36.176220928699955,70.52871527777778,77.06645833333333,95.70288194444444,6.0681694745468295,7.6710640400671615,0.3180208333333333,0.00041087962962962964
1640,54.666666666666664,77.06539335763888,36.184085691486274,70.59659722222223,77.09831597222222,95.78727430555556,6.068910874817641,7.672640259855708,0.1621875,0.00035300925925925924
1641,54.7,76.84963415277777,36.22023809270229,70.20055555555555,76.96118055555556,95.32354166666667,6.039070558687244,7.683290389099165,0.4567939814814815,0.00047453703703703704
1642,54.733333333333334,76.8979532847222,36.23389861831926,70.27392361111112,76.99835069444444,95.40854166666666,6.041043941516136,7.687711356894533,0.1724247685185185,3.472222222222222e-05
1643,54.766666666666666,76.87073765625,36.2451300680869,70.22810763888889,76.98164930555555,95.33194444444445,6.039656532896895,7.690275636669746,0.11272569444444444,5.208333333333334e-05
1644,54.8,76.88732241319444,36.26012417071273,70.2181076388889,77.00355902777778,95.3740625,6.040043262103831,7.700008751293395,0.07332175925925925,0.0005613425925925926
1645,54.833333333333336,76.2341507361111,35.57436101431113,69.42677083333334,76.37463541666666,94.88753472222223,6.015146315384928,7.582274451662405,0.730306712962963,0.006435185185185185
1646,54.86666666666667,76.26848353819443,35.58005742082507,69.46927083333334,76.40472222222222,94.93987847222222,6.0167305471883825,7.586950423572679,0.07273148148148148,0.0
1647,54.9,76.25451274652778,35.5747246257283,69.45017361111111,76.39303819444444,94.91835069444444,6.016197279647292,7.586140342779558,0.03546875,0.0
1648,54.93333333333333,76.26271520486111,35.57641647622279,69.4609375,76.40001736111111,94.93112847222223,6.016800377048679,7.5891137072516734,0.024733796296296295,0.0
1649,54.96666666666667,76.23900524652778,35.57640610376317,69.42114583333333,76.38239583333333,94.89446180555555,6.01305449416926,7.584540761845725,0.11122106481481482,0.00014467592592592592
1650,55.0,76.25803632638889,35.5759317619625,69.44354166666666,76.39987847222223,94.91892361111111,6.0148822676516325,7.587768607658408,0.03245370370370371,0.0
1651,55.03333333333333,76.25107415972222,35.573222760138876,69.43560763888888,76.39354166666666,94.90862847222222,6.014289646939139,7.586689750115049,0.01868634259259259,0.0
1652,55.06666666666667,76.25369678819443,35.56969031365192,69.44211805555555,76.39463541666667,94.91494791666666,6.014599587919193,7.587931365442982,0.026354166666666668,1.1574074074074073e-05
1653,55.1,76.23443078125,35.56638662092791,69.41741319444445,76.37748263888889,94.89076388888888,6.0126534678779135,7.584696678988278,0.030925925925925926,0.0
1654,55.13333333333333,172.63414947569444,20.196319320837738,179.94855902777778,171.73526041666668,160.00038194444446,5.494152268334956,2.0287024497065627,92.26966435185186,0.9657638888888889
1655,55.166666666666664,170.04602206944443,26.111437464666523,177.4476388888889,169.12881944444445,157.336875,5.491638796375424,1.085899950816925,4.515856481481482,0.05026041666666667
1656,55.2,165.65483881944442,33.36966835749997,172.9923611111111,164.7278125,153.2317361111111,5.739697819535119,1.4397278688402277,8.015775462962964,0.08913773148148148
1657,55.233333333333334,165.2320497465278,33.3039691799344,172.54385416666668,164.31722222222223,152.76383680555554,5.8153099651643805,1.5993379881798138,7.654265046296296,0.08114583333333333
1658,55.266666666666666,161.02992140625003,39.76974010257756,168.18223958333334,160.13486111111112,148.83552083333333,5.965386677291125,1.9946982965211255,14.607824074074074,0.14966435185185184
1659,55.3,157.06882880208335,44.625187447558105,164.03041666666667,156.2017361111111,145.15901041666666,6.092499391648211,2.262360341186377,16.14759259259259,0.16934027777777777
1660,55.333333333333336,155.72312801041667,45.52603750928688,162.7318576388889,154.83440972222223,143.88871527777778,6.169616335902431,2.430933273596955,10.873402777777779,0.1366087962962963
1661,55.36666666666667,154.27025369791664,48.12642725414065,161.1397048611111,153.40407986111111,142.6226388888889,6.137609549650245,2.656034427010059,16.93037615740741,0.20348958333333333
1662,55.4,154.23961688888886,48.397781508259776,161.11734375,153.36166666666668,142.68428819444443,6.114149940546361,2.862454900609835,9.683402777777777,0.12622106481481482
1663,55.43333333333333,151.53270658680555,50.960370376628084,158.38659722222224,150.62960069444443,140.29675347222224,6.152988220545819,3.224834638226928,16.316666666666666,0.17440393518518518
1664,55.46666666666667,148.64361847569444,53.5987945674206,155.73519097222223,147.663125,137.474375,6.229133655108395,3.386477569803822,15.096996527777778,0.16207175925925926
1665,55.5,148.88579628124998,54.07006143116349,156.06456597222223,147.86798611111112,137.82944444444445,6.256411114882555,3.5539140185026676,13.074988425925927,0.15658564814814815
1666,55.53333333333333,149.84404744444447,53.68132405642669,156.981875,148.83506944444446,138.82076388888888,6.246427491641272,3.65824140240113,8.602679398148148,0.12762731481481482
1667,55.56666666666667,150.67470905208333,53.05699290619216,157.80328125,149.67550347222223,139.581875,6.225351935918278,3.721318030580316,3.4194097222222224,0.05495949074074074
1668,55.6,152.20723493402778,52.660703564430605,159.26645833333333,151.20958333333334,141.30321180555555,6.113469146496829,3.7054261130624537,4.542424768518519,0.06028356481481482
1669,55.63333333333333,152.36370274305557,52.54882393733495,159.30137152777777,151.4072048611111,141.40994791666665,6.110557507023705,3.7085954480474657,1.2713773148148149,0.013668981481481482
1670,55.666666666666664,151.83719893402775,52.83707023439429,158.7457638888889,150.86642361111112,141.11057291666665,6.1556372080560635,3.8591821919463123,1.8636689814814815,0.02673611111111111
1671,55.7,149.73723037152777,54.041395003205125,156.51848958333332,148.79427083333334,139.10993055555556,6.248882078796992,4.224285462060161,3.4260300925925926,0.047893518518518516
1672,55.733333333333334,148.94225041319442,54.372318003635094,155.6912326388889,147.9946527777778,138.4559375,6.300275841422846,4.439036480533275,3.4788194444444445,0.05620949074074074
1673,55.766666666666666,147.17232665972222,55.055476647901635,153.92713541666666,146.19171875,136.99585069444444,6.4304098887666115,4.674683188854933,6.4239699074074075,0.10060185185185185
1674,55.8,146.51263699305554,54.728279078212836,153.28050347222222,145.5309375,136.30852430555555,6.55936774636189,4.852656709975647,8.115792824074074,0.13392361111111112
1675,55.833333333333336,145.20864246527776,54.852489878678156,152.02057291666668,144.20197916666666,135.12206597222223,6.627754989801035,5.087918238988444,9.521666666666667,0.1569039351851852
1676,55.86666666666667,144.47653074305552,55.185325576537466,151.318125,143.4466840277778,134.53225694444444,6.657141305951167,5.233876619397233,8.175190972222222,0.14336226851851852
1677,55.9,142.77114508680555,55.59472781365318,149.53177083333333,141.76053819444445,132.8747048611111,6.712009028676459,5.585883313247092,11.610179398148148,0.18572916666666667
1678,55.93333333333333,141.73301188194444,55.936233534236244,148.54861111111111,140.68557291666667,132.03954861111112,6.7461304954238175,5.935958408979021,12.71603587962963,0.20432291666666666
1679,55.96666666666667,141.41938598958333,55.91668820662433,148.23364583333333,140.37401041666666,131.70942708333334,6.76483647504752,6.029144678612239,9.822494212962964,0.1688888888888889
1680,56.0,141.49724802777777,55.660785885812835,148.3934201388889,140.42010416666668,131.86078125,6.756839729857901,6.046635548324216,13.04988425925926,0.20767939814814815
1681,56.03333333333333,141.04004280555554,55.908145067759875,147.86104166666667,139.99131944444446,131.34340277777778,6.7600791788504475,6.198353787239082,8.886412037037037,0.1557638888888889
1682,56.06666666666667,140.23419921527778,56.73711303110505,147.24013888888888,139.08447916666665,130.9934375,6.771578997202914,6.3486326890266565,13.650092592592593,0.2011689814814815
1683,56.1,139.2774917986111,57.223797775491846,146.2251909722222,138.15260416666666,129.96223958333334,6.829281154758944,6.716426641824598,13.072627314814815,0.1995428240740741
1684,56.13333333333333,138.48211727777777,57.429161698571676,145.46760416666666,137.30956597222223,129.52774305555556,6.865293649280884,6.874291801528212,11.168663194444445,0.1897800925925926
1685,56.166666666666664,138.13543353125002,57.505369380618404,145.07053819444445,136.96869791666666,129.27180555555555,6.89336287391285,6.986561265213661,9.396649305555556,0.1651388888888889
1686,56.2,138.36360023958332,57.29917962326242,145.34256944444445,137.17887152777777,129.54904513888889,6.901026642735848,7.004968118748284,5.947280092592592,0.10612268518518518
1687,56.233333333333334,137.90385860416666,56.77483617534312,144.94699652777777,136.71652777777777,128.92612847222222,6.911011983246338,6.651784102201216,9.230902777777779,0.16006944444444443
1688,56.266666666666666,137.69331573611112,56.76146202985575,144.7538715277778,136.49864583333334,128.7369965277778,6.931670201202942,6.6740703099904355,5.828761574074074,0.10081018518518518
1689,56.3,137.09239459375002,56.47907765303078,144.2865451388889,135.84196180555554,128.29506944444444,6.943853622320471,6.480151535626322,12.91162037037037,0.2222337962962963
1690,56.333333333333336,136.6090306875,54.113725627382046,143.7523611111111,135.35635416666668,127.98357638888889,7.016762530552968,6.127996189205555,16.8465625,0.28816550925925927
1691,56.36666666666667,138.05119265625,54.5766376297884,145.16043402777777,136.80411458333333,129.47065972222222,7.003829794234583,6.378657355967325,14.248425925925925,0.2542361111111111
1692,56.4,138.90613853124998,54.78289741659487,146.10380208333333,137.63647569444444,130.28895833333334,6.968346804648291,6.569198821896849,17.419594907407408,0.2973090277777778
1693,56.43333333333333,138.34443586805557,55.31458096620594,145.41786458333334,137.11246527777777,129.7197048611111,6.97624215681461,6.927148161527624,12.69329861111111,0.2333449074074074
1694,56.46666666666667,136.14357278125,56.78762990076467,143.04852430555556,134.91024305555555,128.02840277777779,7.025808302207181,7.612550176143783,19.575549768518517,0.3282465277777778
1695,56.5,134.85930500347223,57.73713729580442,141.60097222222223,133.65815972222222,126.90612847222222,7.068773878133426,8.076380584337402,12.167638888888888,0.22398726851851852
1696,56.53333333333333,134.32461077430557,58.34644916787136,140.85003472222223,133.1340625,126.90321180555556,7.102314386890153,8.536842120566943,17.21201388888889,0.2828819444444444
1697,56.56666666666667,134.67880002777775,58.30814322448926,140.97901041666665,133.5873263888889,126.93914930555556,7.124517331719604,8.765363842162472,14.811371527777778,0.2472800925925926
1698,56.6,134.97953869444444,58.347156201516356,141.30289930555554,133.86234375,127.42651041666667,7.1405303605782855,8.906391420152936,8.479322916666666,0.15502893518518518
1699,56.63333333333333,135.25431802430555,58.351710510919936,141.51381944444444,134.145,127.81130208333333,7.127119044546207,9.025104445897764,10.367685185185184,0.18829282407407408
1700,56.666666666666664,135.24678372222223,58.53228349813799,141.514375,134.12508680555555,127.90256944444444,7.1231794198364,9.172596056859653,5.846921296296296,0.10895254629629629
1701,56.7,134.65810702083334,59.029314770008085,140.76402777777778,133.58706597222223,127.28815972222222,7.0938472560541515,9.483614471970597,8.064791666666666,0.15389467592592593
1702,56.733333333333334,134.8090010486111,59.04668609546125,140.97038194444445,133.70147569444444,127.63715277777777,7.103139955252846,9.516074341757246,6.0176388888888885,0.12269097222222222
1703,56.766666666666666,134.59065313888888,59.044168802878126,140.81776041666666,133.46543402777777,127.40053819444445,7.119635544824024,9.659461213378123,3.2952777777777778,0.05791087962962963
1704,56.8,134.50100155555555,58.96392952135794,140.82993055555556,133.35036458333335,127.26284722222222,7.124321811019332,9.865608121702968,6.581990740740741,0.1405613425925926
1705,56.833333333333336,134.46585936458334,58.92102914724331,140.8603125,133.30463541666666,127.13963541666666,7.127760472171143,9.932713795286471,2.1652256944444446,0.03980324074074074
1706,56.86666666666667,134.82362592708333,58.8342261270374,141.40022569444446,133.6026388888889,127.55305555555556,7.122154690150422,9.957416198373643,3.3564756944444443,0.07510416666666667
1707,56.9,134.82018489930556,58.83719745363535,141.3904513888889,133.6056597222222,127.50425347222222,7.1228273166411205,9.990148451526071,1.7493287037037037,0.025549768518518517
1708,56.93333333333333,134.98252283680554,58.738646580831606,141.6640277777778,133.73881944444443,127.62807291666667,7.117937577760662,10.039297251462564,3.1277083333333335,0.06810185185185186
1709,56.96666666666667,134.78049938194445,58.7070129941444,141.5440798611111,133.52920138888888,127.25960069444444,7.127103140105994,10.058160728329941,3.247309027777778,0.06728009259259259
1710,57.0,135.02994688541668,58.67598083580526,141.9177777777778,133.7229861111111,127.69456597222222,7.125406077639662,10.024067235342248,2.2171006944444445,0.02791087962962963
1711,57.03333333333333,135.03266047569446,58.62257121401478,141.8771875,133.75112847222223,127.57289930555555,7.118971313203706,10.074014245610604,3.170815972222222,0.058686342592592596
1712,57.06666666666667,135.03674321180554,58.677796585085176,141.82927083333334,133.770625,127.57741319444445,7.117524125343566,10.09964228727204,2.081684027777778,0.02605324074074074
1713,57.1,134.71870748958332,58.608532339664414,141.47416666666666,133.49135416666667,126.98453125,7.124045323665984,10.260391653045577,3.0581134259259257,0.053940972222222223
1714,57.13333333333333,135.15258068749998,58.464780766826934,141.99071180555555,133.89017361111112,127.5222048611111,7.118010118359523,10.22304803809502,3.06640625,0.056469907407407406
1715,57.166666666666664,135.22098921875,58.36516657895928,142.17211805555556,133.93678819444443,127.47376736111111,7.123407129613854,10.232505431896138,2.7026273148148148,0.049241898148148146
1716,57.2,135.47403269097222,58.25855453512137,142.46979166666668,134.18012152777777,127.69157986111111,7.129987121500778,10.242032253948413,2.6091435185185183,0.047685185185185185
1717,57.233333333333334,135.38097303819444,58.25209460766054,142.32619791666667,134.11260416666667,127.49430555555556,7.133139283716435,10.277700420388749,1.4241956018518518,0.014704861111111111
1718,57.266666666666666,135.80261320833333,58.13253089294286,142.84555555555556,134.49489583333335,128.0179861111111,7.123544748467308,10.23551064985423,2.661371527777778,0.051799768518518516
1719,57.3,135.82282168402776,58.112088492430516,142.8309201388889,134.52949652777778,127.99822916666666,7.121563401212201,10.239356537744278,1.6997685185185185,0.025636574074074076
1720,57.333333333333336,136.09379523263888,58.01429009306531,143.13336805555556,134.78913194444445,128.28883680555555,7.12387621578935,10.235924888640303,3.9811516203703703,0.09322916666666667
1721,57.36666666666667,136.12100958333332,57.99240785527855,143.0392013888889,134.86366319444446,128.20475694444445,7.112926786217926,10.267120827299921,6.005694444444444,0.14100694444444445
1722,57.4,136.38111997916667,57.83743727562926,143.40979166666668,135.08809027777778,128.49302083333333,7.117376626252746,10.20462575285216,4.587309027777778,0.10805555555555556
1723,57.43333333333333,136.66087497222222,57.70428989425916,144.01904513888888,135.29118055555554,128.56196180555557,7.119236529237145,10.175864700953255,9.965729166666666,0.20141782407407408
1724,57.46666666666667,137.41826431597224,57.42110712203698,145.13868055555557,135.9571875,129.15789930555556,7.101587247220841,9.674948410867731,12.434253472222222,0.22893518518518519
1725,57.5,137.755765,57.171545425003195,145.82243055555554,136.22418402777777,129.1742361111111,7.0975000036737805,9.72814142588109,13.406967592592592,0.2437037037037037
1726,57.53333333333333,138.1098234270833,56.93463673684585,146.77053819444444,136.36673611111112,129.87420138888888,7.083179186598081,9.570883148846635,8.674872685185186,0.17655092592592592
1727,57.56666666666667,138.4159016388889,56.553123274480996,147.41446180555556,136.59602430555555,129.94612847222223,7.081373218742699,9.540890147533414,11.676550925925927,0.21871527777777777
1728,57.6,138.84011220833332,56.224176935084316,148.08519097222222,136.9501736111111,130.3384548611111,7.086409600195863,9.510272669124664,9.44052662037037,0.1888425925925926
1729,57.63333333333333,138.70519734722222,56.03535286199785,147.99479166666666,136.81770833333334,130.04819444444445,7.092074745281496,9.64100925939466,4.951909722222222,0.1166724537037037
1730,57.666666666666664,138.60129736458333,55.76178589537021,148.50347222222223,136.55696180555555,129.69418402777777,7.114150686888846,9.794755693949464,7.4703587962962965,0.16693287037037038
1731,57.7,138.58686278125,55.57647068381979,148.80796875,136.45373263888888,129.62020833333332,7.126150023850729,9.815365535389656,3.8092824074074074,0.09195601851851852
1732,57.733333333333334,137.62174441666664,55.56329506835131,148.42739583333332,135.35609375,128.2465625,7.152159116706534,10.135870696190862,6.428142361111111,0.1479398148148148
1733,57.766666666666666,137.19024179861108,55.3419051217493,148.59652777777777,134.7773090277778,127.50538194444445,7.173384723549512,10.297900930467504,5.6332407407407405,0.12865740740740741
1734,57.8,136.4489029097222,55.21639924632786,148.7720659722222,133.78560763888888,126.54425347222222,7.209226632217845,10.653626560939045,5.035520833333333,0.11596643518518518
1735,57.833333333333336,135.93012304513888,55.307950320957275,148.5024652777778,133.20819444444444,125.87255208333333,7.217263967786815,10.89406408004384,4.070324074074074,0.09435763888888889
1736,57.86666666666667,135.79876636111112,55.26903132882303,148.49928819444443,133.03960069444443,125.73262152777778,7.2231450072503,10.988931100752394,1.927638888888889,0.029050925925925924
1737,57.9,135.01212902777777,55.19697259402059,148.02932291666667,132.18619791666666,124.67487847222222,7.250286745402256,11.244272971872817,3.4627777777777777,0.0715625
1738,57.93333333333333,134.99833389583333,55.13314662796179,148.3580902777778,132.05907986111112,124.77493055555556,7.26049878608247,11.295572446278182,1.759675925925926,0.01511574074074074
1739,57.96666666666667,133.7635888298611,55.25422524436079,147.11338541666666,130.85515625,123.26420138888889,7.32378241031417,11.43069425241142,3.566267361111111,0.06868055555555555
1740,58.0,135.55231719791666,53.87009356902189,148.86833333333334,132.7053125,124.54390625,7.333793023078943,11.54417930159267,6.058258101851852,0.09255787037037037
1741,58.03333333333333,135.97201230555555,53.85889982964534,149.29909722222223,133.1459375,124.72368055555556,7.330913978795556,11.60872151975228,4.363674768518519,0.0770138888888889
1742,58.06666666666667,137.29669050694443,52.17259859944028,150.63605902777778,134.46182291666668,126.09928819444444,7.310957819714804,11.727730859260223,6.947922453703704,0.11024305555555555
1743,58.1,137.94739997916665,51.80721488414893,151.31286458333332,135.11375,126.66109375,7.293816396189635,11.863348000324475,3.0932928240740742,0.049762731481481484
1744,58.13333333333333,138.37486861458333,51.87409265659208,151.74348958333334,135.53572916666667,127.13364583333333,7.2679807935395,11.935711350139325,1.9382233796296295,0.03507523148148148
1745,58.166666666666664,138.32954438194446,51.88628353565259,151.6748611111111,135.49977430555555,127.06413194444444,7.2697625220359345,11.946119254201012,0.13302083333333334,2.3148148148148147e-05
1746,58.2,138.30475961805556,51.901147041666285,151.64618055555556,135.47736111111112,127.0273263888889,7.270174243170103,11.95397403443326,0.21541087962962963,0.0
1747,58.233333333333334,138.23190503125,51.93112639370057,151.56489583333334,135.4077951388889,126.94671875,7.270685357075658,11.971828702262947,0.3269328703703704,4.6296296296296294e-05
1748,58.266666666666666,138.18918165625,51.93620423728673,151.51475694444446,135.3698263888889,126.87873263888889,7.2723774842015825,11.9709615156392,0.3459548611111111,0.0
1749,58.3,138.22161097569443,51.93360366940221,151.56380208333334,135.38086805555557,127.07409722222222,7.27167748557944,11.976798922830937,0.17350694444444445,0.0
1750,58.333333333333336,138.00777185069447,51.989873698392216,151.29194444444445,135.20850694444445,126.62022569444444,7.275021885358164,11.921930603128422,1.0841203703703703,0.0019097222222222222
1751,58.36666666666667,137.9473774548611,52.004076750020836,151.2303298611111,135.14404513888888,126.60371527777778,7.277722477768875,11.9207413751474,0.5672048611111111,0.0
1752,58.4,137.92199289236112,52.009128274155216,151.19309027777777,135.12454861111112,126.55491319444444,7.276552622080093,11.919424749294134,0.17786458333333333,5.787037037037037e-06
1753,58.43333333333333,137.77666406944445,52.06248855316705,151.00118055555555,134.99559027777778,126.38458333333334,7.276502666140131,11.931312469300863,0.46773726851851855,1.1574074074074073e-05
1754,58.46666666666667,137.58729127777775,52.04941673098788,150.395,134.9795486111111,125.70555555555555,7.26148741997233,11.85630442833629,1.4937268518518518,0.0044444444444444444
1755,58.5,137.53932609375,52.0173609186806,150.17630208333333,134.9970138888889,125.5121875,7.259047653861689,11.821372204096445,0.2969502314814815,0.001707175925925926
1756,58.53333333333333,137.61110689236114,52.03168209027696,150.16972222222222,135.08944444444444,125.61015625,7.257477886059341,11.77344001289017,0.20331018518518518,0.0034895833333333333
1757,58.56666666666667,137.60079455555555,52.05937978734112,150.07456597222222,135.10892361111112,125.55456597222222,7.254652461049669,11.750523514169702,0.16181134259259258,0.0014583333333333334
1758,58.6,137.65217852777778,52.046222306710575,150.14215277777777,135.15335069444444,125.62715277777778,7.2529210905097905,11.750407621407682,0.19350115740740742,0.0
1759,58.63333333333333,137.62214646875,52.05236528802179,150.08746527777777,135.1339236111111,125.56467013888889,7.252655126229624,11.755241155847266,0.11530092592592593,5.787037037037037e-06
1760,58.666666666666664,137.62738825,52.05326374098816,150.09338541666668,135.13840277777777,125.57546875,7.2519664184827395,11.759123570904578,0.09517939814814814,0.0
1761,58.7,137.59722615972223,52.059182547561505,150.04465277777777,135.11708333333334,125.51239583333333,7.252319232952752,11.763404152006363,0.0787037037037037,0.0
1762,58.733333333333334,137.65132039583332,52.03800469711935,150.12852430555554,135.15963541666667,125.5931423611111,7.252098678452306,11.761218578934937,0.13795717592592593,0.0
1763,58.766666666666666,137.6306063125,52.04207635224383,150.09161458333332,135.14546875,125.55526041666667,7.251664033612988,11.76193061443271,0.0738425925925926,0.0
1764,58.8,137.60611768402777,52.06360266366168,150.02788194444443,135.13975694444446,125.4603298611111,7.25078611775942,11.782043650826314,0.42484953703703704,1.1574074074074073e-05
1765,58.833333333333336,137.59147171875,52.067579744582055,150.0003125,135.13022569444445,125.43307291666666,7.250687745146458,11.782991424486752,0.04987847222222222,0.0
1766,58.86666666666667,137.59414791666666,52.06521891983302,150.00769097222224,135.13104166666668,125.44032986111111,7.251066450464732,11.782648599212116,0.04457175925925926,5.787037037037037e-06
1767,58.9,137.5917242673611,52.067041732602796,150.00243055555555,135.12944444444443,125.43807291666667,7.250998112362176,11.783764495445691,0.015306712962962963,0.0
1768,58.93333333333333,137.59533227083335,52.06562061023982,150.00677083333332,135.13289930555555,125.44104166666666,7.251077675832814,11.783174567806508,0.01207175925925926,0.0
1769,58.96666666666667,199.0950128784722,15.872491702839051,204.4256423611111,198.82991319444446,186.02447916666668,5.13384200808792,2.086738454194955,59.795630787037034,0.9141261574074074
1770,59.0,200.20776305208332,8.024710406775124,205.7034375,199.93484375,186.72869791666668,4.878935291518532,0.2112321327152519,1.9849074074074073,0.027858796296296295
1771,59.03333333333333,199.33383405208335,14.12797035353616,204.68039930555557,199.0804861111111,186.09996527777778,4.948352599619579,0.39590885813441656,0.8637673611111111,0.00730324074074074
1772,59.06666666666667,196.33070014930556,25.66353579461382,201.17947916666665,196.13664930555555,183.97522569444445,5.1238465555546675,0.6721030411257147,3.024832175925926,0.027436342592592592
1773,59.1,186.25071711111113,45.62911663897387,189.33362847222222,186.26246527777778,177.05640625,5.461238747662053,1.125509655796916,10.445706018518518,0.0986574074074074
1774,59.13333333333333,179.39184756944445,54.24270397682588,181.60864583333333,179.506875,171.72482638888889,5.672941203569844,1.3066273734302907,7.920208333333333,0.0958912037037037
1775,59.166666666666664,172.75818941319443,60.90482004016194,174.4634722222222,172.89446180555555,166.38692708333335,5.846648198651923,1.473839327921504,8.390254629629629,0.115
1776,59.2,166.4627582673611,66.35912143453281,167.79635416666667,166.6447048611111,160.73352430555556,5.995298271053437,1.66207198890088,8.310694444444444,0.12375
1777,59.233333333333334,157.06240297569448,72.48746887274235,158.19671875,157.24885416666666,151.87534722222222,6.1964531310245,2.0193253469072343,12.932690972222222,0.20387152777777778
1778,59.266666666666666,153.94393214930557,73.85637554858823,155.18010416666667,154.07652777777778,148.99043402777778,6.237125531782754,2.248546231733147,7.593923611111111,0.14064814814814816
1779,59.3,149.7424039027778,74.62091746149603,150.49255208333332,149.96022569444443,145.37581597222223,6.366587819732906,2.5908657030427564,8.296504629629629,0.14822337962962964
1780,59.333333333333336,131.37085993749997,74.75095397961375,128.05442708333334,132.12178819444443,133.69786458333334,6.606565005656713,3.3291088055156646,23.05431712962963,0.29563657407407407
1781,59.36666666666667,117.56527394791668,72.1078447013071,110.85730902777777,118.75609375,125.52149305555555,6.614542649159713,3.538385931815627,17.03495949074074,0.18814814814814815
1782,59.4,104.23545857291666,66.5341271367473,94.53994791666666,105.79472222222222,117.3390625,6.631251821804774,3.7840315623686536,17.983755787037037,0.18652199074074075
1783,59.43333333333333,95.60920727083334,62.22394884328886,83.93960069444445,97.38887152777778,112.3424826388889,6.644133373196023,4.1601293788899145,15.959039351851851,0.16788194444444443
1784,59.46666666666667,89.35230530902777,57.237141221646844,76.57784722222222,91.23159722222222,108.35203125,6.630877125885362,5.2413037466962775,27.93974537037037,0.26478587962962963
1785,59.5,93.5556129236111,58.79788592906011,81.47373263888889,95.33050347222222,111.55015625,6.600422608686055,5.0468138451287095,14.409942129629629,0.1491550925925926
1786,59.53333333333333,97.91618646527776,60.090162161094476,87.16871527777778,99.43286458333333,114.53923611111111,6.556677311686739,5.039482652988539,11.751226851851852,0.1213136574074074
1787,59.56666666666667,103.14123169444443,60.796271887681975,94.615,104.2415451388889,117.34805555555556,6.6357189607780125,5.379724664003621,12.854293981481481,0.13655671296296296
1788,59.6,103.27583520833333,60.35625437688599,95.79734375,104.11960069444444,116.93880208333333,6.671797666938856,5.401066128003086,2.496412037037037,0.046614583333333334
1789,59.63333333333333,103.38392626041666,60.059665648140054,96.89592013888888,103.99130208333334,116.47194444444445,6.704705166465775,5.461977923790982,2.0498090277777776,0.03384259259259259
1790,59.666666666666664,103.72090523958332,59.67540834081554,98.475625,104.02015625,116.20182291666667,6.729145907810386,5.570155041769919,2.549699074074074,0.041672453703703705
1791,59.7,105.09339634375,58.8584252171049,102.74149305555555,104.71319444444444,115.78501736111112,6.752372265369867,5.666829682696133,5.678246527777778,0.08089699074074073
1792,59.733333333333334,105.81998886805555,58.7245302480934,104.92682291666667,105.09319444444445,115.64949652777777,6.765403612505767,5.7368491603249545,4.41740162037037,0.06462962962962963
1793,59.766666666666666,106.58389098958332,58.63060022465718,106.91567708333334,105.59411458333334,115.41145833333333,6.783676080033876,5.76318042047753,4.713078703703704,0.07065393518518519
1794,59.8,107.88563167708334,58.42810039951675,110.08538194444445,106.5123263888889,115.01196180555556,6.843776826149529,5.721857665303464,8.407957175925926,0.12303240740740741
1795,59.833333333333336,107.89598176041666,58.46937160600163,110.40854166666666,106.50598958333333,114.26651041666666,6.886910697399221,5.757188476965888,5.659890046296296,0.0883275462962963
1796,59.86666666666667,107.3237712534722,59.00077242591435,109.97118055555555,105.92423611111111,113.39175347222222,6.9172924701559015,5.804110731049904,6.332135416666667,0.09631944444444444
1797,59.9,106.96368037152779,59.78711971999264,109.24256944444444,105.6875173611111,112.89470486111111,6.950983204647968,5.7631528872712625,6.111070601851852,0.09883101851851851
1798,59.93333333333333,106.58751706249998,61.340421695756675,108.01302083333333,105.53888888888889,112.7775,6.95471058070385,5.800644773076312,9.805671296296296,0.14065972222222223
1799,59.96666666666667,106.43551468749999,62.211301082813115,107.17267361111111,105.58510416666667,112.68888888888888,6.9397420321220995,5.771337512123377,5.44255787037037,0.07935185185185185
1800,60.0,106.39736284027776,62.63069580683701,106.71953125,105.66159722222223,112.73706597222223,6.92352191716313,5.262866266272336,5.410925925925926,0.07656828703703704
1801,60.03333333333333,106.28007598958334,63.21630375154686,105.91835069444444,105.72265625,112.86690972222222,6.910383599163939,5.265882709735576,4.357581018518519,0.0630150462962963
1802,60.06666666666667,105.79144568402776,63.63030248490365,104.00895833333334,105.55869791666667,113.34571180555555,6.860688686013763,5.259907260284043,6.134861111111111,0.07995949074074074
1803,60.1,105.00698058333332,63.311785996236175,102.36737847222223,104.95835069444445,113.26126736111111,6.841951721258566,5.422726803180378,3.6564872685185184,0.05243055555555556
1804,60.13333333333333,104.18832003124999,62.9229692087415,100.64510416666667,104.33774305555555,113.14151041666666,6.82555818829036,5.76686154760619,3.882349537037037,0.05866898148148148
1805,60.166666666666664,102.62118389930554,62.12021300659569,97.36956597222222,103.14928819444444,112.85378472222222,6.83591062463088,6.421575592266213,6.05015625,0.08586805555555556
1806,60.2,102.47992515277777,62.72072468760995,96.83274305555555,103.0892013888889,113.07322916666666,6.827845161770662,6.998185410266579,4.746990740740741,0.06774884259259259
1807,60.233333333333334,102.45046044791667,62.75229086609904,96.75675347222223,103.04753472222222,113.30163194444444,6.8295301990241555,7.1552002436143844,2.9874247685185185,0.049560185185185186
1808,60.266666666666666,102.34071248263889,62.79984757310267,96.63131944444444,102.94862847222223,113.13067708333334,6.847401428424375,7.393812027576866,3.029542824074074,0.04390046296296296
1809,60.3,102.3726529375,62.9658188565008,97.12633680555555,102.84461805555556,113.14574652777777,6.873461710328307,7.624996439181718,4.0665625,0.05392361111111111
1810,60.333333333333336,102.27838817013888,63.13206721997726,97.13638888888889,102.73288194444444,112.91737847222223,6.894628366569851,7.826529209414385,3.160341435185185,0.044577546296296296
1811,60.36666666666667,102.27763390625,63.2679010953252,97.37284722222222,102.66821180555556,112.85126736111111,6.919587593542419,7.9301122118780984,3.0096006944444444,0.041984953703703705
1812,60.4,102.35517359375,63.35786415649702,97.75112847222222,102.69824652777778,112.51381944444445,6.956981013439616,7.955392098373691,3.1589930555555554,0.042916666666666665
1813,60.43333333333333,102.47615824305556,63.42326310232475,97.93902777777778,102.78963541666667,112.7309375,6.970362422508896,7.928858813930336,1.2073090277777778,0.017922453703703704
1814,60.46666666666667,102.47897956597222,63.49686085218487,97.73770833333333,102.85131944444444,112.75178819444444,6.976971889163641,7.905107185584534,0.7533217592592593,0.010248842592592592
1815,60.5,102.5992926875,63.48553975732914,97.89274305555556,102.96088541666667,112.87631944444445,6.97481949617173,7.892896292512998,0.6871296296296296,0.009756944444444445
1816,60.53333333333333,102.6499013125,63.443495029303804,97.94663194444445,103.02121527777778,112.82097222222222,6.981490490489433,7.833699261820915,1.6773784722222222,0.02066550925925926
1817,60.56666666666667,102.7440370486111,63.326531565222,98.14383680555555,103.06116319444445,113.14838541666667,6.978974774044752,7.85869243989269,1.2790914351851852,0.014039351851851851
1818,60.6,102.61435907986109,63.22647939855362,97.94149305555555,102.95161458333334,113.03328125,6.977806520170914,7.8849281195801435,1.071730324074074,0.013894675925925927
1819,60.63333333333333,102.41036435416667,62.985254842710795,97.74317708333334,102.7362326388889,112.92536458333333,6.982873305091783,7.930888630631833,1.6685011574074073,0.020555555555555556
1820,60.666666666666664,102.24862167708334,62.882385831389584,97.4471701388889,102.62071180555556,112.70111111111112,6.982851143485458,7.940769745622522,0.9083391203703703,0.011371527777777777
1821,60.7,102.23081765625,62.76250687031,97.4834375,102.57168402777778,112.83338541666667,6.982665547924858,7.949288388585697,0.8118055555555556,0.010821759259259258
1822,60.733333333333334,102.07375641666667,62.694443954691785,97.27678819444445,102.43147569444444,112.65539930555556,6.983409286637821,7.951913638625709,0.597505787037037,0.009270833333333334
1823,60.766666666666666,101.93231406944443,62.6138152681912,97.12657986111111,102.28802083333333,112.55970486111111,6.9862514751941065,7.948073719203569,0.7652719907407407,0.011747685185185186
1824,60.8,101.86282834722222,62.570045857510614,96.98194444444445,102.24491319444445,112.45020833333334,6.986121395406515,7.950351131186405,0.37570023148148146,0.006307870370370371
1825,60.833333333333336,101.91899785069445,62.523410030369746,97.09828125,102.27378472222222,112.59961805555555,6.98555795542131,7.95572602756215,0.34810185185185183,0.003136574074074074
1826,60.86666666666667,101.86923828472221,62.51064493250353,97.00154513888889,102.24190972222222,112.51102430555555,6.985937402547183,7.961439147796593,0.1387789351851852,0.0002199074074074074
1827,60.9,101.88210815625,62.50420063978856,97.01348958333334,102.25472222222223,112.5271875,6.985634087010855,7.963654579357069,0.05389467592592593,0.0
1828,60.93333333333333,101.85474828125,62.497026790421316,96.93947916666667,102.24503472222223,112.46213541666667,6.986397971227646,7.9654872906013034,0.0718287037037037,0.0
1829,60.96666666666667,101.9160986388889,62.475469001152284,97.03557291666667,102.28854166666666,112.59793402777778,6.985306242911753,7.970508319852103,0.13473958333333333,0.0
1830,61.0,101.89042055555555,62.467967360124156,96.98454861111111,102.27276041666667,112.54885416666667,6.984325159052261,7.975269013574752,0.07402199074074074,0.0
1831,61.03333333333333,101.90582266319443,62.46463663022912,97.00498263888889,102.28607638888889,112.57010416666667,6.985231191770992,7.976987225744247,0.025555555555555557,0.0
1832,61.06666666666667,101.88178791319444,62.46401979242024,96.94434027777778,102.27576388888889,112.51793402777778,6.9843739732360275,7.978383515240539,0.057337962962962966,0.0
1833,61.1,101.91543198958334,62.45334417431471,96.9953125,102.30131944444445,112.58067708333333,6.985967906742809,7.981892246782747,0.08670138888888888,0.0
1834,61.13333333333333,101.90402187847222,62.45023132452314,96.96975694444444,102.29548611111112,112.55567708333334,6.9853730277544095,7.984445393173329,0.0403125,0.0
1835,61.166666666666664,101.91294108680556,62.4491601419054,96.98208333333334,102.30305555555556,112.56793402777778,6.985740319582947,7.986099815608769,0.018125,0.0
1836,61.2,101.89849493055556,62.447253248870034,96.95288194444444,102.29440972222223,112.53947916666667,6.985311090878978,7.984813615898559,0.036834490740740744,0.0
1837,61.233333333333334,101.9095668263889,62.44298173833316,96.97291666666666,102.30161458333333,112.56246527777778,6.98550732649925,7.984983684888155,0.02478587962962963,0.0
1838,61.266666666666666,101.90733374652778,62.44078850548305,96.96723958333334,102.300625,112.55805555555555,6.985023156580718,7.985054058289623,0.009108796296296297,0.0
1839,61.3,101.91035165277779,62.43972804605728,96.97295138888889,102.30230902777778,112.56635416666667,6.984993598535862,7.985213893556544,0.016180555555555556,0.0
1840,61.333333333333336,101.90351212499999,62.43557579923545,96.9597048611111,102.29802083333334,112.55310763888889,6.9846972268826315,7.985138689003063,0.017563657407407406,0.0
1841,61.36666666666667,101.90436969097222,62.43555514138335,96.96043402777778,102.29885416666667,112.55458333333333,6.984528244145459,7.985022295995011,0.009554398148148149,0.0
1842,61.4,101.90489734027777,62.435636675773424,96.96072916666667,102.29942708333333,112.55534722222222,6.984447332105696,7.98487121176001,0.0015277777777777779,0.0
1843,61.43333333333333,86.49483284722221,42.083149830429505,70.05154513888888,88.79229166666667,112.15550347222222,6.052799565197665,3.034500230212206,49.182679398148146,0.6426331018518519
1844,61.46666666666667,86.57407085416668,42.15260567783444,70.15229166666667,88.8678125,112.20822916666667,6.0540024830706,3.04882093604303,0.19556712962962963,0.0
1845,61.5,86.96978076388888,42.555431160203234,70.79362847222222,89.24982638888889,112.01633680555555,6.1361560248277005,3.3550507662275812,3.833900462962963,0.05734953703703704
1846,61.53333333333333,84.87030921875,41.26036717636567,68.87321180555556,87.11928819444445,109.6973611111111,6.194315264424901,3.746371002023218,8.373182870370371,0.11675347222222222
1847,61.56666666666667,83.52213719444443,41.037906869984695,68.04338541666667,85.68057291666666,107.71977430555556,6.326655660836506,4.174458598706192,8.381880787037037,0.12167824074074074
1848,61.6,83.08209165972222,40.76517583565444,68.07276041666667,85.16361111111111,106.65939236111112,6.394879686010977,4.321049073581728,5.222575231481481,0.0901388888888889
1849,61.63333333333333,83.49748951388888,42.08038454962854,69.75899305555555,85.38246527777778,105.27961805555556,6.521821740864558,4.676461667433461,7.566030092592593,0.13964699074074075
1850,61.666666666666664,85.16299366319446,43.23235728621559,72.52071180555555,86.86774305555555,105.5025,6.618706611558472,5.032283520232911,5.225596064814815,0.08621527777777778
1851,61.7,86.51301000694444,43.115499824186294,77.86831597222222,87.31654513888888,104.00848958333333,6.730529628057375,5.222787684097526,10.406377314814815,0.1555787037037037
1852,61.733333333333334,89.77155785069444,44.52756904028141,84.30800347222223,89.87730902777778,104.81197916666666,6.841623982226803,5.303931606962516,9.398512731481482,0.15020254629629629
1853,61.766666666666666,90.10774266319443,44.398444367367176,86.03244791666667,89.91126736111111,104.05409722222223,6.855756213463911,5.378567287607704,6.7546875,0.11458333333333333
1854,61.8,90.35888488888888,44.31495613541922,86.9690625,90.00765625,103.81975694444445,6.861483850844364,5.5121031353897285,5.659623842592593,0.09840277777777778
1855,61.833333333333336,92.62924090625,45.50076980661777,90.47552083333333,92.0640625,104.56963541666667,6.907463028483788,5.575243475293048,10.32476851851852,0.15513888888888888
1856,61.86666666666667,92.94190139583333,45.47928801585142,90.38541666666667,92.49854166666667,104.8615625,6.908558583055926,5.639000682011552,9.690538194444445,0.14957175925925925
1857,61.9,92.34675199305555,45.123259431036466,89.39696180555555,92.00543402777778,104.41373263888889,6.903739642711202,5.7229063162726765,6.001232638888889,0.09894097222222223
1858,61.93333333333333,91.97370522222221,45.00836098604985,88.75741319444444,91.68756944444445,104.27880208333333,6.942344516314392,5.799713184435985,8.356961805555555,0.1306886574074074
1859,61.96666666666667,91.13149998263889,45.35485854717503,87.75982638888888,90.91894097222222,103.1652951388889,6.965407551266276,5.945728432111765,5.082777777777777,0.09195601851851852
1860,62.0,90.5826024861111,45.811492196530764,86.53649305555555,90.53118055555555,103.00614583333333,6.959651155831871,6.086332261817631,7.203425925925926,0.12163194444444445
1861,62.03333333333333,89.84572358680556,46.085389958048864,85.8106423611111,89.81032986111111,102.07802083333333,6.966619956481953,6.222287714922535,4.654467592592592,0.08175347222222222
1862,62.06666666666667,89.6522210798611,46.08281900268652,85.82649305555556,89.55901041666667,101.84078125,6.977993810467373,6.289183955132378,2.1902314814814816,0.03499421296296296
1863,62.1,89.17447585763888,45.78856445124964,85.06854166666666,89.15166666666667,101.49074652777777,6.953734436880024,6.25597202441726,2.474357638888889,0.05139467592592593
1864,62.13333333333333,89.19511809722223,45.79720692153574,85.10253472222222,89.16576388888889,101.53690972222222,6.952120270762345,6.250614680009617,1.2558506944444445,0.024479166666666666
1865,62.166666666666664,89.13021224999999,45.800017236458864,85.01857638888889,89.11871527777778,101.35121527777778,6.949229923275905,6.263475253123,1.9482638888888888,0.03810185185185185
1866,62.2,89.19868205555555,45.81936678518153,85.1322048611111,89.17277777777778,101.42942708333334,6.950472647443318,6.27225287543247,0.4848032407407407,0.0035590277777777777
1867,62.233333333333334,89.17929160763887,45.82505475314016,85.08560763888889,89.16744791666666,101.35086805555555,6.950804726383271,6.2789638309804126,0.10990740740740741,0.0
1868,62.266666666666666,89.1994933784722,45.8281293704144,85.11149305555556,89.18491319444445,101.38144097222222,6.950661280409524,6.281797906239845,0.047337962962962964,0.0
1869,62.3,89.16438256597222,45.83350204718185,85.03234375,89.16784722222222,101.29725694444444,6.95065279190893,6.283821298761672,0.08784143518518518,0.0
1870,62.333333333333336,89.19782373263888,45.83297000064529,85.07878472222222,89.19567708333334,101.34800347222222,6.949741698844209,6.283296703615694,0.056984953703703704,0.0
1871,62.36666666666667,89.19016648958333,45.83031396696614,85.06359375,89.19149305555555,101.328125,6.949515794334909,6.283218586312216,0.029357638888888888,0.0
1872,62.4,89.20170896875,45.830636543997706,85.07789930555556,89.20180555555555,101.34371527777778,6.949688208447679,6.283756550107242,0.026724537037037036,0.0
1873,62.43333333333333,89.17903514583332,45.824226986640284,85.04076388888889,89.1856423611111,101.29913194444444,6.949169320686208,6.284587031376784,0.047002314814814816,0.0
1874,62.46666666666667,52.50804288194445,20.151123305582637,28.44453125,55.40064236111111,94.71185763888889,2.2950314381818586,1.8790542284626266,40.42900462962963,0.7575231481481481
1875,62.5,52.856744194444445,20.47412090824539,28.89074652777778,55.72576388888889,95.00699652777777,2.401475029453529,2.173363311810798,0.42859375,0.006099537037037037
1876,62.53333333333333,53.528760614583334,21.231241295770452,29.709913194444443,56.38734375,95.34909722222223,2.671385457475625,2.9620392827134765,0.8204513888888889,0.016805555555555556
1877,62.56666666666667,54.14299617708334,21.85937172472303,30.474305555555556,56.982274305555556,95.71241319444445,2.89779230966351,3.677987452085997,0.7447800925925926,0.01490162037037037
1878,62.6,54.45688663888889,22.09626841399616,30.765,57.32671875,95.79194444444444,3.0410415346316872,4.044847949008847,0.4793923611111111,0.008640046296296297
1879,62.63333333333333,54.915010236111115,22.399034539881047,31.354010416666668,57.762621527777775,96.08477430555556,3.211792112191257,4.476411849399042,0.6244791666666667,0.011435185185185185
1880,62.666666666666664,55.5219551701389,23.196432999847268,32.375277777777775,58.30107638888889,96.15015625,3.4334392931780893,4.932201835512221,0.9702893518518518,0.020086805555555556
1881,62.7,56.43888002430556,24.33072728074753,34.43802083333333,58.97529513888889,96.09730902777778,3.6056228868712505,5.249872832773531,1.6052372685185186,0.027824074074074074
1882,62.733333333333334,58.55921110069444,26.634400137922636,39.27328125,60.53180555555556,95.80836805555556,3.963238716785739,5.815495796658552,3.51140625,0.059270833333333335
1883,62.766666666666666,61.36525999652778,28.950297779112184,45.729045138888885,62.55838541666667,95.58875,4.392786665918242,6.35976650494117,6.01916087962963,0.0966261574074074
1884,62.8,63.52491153472223,30.014985779828432,50.01970486111111,64.26930555555556,95.91848958333334,4.8264316930645625,6.651067786715401,7.950196759259259,0.12615162037037037
1885,62.833333333333336,64.77832248958333,30.277617779560156,52.05048611111111,65.37630208333333,96.33321180555555,5.172278031946701,6.905020746517745,12.694814814814816,0.1798900462962963
1886,62.86666666666667,65.78868876041666,30.02495774105244,52.89536458333333,66.44026041666666,97.3,5.3597501481982075,7.118435597697623,13.828252314814815,0.19668402777777777
1887,62.9,66.15022241319444,29.65385614348295,53.107760416666665,66.87427083333333,97.38274305555555,5.446361580388184,7.290813504890336,11.48177662037037,0.16696759259259258
1888,62.93333333333333,66.30127376041666,28.92126772672566,52.121180555555554,67.29307291666667,98.23137152777778,5.378943398112923,7.401665482500913,11.278142361111112,0.16016782407407407
1889,62.96666666666667,65.59888109722222,28.34709446572978,49.77390625,66.95925347222222,98.72147569444445,5.317826603550156,7.28229979111635,5.926498842592593,0.09956597222222222
1890,63.0,65.44774671527777,28.755798754280864,48.416666666666664,67.08454861111112,99.38357638888888,5.309672125241062,7.620940911626011,3.5777141203703704,0.06169560185185185
1891,63.03333333333333,66.09149629513888,31.12124877206582,47.87248263888889,68.05571180555556,100.28201388888888,5.366262063999851,8.143940334993646,4.227581018518518,0.06615162037037037
1892,63.06666666666667,67.08992581597221,32.97662858528482,48.70647569444444,69.12956597222222,101.0175,5.446535466686589,8.853992155720297,2.879849537037037,0.044444444444444446
1893,63.1,68.16245806944444,34.551718304539605,49.86743055555556,70.22953125,101.55791666666667,5.524558866927991,9.349819291550766,1.6584201388888888,0.019212962962962963
1894,63.13333333333333,68.66903734722221,35.1438264530855,50.49689236111111,70.7181076388889,101.88098958333333,5.559910507126072,9.5376697832599,0.6777893518518519,0.007135416666666667
1895,63.166666666666664,68.7434909375,35.18712199980879,50.564166666666665,70.80095486111111,101.8934375,5.570628705336197,9.597832808332797,0.20398148148148149,0.002042824074074074
1896,63.2,68.8133969375,35.224451420077365,50.650416666666665,70.86637152777777,101.9596875,5.57700591467125,9.63745459466985,0.11341435185185185,0.0010590277777777779
1897,63.233333333333334,67.02202720486112,30.49891116650001,48.35477430555556,69.15956597222223,100.81552083333334,5.42179695829187,8.385201221874885,2.6370891203703706,0.02689236111111111
1898,63.266666666666666,190.7325258125,44.979208734274714,203.27175347222223,188.75366319444444,173.41178819444445,6.144197679997294,4.083502341363572,119.39784143518519,0.9516840277777778
1899,63.3,204.73825327430555,16.713379767523126,212.33541666666667,204.02192708333334,189.4634548611111,4.077713627571686,1.0866094688310577,32.00678819444445,0.5516550925925926
1900,63.333333333333336,199.3254998298611,28.155103320056703,206.63361111111112,198.6896875,184.10428819444445,4.513886665623361,1.7405924757350035,7.249890046296296,0.08587384259259259
1901,63.36666666666667,193.74627163541666,33.52479854579771,201.04708333333335,193.0571701388889,179.07442708333335,4.774883593250523,2.320317926608845,8.790052083333334,0.12822337962962962
1902,63.4,188.28504969097222,36.14234595612216,195.4871875,187.57350694444443,174.12605902777779,5.199112557940981,2.890154083843151,10.443119212962962,0.1907002314814815
1903,63.43333333333333,185.3416700173611,37.19821203695535,192.5297048611111,184.59369791666666,171.58506944444446,5.476535215335049,3.3492634141331443,7.860133101851852,0.17048611111111112
1904,63.46666666666667,182.85003683680554,37.58455766638088,189.93885416666666,182.11010416666667,169.3059548611111,5.754820678209656,3.7114191930544855,7.027193287037037,0.1442476851851852
1905,63.5,179.83817206249998,37.29090011408221,187.00300347222222,179.05513888888888,166.4972048611111,6.159180716305107,4.2018584016607265,6.7963252314814815,0.14716435185185187
1906,63.53333333333333,172.47001409722222,38.014077698018866,184.1523611111111,170.5021875,157.563125,6.633892682745007,4.870005874433144,12.509814814814815,0.2848263888888889
1907,63.56666666666667,161.1014182569444,40.33682115360843,187.7124826388889,155.35881944444444,139.62765625,6.917802251364591,4.8641505202988276,20.345590277777777,0.38058449074074074
1908,63.6,152.52686679861108,41.99858234642178,189.64869791666666,144.13557291666666,126.34060763888888,7.040380542099517,5.055938028851533,30.66138310185185,0.5917766203703704
1909,63.63333333333333,152.5181753020833,44.43409936409963,179.54019097222223,146.65847222222223,130.99434027777778,7.024420794042149,5.628073446866322,38.58121527777778,0.6025115740740741
1910,63.666666666666664,159.71729697916663,48.19292188728776,177.36690972222223,156.20119791666667,142.57611111111112,7.027099437074876,5.522658420011495,19.990023148148147,0.34394675925925927
1911,63.7,167.5260782986111,42.91994835457098,182.43444444444444,164.74112847222221,151.21413194444443,6.84380858529717,5.301316826248665,10.864641203703703,0.16622106481481483
1912,63.733333333333334,170.8921508506944,41.75906921269319,183.2148090277778,168.77954861111112,155.5339236111111,6.734803346617849,5.355119354070347,5.583645833333334,0.10953125
1913,63.766666666666666,172.40545592013888,41.6162246771658,183.103125,170.7095138888889,157.70480902777777,6.687512638163821,5.522947494313195,4.697060185185185,0.0864525462962963
1914,63.8,171.76362028472224,42.2726322290118,182.92272569444444,169.9609027777778,156.76192708333335,6.71067697582831,5.779817553673778,2.5700405092592593,0.04578125
1915,63.833333333333336,171.06914165625,42.88808873703537,182.43855902777779,169.20364583333333,156.07003472222223,6.749146978696869,6.164567019691837,2.1612210648148147,0.035520833333333335
1916,63.86666666666667,170.53153035416662,43.335849807345234,181.73432291666666,168.71994791666665,155.48901041666667,6.770062509545583,6.421504480623028,2.974872685185185,0.04404513888888889
1917,63.9,170.5679231111111,43.36014418582622,181.77628472222221,168.74401041666667,155.63114583333333,6.763551335113252,6.459355622249026,2.39625,0.03424768518518519
1918,63.93333333333333,170.46541268402774,43.1247419688642,181.60777777777778,168.66730902777778,155.4673090277778,6.754168628736677,6.390801271495173,1.5659201388888888,0.029577546296296296
1919,63.96666666666667,170.45967691319444,42.85097660757839,181.6148263888889,168.6550347222222,155.48869791666667,6.7464095869743606,6.261663949344631,1.1191956018518519,0.02495949074074074
1920,64.0,169.98994982291666,43.54354477518738,181.09027777777777,168.2090625,154.94508680555555,6.753610671257116,6.368555009281799,1.2775115740740741,0.030613425925925926
1921,64.03333333333333,169.9337665451389,43.532326243683485,181.07602430555556,168.13414930555555,154.95097222222222,6.750087153991247,6.342946503461095,0.82546875,0.015185185185185185
1922,64.06666666666666,169.7658783888889,43.58957617635183,180.8948263888889,167.9729861111111,154.75565972222222,6.749374401246458,6.328737582686697,0.7580555555555556,0.01511574074074074
1923,64.1,169.66731768055553,43.57986103680092,180.7979513888889,167.87184027777778,154.67774305555557,6.750858780621057,6.303207519520722,0.8626041666666666,0.01750578703703704
1924,64.13333333333334,169.53016283333335,43.61116546372787,180.62572916666667,167.74972222222223,154.49489583333335,6.752860872080568,6.297003296594703,0.6699652777777778,0.013443287037037037
1925,64.16666666666667,169.4412131284722,43.612798649397334,180.53555555555556,167.65928819444446,154.42425347222223,6.75556475104869,6.287579168368694,0.5810069444444445,0.012355324074074074
1926,64.2,169.28735218402778,43.65506120641241,180.3761111111111,167.5052951388889,154.2881423611111,6.757031063608196,6.238143898572632,0.5929282407407407,0.014021990740740741
1927,64.23333333333333,196.62685543402776,15.48008184373668,200.17,196.53729166666668,187.0809201388889,5.2412177921888805,2.0022015495617898,32.535063657407406,0.5185127314814815
1928,64.26666666666667,196.64678129861113,15.466983200358108,200.1965972222222,196.5534375,187.11864583333335,5.24059984170618,1.999796822395842,0.03103587962962963,0.0
1929,64.3,196.53654022916666,15.790373796536993,200.0846701388889,196.44352430555554,187.01012152777778,5.254103565275835,2.0964868250318878,0.14294560185185184,0.0019849537037037036
1930,64.33333333333333,196.18017161805557,16.689315886829487,199.73586805555556,196.08411458333333,186.6615972222222,5.306061088384146,2.3660221230765073,0.4375462962962963,0.006394675925925926
1931,64.36666666666666,193.86797292361115,22.68703715723793,197.15951388888888,193.7888715277778,184.95927083333333,5.5254545294508395,2.8359189213076874,2.2952777777777778,0.03397569444444445
1932,64.4,191.3230093263889,27.683714614335443,194.2942534722222,191.25953125,183.20269097222223,5.668346139802372,3.2941805803799893,3.6929861111111113,0.05965277777777778
1933,64.43333333333334,188.05170720833334,31.864685532206394,190.67015625,187.9970486111111,180.88286458333334,5.855738002507595,3.7981864169963693,5.007447916666667,0.07857638888888889
1934,64.46666666666667,185.6478173923611,33.89432117230435,188.0342013888889,185.58362847222222,179.25671875,5.977248470853395,4.326122047281838,6.262569444444445,0.09821180555555556
1935,64.5,183.71664024305556,34.85874526090368,185.83006944444443,183.68734375,177.78364583333334,6.045804750591176,4.7184504463174655,7.812991898148148,0.12449074074074074
1936,64.53333333333333,181.1148398020833,36.912672424343945,182.55552083333333,181.2277951388889,175.75369791666665,6.125097257992037,5.127723063619362,9.005144675925926,0.1428414351851852
1937,64.56666666666666,178.39535451736108,37.87113808089715,179.38888888888889,178.62588541666668,173.18619791666666,6.2117787905101025,5.432860828804321,7.591608796296296,0.12321759259259259
1938,64.6,176.06353769791667,38.62331117044689,177.31980902777778,176.25769097222224,170.4410763888889,6.337580307836793,6.063432443656123,5.780995370370371,0.10368055555555555
1939,64.63333333333334,173.20073085416664,40.21747076986014,175.4439409722222,173.15100694444445,167.08793402777778,6.482125425099857,6.678309394905639,4.999212962962963,0.09353587962962963
1940,64.66666666666667,171.22338140277776,41.45860755518316,174.27065972222223,170.98392361111112,164.62239583333334,6.5562000457710585,7.047624836565788,3.2729398148148148,0.061649305555555554
1941,64.7,167.90197967013887,42.95968849383874,172.8669965277778,167.1971875,160.26354166666667,6.7273801173122925,8.002112187422165,8.378096064814814,0.15441550925925926
1942,64.73333333333333,164.69368158680555,44.16713418614552,172.70427083333334,163.1963888888889,155.93762152777776,6.804587631568877,8.528580269666541,9.72050925925926,0.17980902777777777
1943,64.76666666666667,163.20999420833334,44.91764933791991,173.79913194444444,161.08338541666666,153.0950347222222,6.793405778148967,8.715495638298195,11.991400462962963,0.20943287037037037
1944,64.8,162.91429589930553,44.91765434150822,174.65168402777778,160.528125,151.989375,6.822147850525612,8.749394268659431,13.512986111111111,0.2341724537037037
1945,64.83333333333333,164.65921780208333,43.154618207245925,176.33697916666668,162.35659722222223,153.08223958333335,6.767739203903622,9.263339563319455,13.159131944444445,0.24746527777777777
1946,64.86666666666666,167.32289596874998,40.50545661682452,178.2997048611111,165.24456597222223,155.58815972222223,6.688072951744079,9.471790246009629,10.279982638888889,0.18757523148148147
1947,64.9,168.98978053472226,40.07367513611497,179.07074652777777,167.20602430555556,156.97494791666668,6.6433873369229435,9.538250076151614,7.045121527777778,0.13105902777777778
1948,64.93333333333334,171.14760066319445,40.286402637956435,180.55036458333333,169.563125,159.15576388888888,6.6064225495163935,9.536570059806916,5.446111111111111,0.09696759259259259
1949,64.96666666666667,173.23127021874998,39.65502959970318,181.61852430555555,171.93647569444445,161.36017361111112,6.535457780379018,9.481093706407652,3.5947164351851852,0.06332754629629629
1950,65.0,174.24244819444442,39.0866990959113,182.09630208333334,173.08428819444444,162.58852430555555,6.50602069953224,9.37258216392457,1.93015625,0.03280092592592593
1951,65.03333333333333,174.85657313888885,38.59047618760909,182.15256944444445,173.85986111111112,163.24604166666666,6.486196626537317,9.285233673884871,1.4278414351851851,0.02400462962962963
1952,65.06666666666666,175.43358452083334,38.20039583155953,182.60112847222223,174.4648784722222,163.92387152777778,6.467087894034352,9.227615495137513,1.0977719907407408,0.012320601851851852
1953,65.1,175.39219153819445,38.283856617963984,182.47802083333335,174.45022569444444,163.85821180555556,6.46839214426095,9.302450820946657,0.3297395833333333,0.002349537037037037
1954,65.13333333333334,175.0834502222222,38.65726022870766,182.17274305555554,174.13612847222223,163.5923263888889,6.484537695086937,9.527686511215384,0.49640625,0.004403935185185185
1955,65.16666666666667,174.58412093055554,39.17019000862319,181.59027777777777,173.66305555555556,163.07770833333333,6.508448870569813,9.860371608908386,0.9820543981481481,0.009542824074074073
1956,65.2,174.59055163194444,39.230541764377726,181.57578125,173.67484375,163.09269097222221,6.513805266046051,9.918532190742306,1.163616898148148,0.012106481481481482
1957,65.23333333333333,174.65449993055555,39.22514547430764,181.65067708333333,173.73163194444444,163.1953298611111,6.515262141083886,9.912285971653665,1.0047627314814815,0.009907407407407408
1958,65.26666666666667,174.63228254166665,39.244994645704296,181.59060763888888,173.7224826388889,163.15512152777777,6.517276791926416,9.926300408629617,0.7202488425925926,0.008576388888888889
1959,65.3,174.61812932291664,39.25659734024894,181.57359375,173.70635416666667,163.16895833333334,6.518329626568445,9.928213998578176,0.12434027777777777,0.0017013888888888888
1960,65.33333333333333,174.49424921874999,39.36179033919717,181.37930555555556,173.60083333333333,163.07053819444445,6.5282370364919196,9.992850941081617,0.39047453703703705,0.00681712962962963
1961,65.36666666666666,174.4345158125,39.42013695800463,181.31109375,173.53539930555556,163.09223958333334,6.53019390294166,10.001842002421027,0.35730324074074077,0.006608796296296297
1962,65.4,174.37399613194447,39.46215498165999,181.21038194444444,173.4858159722222,163.0417361111111,6.532293431430054,10.012397242415485,0.19819444444444445,0.0037731481481481483
1963,65.43333333333334,174.35347855555554,39.48349152489188,181.18897569444445,173.463125,163.04536458333334,6.53387724091928,10.023616970060603,0.05389467592592593,0.0003587962962962963
1964,65.46666666666667,174.3209572777778,39.50664549571915,181.11644097222222,173.44366319444444,163.00130208333334,6.534609440174044,10.029554867565926,0.06160300925925926,0.00017361111111111112
1965,65.5,174.3451962222222,39.50596240886829,181.14677083333333,173.46463541666665,163.03996527777778,6.535336961073359,10.032378588833332,0.06793981481481481,5.787037037037037e-05
1966,65.53333333333333,174.3326324583333,39.51613705144455,181.10913194444444,173.46081597222224,163.01461805555556,6.533780375542479,10.03364617424364,0.04178240740740741,1.1574074074074073e-05
1967,65.56666666666666,174.33805395486112,39.514295746801075,181.11979166666666,173.46409722222222,163.02581597222223,6.533328952884657,10.034682571054041,0.01832175925925926,0.0
1968,65.6,174.3193760347222,39.5244985003438,181.07494791666667,173.4547048611111,162.9922048611111,6.533513350000918,10.035119940638202,0.04113425925925926,0.0
1969,65.63333333333334,174.33310277777775,39.52350161633363,181.0992361111111,173.46420138888888,163.0167361111111,6.533385404122523,10.034874891401614,0.03916087962962963,1.1574074074074073e-05
1970,65.66666666666667,174.3229308576389,39.5307569702979,181.07434027777776,173.45930555555555,162.99765625,6.532849132462557,10.03486315641789,0.029809027777777778,0.0
1971,65.7,174.32639504861112,39.52854794008464,181.08251736111112,173.46100694444445,163.00470486111112,6.532856376455494,10.034417533486593,0.01265625,0.0
1972,65.73333333333333,174.3123072534722,39.53567032680713,181.04911458333333,173.45411458333334,162.97621527777778,6.53206503372833,10.03349674772613,0.032094907407407405,0.0
1973,65.76666666666667,174.31807565972218,39.53326119465826,181.05809027777778,173.4582465277778,162.98875,6.531526528620125,10.033211799553156,0.01620949074074074,0.0
1974,65.8,174.3142384861111,39.53541108867984,181.04980902777777,173.45597222222221,162.98251736111112,6.531390190237244,10.033296027923353,0.010850694444444444,0.0
1975,65.83333333333333,174.31637109722217,39.53366287677354,181.0540625,173.45727430555556,162.98663194444444,6.53130194108914,10.03295755714533,0.008431712962962964,0.0
1976,65.86666666666666,174.30893139236107,39.535305305114335,181.03979166666667,173.45244791666667,162.97342013888888,6.531669645005046,10.032424473784511,0.017748842592592594,0.0
1977,65.9,160.09731243402774,53.605805935106616,162.44583333333333,159.63644097222223,157.7471701388889,6.0845140023412485,6.161903402149625,44.007835648148145,0.5961458333333334
1978,65.93333333333334,160.09698171527774,53.606129191593446,162.44572916666667,159.63592013888888,157.74805555555557,6.084608808107936,6.1618947032165465,0.001846064814814815,0.0
1979,65.96666666666667,158.70254234027774,53.73320175773452,160.71338541666665,158.2798611111111,156.9684201388889,6.014343863299336,4.665304777749441,2.5280729166666664,0.02679398148148148
1980,66.0,158.78217455902777,53.54716269863936,160.80671875,158.36057291666665,156.9970138888889,6.018348486332744,4.7137213135150136,0.17002314814814815,0.00390625
1981,66.03333333333333,158.90689586458333,53.339038945941134,160.98815972222224,158.47086805555554,157.0976215277778,6.028315400772286,4.814665139894052,0.29096643518518517,0.007806712962962963
1982,66.06666666666666,159.01393848958332,53.20891384347306,161.07086805555556,158.59717013888888,157.08553819444444,6.035418562641111,4.958687227126421,0.5159664351851851,0.011383101851851853
1983,66.1,159.16994332291665,53.128534401944954,161.27078125,158.74609375,157.18239583333335,6.041256842877633,5.14951825963473,0.6976388888888889,0.01416087962962963
1984,66.13333333333334,159.32578644444442,53.08591286546258,161.4309375,158.9102951388889,157.24274305555556,6.042282589347184,5.336930672678066,0.9486516203703703,0.01671875
1985,66.16666666666667,159.46084728124998,53.13723492189613,161.59300347222222,159.0453125,157.29871527777777,6.041701043977955,5.554064820593844,1.2244675925925925,0.018755787037037036
1986,66.2,159.62712850694444,53.19250695902571,161.8256076388889,159.19651041666665,157.41911458333334,6.063010477159069,5.780789717167217,1.3870023148148147,0.020353009259259258
1987,66.23333333333333,159.7549901701389,53.27906962129737,161.94729166666667,159.33526041666667,157.45730902777777,6.0724175845470505,5.983109789700729,1.51265625,0.02141203703703704
1988,66.26666666666667,159.90703986805553,53.38326588704491,162.16395833333334,159.468125,157.60913194444444,6.077932605610171,6.132234624597326,1.5005208333333333,0.021105324074074075
1989,66.3,159.97419363541664,53.552822973272136,162.23348958333332,159.54387152777778,157.58416666666668,6.081427973563123,6.264355228850098,1.3366087962962963,0.020040509259259258
1990,66.33333333333333,159.99034894791666,53.55366290229228,162.27052083333334,159.55407986111112,157.59776041666666,6.0833884340301685,6.328693309089012,0.8958101851851852,0.016898148148148148
1991,66.36666666666666,159.95948796874998,53.556325029146926,162.1914236111111,159.54243055555557,157.51862847222222,6.086516590786994,6.3580516074550655,0.3947974537037037,0.008466435185185184
1992,66.4,159.95866021180555,53.54677984720507,162.23020833333334,159.52779513888888,157.53793402777777,6.091516291149295,6.368954260483131,0.07478587962962963,0.0
1993,66.43333333333334,159.95185970138888,53.54855789876278,162.21944444444443,159.52276041666667,157.5253125,6.091793229727677,6.37027552157398,0.016464120370370372,0.0
1994,66.46666666666667,159.95440433680554,53.549333345330155,162.22774305555555,159.52321180555555,157.53164930555556,6.091316032730494,6.372062479371348,0.04249421296296296,1.1574074074074073e-05
1995,66.5,159.91890238888885,53.548643010711686,162.17012152777778,159.4973611111111,157.46567708333333,6.093031684264448,6.386587737597392,0.08494212962962963,3.472222222222222e-05
1996,66.53333333333333,159.93483767708332,53.529495779666846,162.22506944444444,159.49934027777778,157.5049826388889,6.095856823819493,6.3956120705410635,0.09666087962962963,3.472222222222222e-05
1997,66.56666666666666,159.90775870833332,53.53466595253724,162.19354166666668,159.4740451388889,157.47333333333333,6.097178817770352,6.405156582879945,0.08773148148148148,0.0002777777777777778
1998,66.6,159.90856159722222,53.533994620678385,162.19487847222223,159.47463541666667,157.47467013888888,6.097104579644874,6.405519803790652,0.0060648148148148145,0.0
1999,66.63333333333334,159.8351928472222,53.563486201818435,162.0934548611111,159.41086805555557,157.38880208333333,6.102627141217145,6.42123210676951,0.48096643518518517,0.0055613425925925926
2000,66.66666666666667,159.86793803472221,53.505956065045766,162.25803819444445,159.39413194444444,157.52348958333334,6.108166563234057,6.456172240338269,0.9345601851851851,0.011024305555555556
2001,66.7,159.7439208784722,53.5611033819089,162.10506944444444,159.27911458333332,157.39557291666668,6.115419511922882,6.489700708087423,0.9050115740740741,0.011626157407407408
2002,66.73333333333333,159.56232333333335,53.66147272551861,161.87081597222223,159.11545138888889,157.1913715277778,6.124089321106826,6.524568258818682,1.0658333333333334,0.01587962962962963
2003,66.76666666666667,159.5460309548611,53.65878821818914,161.83793402777778,159.10581597222222,157.15798611111111,6.124972840156111,6.524485360797703,0.03644675925925926,0.0
2004,66.8,159.3886126284722,53.69701267092979,161.76508680555557,158.90383680555556,157.1929513888889,6.137780224305947,6.542355986229444,2.3755555555555556,0.05240740740740741
2005,66.83333333333333,158.9310317361111,53.87542002908933,161.21883680555555,158.46380208333332,156.82265625,6.163801379062176,6.59257200562867,4.188929398148148,0.09407407407407407
2006,66.86666666666666,158.31361549652777,54.11061892103916,160.54840277777777,157.83765625,156.4478298611111,6.195909081319727,6.667512744812919,6.119357638888889,0.1297800925925926
2007,66.9,157.33711551388888,54.57767217620206,159.36109375,156.91079861111112,155.6003298611111,6.249821526063791,6.78231451908132,7.924756944444445,0.15741898148148148
2008,66.93333333333334,157.33423984375,54.574348160201346,159.37401041666666,156.9023090277778,155.6065625,6.251889004812046,6.782793402468261,0.027233796296296298,0.0
2009,66.96666666666667,156.32761907638888,54.93610679356462,158.31982638888888,155.8812673611111,154.8828472222222,6.302827138999833,6.891255822963671,9.748790509259258,0.18388310185185186
2010,67.0,155.0327965798611,54.98228541569946,157.13036458333335,154.53402777777777,153.7970138888889,6.380235012150155,6.911728701792899,11.909201388888889,0.21858217592592594
2011,67.03333333333333,153.70187944791664,55.13510956768231,155.61121527777777,153.24887152777777,152.56706597222222,6.462479135153886,6.943584833290645,14.058072916666667,0.2515335648148148
2012,67.06666666666666,152.65906813194442,55.06355089965715,154.6301388888889,152.15279513888888,151.87010416666666,6.541102243217193,6.846390341371842,15.655028935185186,0.277650462962963
2013,67.1,152.64470865972223,55.056431433809045,154.6118576388889,152.14027777777778,151.8490451388889,6.542388804839643,6.845245323740438,0.03138310185185185,0.0
2014,67.13333333333334,151.8062621076389,54.77354165462725,154.11546875,151.19321180555556,151.0793402777778,6.623482211323571,6.636970548264625,17.27747685185185,0.3003530092592593
2015,67.16666666666667,152.51178185069446,53.50250664413747,155.15703125,151.87302083333333,151.05003472222222,6.664802024423393,6.263300748019104,19.346197916666668,0.32988425925925924
2016,67.2,156.58346240625,50.45146166255057,160.02005208333333,155.86977430555555,153.53375,6.602082596433372,5.531544059899831,20.835109953703704,0.35846064814814815
2017,67.23333333333333,162.96807461805554,45.254260283741715,167.52319444444444,162.14605902777777,157.6978125,6.389865189973147,4.6069561865202555,21.11186921296296,0.35100694444444447
2018,67.26666666666667,162.97532862152775,45.25418708999335,167.52397569444443,162.1562673611111,157.69486111111112,6.3896307285037395,4.603267280060769,0.034751157407407404,0.0
2019,67.3,160.72060561805557,47.62453626496873,165.83977430555555,159.7078125,155.67925347222223,6.4053668552555205,4.738622982463822,17.030578703703704,0.3106770833333333
2020,67.33333333333333,156.26315344791666,49.57651873520725,161.58960069444444,155.09680555555556,152.13253472222223,6.522731420906105,5.206022921561745,20.277297453703703,0.338755787037037
2021,67.36666666666666,155.43473962152777,49.81744622220719,160.36001736111112,154.325,151.92465277777777,6.55610537717245,5.316321022167836,17.976354166666667,0.3128240740740741
2022,67.4,155.5307221701389,50.23552713713501,160.32664930555555,154.43618055555555,152.25097222222223,6.521826458878387,5.177430078456254,14.544016203703704,0.25689814814814815
2023,67.43333333333334,155.52566349999998,50.23140243381917,160.3190798611111,154.43265625,152.2381076388889,6.521952646050552,5.177103425416147,0.013622685185185186,0.0
2024,67.46666666666667,156.09933379166665,50.02347517216709,161.02159722222223,154.94828125,153.00736111111112,6.513329339170848,5.358169539086079,13.01445601851852,0.23295717592592594
2025,67.5,156.66566633680554,49.67592155930249,161.47041666666667,155.55875,153.48251736111112,6.517926408016953,5.435980813003859,11.738761574074074,0.21768518518518518
2026,67.53333333333333,157.31196478819442,49.576123889860256,162.19901041666665,156.1704513888889,154.2292013888889,6.508270001095049,5.5507562780065385,10.076435185185185,0.19031828703703704
2027,67.56666666666666,157.44697995486106,50.003384686114664,162.23894097222222,156.33923611111112,154.3096875,6.509055894282164,5.667612945321423,8.880995370370371,0.1628587962962963
2028,67.6,157.44879500694444,50.00493849084473,162.24263888888888,156.34019097222222,154.31447916666667,6.509099211640124,5.667085443720945,0.010833333333333334,0.0
2029,67.63333333333334,157.8171546111111,50.066743773970074,162.48588541666666,156.7457986111111,154.68227430555555,6.5070051836504375,5.6248590877847535,8.270596064814814,0.14828703703703705
2030,67.66666666666667,158.09381622222224,50.079309237885866,162.7853125,156.9947048611111,155.16684027777777,6.487807120821957,5.626494907507944,7.032112268518518,0.13508680555555555
2031,67.7,158.00402990625,50.330390363174814,162.50901041666665,156.95651041666667,155.11520833333333,6.479864517655066,5.688686998273891,6.13328125,0.12026041666666666
2032,67.73333333333333,157.85950708680554,50.42840744776904,162.31196180555557,156.8228298611111,155.0179513888889,6.4854096147363585,5.66517015189946,5.1091898148148145,0.10047453703703704
2033,67.76666666666667,157.84831000694442,50.42118874625201,162.27555555555554,156.82394097222223,154.9590625,6.4822114895120695,5.666671062525783,0.06857060185185185,0.0
2034,67.8,157.98344160763887,50.54601330524245,162.49159722222223,156.91090277777778,155.3331076388889,6.473149038396715,5.752105989907138,4.463888888888889,0.08726851851851852
2035,67.83333333333333,157.99869547916666,50.656376178873955,162.4687673611111,156.94086805555557,155.31477430555555,6.466920850446011,5.776430430292011,3.839496527777778,0.07831597222222222
2036,67.86666666666666,158.15435714930555,50.66551346690344,162.61850694444445,157.0925347222222,155.52744791666666,6.45834440164086,5.806890447844365,3.3516030092592595,0.06991898148148148
2037,67.9,158.11779844444445,50.776137201505044,162.50704861111112,157.09006944444445,155.3737152777778,6.461293851396506,5.816885477169839,2.8566493055555555,0.057256944444444444
2038,67.93333333333334,158.23334007638888,50.82041164960337,162.67751736111111,157.18421875,155.53942708333332,6.454949124997114,5.811749850811987,0.16696180555555556,0.0
2039,67.96666666666667,158.25576686805553,51.015828316274295,162.67567708333334,157.20230902777777,155.67626736111112,6.441609586443569,5.857695715964548,2.513078703703704,0.051695601851851854
2040,68.0,158.57460304513887,51.03509680962089,163.01126736111112,157.5126736111111,156.0296875,6.423730258622603,5.872991301007327,2.2291203703703704,0.04251736111111111
2041,68.03333333333333,158.69931871527777,51.09676665203272,163.00026041666666,157.69184027777777,156.0146701388889,6.407296509531559,5.905086871867149,1.9727025462962964,0.035208333333333335
2042,68.06666666666666,158.93732078124998,51.28668133804483,163.29486111111112,157.90026041666667,156.3790451388889,6.3833652160578875,5.922244797501236,1.929664351851852,0.030758101851851852
2043,68.1,158.91660235416668,51.30177586461505,163.25852430555557,157.8865798611111,156.33460069444445,6.382106505456342,5.924893275062438,0.08566550925925925,0.0
2044,68.13333333333334,159.52078422916665,51.511094522226834,163.87560763888888,158.48164930555555,156.99105902777777,6.3235430744065795,5.963435680135611,2.1217824074074074,0.040462962962962964
2045,68.16666666666667,160.27067947569444,51.54917798802291,164.50604166666668,159.28918402777776,157.52175347222223,6.24971697520387,5.978827957682561,2.212980324074074,0.04736111111111111
2046,68.2,160.7005316909722,52.01695874284227,164.93104166666666,159.7121527777778,158.0340798611111,6.146201180813477,6.020516402788479,2.6908506944444444,0.05677083333333333
2047,68.23333333333333,161.52135351041667,52.263166107095934,165.58519097222222,160.59954861111112,158.6862152777778,5.993235713167259,5.862602506887162,2.672673611111111,0.05382523148148148
2048,68.26666666666667,161.53481709375,52.26066568340563,165.60288194444445,160.61144097222223,158.7027951388889,5.993904469721508,5.8624478716392385,0.033408564814814815,0.0
2049,68.3,161.7521198784722,52.230297158054476,165.79508680555554,160.84369791666666,158.84586805555554,5.982560984596762,5.750286870856513,0.7312268518518519,0.01308449074074074
2050,68.33333333333333,161.77262077430555,52.24631311798435,165.84274305555556,160.8504513888889,158.92258680555557,5.979121996868788,5.741814884646406,0.36191550925925925,0.005457175925925926
2051,68.36666666666666,161.6737746909722,52.33322482376517,165.71645833333332,160.76506944444444,158.77116319444445,5.978763542365695,5.748889891197298,0.3179166666666667,0.003778935185185185
2052,68.4,161.66302796875,52.354099182178885,165.690625,160.75880208333334,158.76046875,5.9786357506873165,5.749161938106381,0.15656828703703704,0.0019155092592592592
2053,68.43333333333334,161.64250478819443,52.36601484136163,165.65387152777777,160.74522569444446,158.7189236111111,5.977373569810311,5.7473477711733745,0.04012731481481482,0.0
2054,68.46666666666667,161.54590710416664,52.40898063876128,165.71609375,160.60190972222222,158.61744791666666,5.987936233780253,5.776120668489582,0.27796296296296297,0.0024074074074074076
2055,68.5,161.44237480902777,52.44938577753566,165.64460069444445,160.4934375,158.46850694444444,5.9935820366681,5.803682641029953,0.31776041666666666,0.004322916666666667
2056,68.53333333333333,161.41244222222218,52.443056033684876,165.63881944444444,160.4582638888889,158.419375,5.992601011912479,5.8221404436273,0.27142939814814815,0.0044675925925925924
2057,68.56666666666666,161.46922455902774,52.36266788342874,165.76512152777778,160.51133680555554,158.30819444444444,5.984508400842281,5.822872565674322,0.29891203703703706,0.0029224537037037036
2058,68.6,161.51727280555554,52.3611889583251,165.8681076388889,160.5371875,158.4143576388889,5.9818912169655984,5.8179298886658435,0.1372800925925926,0.0
2059,68.63333333333334,161.38617011111106,52.36379433768948,165.76513888888888,160.40524305555556,158.20875,5.983533043059122,5.8345331147112125,0.47085648148148146,0.00484375
2060,68.66666666666667,161.36019016319446,52.4399340582283,165.6938715277778,160.38880208333333,158.22163194444445,5.984800619016546,5.8321755341023405,0.15421296296296297,0.002534722222222222
2061,68.7,161.382937375,52.35773536767347,165.78409722222221,160.40755208333334,158.08527777777778,5.982928325102019,5.859998147955791,0.24897569444444445,0.0025983796296296297
2062,68.73333333333333,161.41042948958335,52.37652389473814,165.83057291666665,160.4244965277778,158.16135416666665,5.980237209138322,5.856793672336687,0.3544965277777778,0.004230324074074074
2063,68.76666666666667,161.39500869791664,52.3847884910771,165.8028125,160.41510416666668,158.12255208333335,5.979768882394935,5.858278614146668,0.0408275462962963,0.0
2064,68.8,161.34281641666666,52.437546368779934,165.70902777777778,160.37020833333332,158.12055555555557,5.981449627341266,5.8966384954899596,0.42291087962962964,0.006469907407407408
2065,68.83333333333333,161.21073790972224,52.51116307844794,165.59090277777779,160.23989583333332,157.92989583333335,5.9881979643354954,5.964628973970829,0.4903240740740741,0.006846064814814815
2066,68.86666666666666,161.14203117013886,52.55401452940791,165.57199652777777,160.1507638888889,157.916875,5.995682462854744,6.04813214265743,0.5553298611111112,0.008275462962962964
2067,68.9,160.92777840624996,52.75399441230759,165.26755208333333,159.96144097222222,157.72125,6.000146888970868,6.125490097343353,0.45697337962962964,0.007887731481481482
2068,68.93333333333334,160.93492041666664,52.74876547590808,165.28067708333333,159.9661111111111,157.73526041666668,5.9997871849548465,6.125734088536346,0.024120370370370372,0.0
2069,68.96666666666667,160.64340571180554,52.76383761267528,164.95104166666667,159.69046875,157.3987673611111,6.033531493783155,6.360513780480834,0.5382291666666666,0.009056712962962963
2070,69.0,160.20891977777777,52.829845730671785,164.51772569444444,159.25722222222223,156.94855902777778,6.066137982111769,6.710127735566997,0.8150810185185186,0.013674768518518518
2071,69.03333333333333,159.73302344444443,52.978699885536635,164.08661458333333,158.76065972222221,156.5455034722222,6.113599284314944,7.121636020917613,1.1414699074074075,0.018975694444444444
2072,69.06666666666666,159.27275284027778,53.19066794809714,163.6156076388889,158.30600694444445,156.06119791666666,6.1307818180649845,7.428721159711641,1.3103125,0.022065972222222223
2073,69.1,159.27679360416667,53.18828789589438,163.62340277777778,158.30848958333334,156.06961805555557,6.130868482638739,7.431438807310729,0.020850694444444446,0.0
2074,69.13333333333334,158.86337578819445,53.45886000790889,163.19736111111112,157.90454861111112,155.59949652777777,6.153456662713447,7.701933525088463,1.3960300925925926,0.022997685185185184
2075,69.16666666666667,158.66523188541666,53.617842745687376,163.05012152777778,157.68553819444443,155.45815972222223,6.1660074617432645,7.879859402008064,1.3608969907407407,0.021458333333333333
2076,69.2,158.39076621180556,53.82766306495788,162.78114583333334,157.4117361111111,155.16095486111112,6.183228825096954,8.04229890932113,1.319542824074074,0.022991898148148147
2077,69.23333333333333,158.17131912847222,53.89367043195533,162.63802083333334,157.17211805555556,154.9165798611111,6.195245337962657,8.207899774255388,1.297800925925926,0.02515046296296296
2078,69.26666666666667,158.9075002361111,52.75190545310208,163.52321180555555,157.89890625,155.30703125,6.017918760389033,6.2807839621630475,2.012696759259259,0.02867476851851852
2079,69.3,158.76026231944445,52.90286959702508,163.44637152777779,157.72475694444444,155.2190798611111,6.039223183092243,6.4261304158779815,1.1367997685185185,0.023240740740740742
2080,69.33333333333333,158.58135522916666,52.98632825351333,163.2577951388889,157.55203125,155.00741319444444,6.050009452689096,6.55137133905942,0.9477604166666667,0.02175925925925926
2081,69.36666666666666,158.3721144548611,53.03759997792342,163.0676388888889,157.3361284722222,154.80796875,6.072701715317706,6.644887111151366,0.9099826388888889,0.022743055555555555
2082,69.4,158.0593923125,53.15868327078478,162.70232638888888,157.03630208333334,154.5223611111111,6.093885857242473,6.708006724678517,1.1350405092592593,0.02421875
2083,69.43333333333334,158.03579208333332,53.152166714070304,162.67473958333332,157.01416666666665,154.49598958333334,6.1074434327353435,6.747437047279406,0.08409143518518518,0.00024305555555555555
2084,69.46666666666667,157.77569529513886,53.33590552902084,162.37484375,156.7478125,154.41506944444444,6.1353328669708125,6.86332460279872,1.2280266203703705,0.02693287037037037
2085,69.5,157.50518561458333,53.481850424891356,161.99779513888888,156.50550347222222,154.17892361111112,6.160745634473823,7.052180072107245,1.159832175925926,0.02254050925925926
2086,69.53333333333333,157.40856796527777,53.52267489606959,161.87244791666666,156.41057291666667,154.15019097222222,6.190849392134653,7.277694902113628,1.3703877314814814,0.025677083333333333
2087,69.56666666666666,157.19799498263887,53.64852986335416,161.61602430555556,156.21352430555555,153.94065972222222,6.221938952463625,7.521423433042132,1.3821122685185185,0.02636574074074074
2088,69.6,157.1868309548611,53.72015487151727,161.62675347222222,156.19071180555557,153.98041666666666,6.231681708382315,7.667457291077433,0.7235763888888889,0.013541666666666667
2089,69.63333333333334,157.02942252777777,53.93856209683186,161.41565972222222,156.04703125,153.84510416666666,6.250760389334339,7.878908046659282,1.4953877314814814,0.028796296296296296
2090,69.66666666666667,156.96453249652777,54.11621359837747,161.36604166666666,155.96805555555557,153.87477430555555,6.263522428967476,8.053239119475675,1.451701388888889,0.026064814814814815
2091,69.7,156.69176361805552,54.39396850399762,161.06925347222221,155.70237847222222,153.6024826388889,6.280344964252602,8.309094555899001,1.3158217592592591,0.022430555555555554
2092,69.73333333333333,156.25470077777777,54.70065749787463,160.58796875,155.2709548611111,153.23977430555556,6.301148948633541,8.501863418165959,1.2826157407407408,0.021261574074074075
2093,69.76666666666667,156.22798119791668,54.72558080878103,160.54585069444445,155.2513888888889,153.1875347222222,6.30333782726097,8.524356797076429,0.5053240740740741,0.010752314814814815
2094,69.8,156.1056204861111,54.77484134308925,160.42923611111112,155.12024305555556,153.1352777777778,6.316355406865874,8.61672115713154,1.1598206018518518,0.015717592592592592
2095,69.83333333333333,156.01253066666666,54.78273616016711,160.32470486111112,155.03418402777777,153.0062326388889,6.3278646571746044,8.666725771126917,0.9667303240740741,0.011168981481481481
2096,69.86666666666666,155.8863764895833,54.822842693209054,160.20848958333335,154.90545138888888,152.87635416666666,6.341269659417783,8.741562479002848,0.9372106481481481,0.011464120370370371
2097,69.9,155.59125224652777,54.9593141555907,159.89008680555557,154.62,152.55395833333333,6.354223117386939,8.886437616842791,1.1750578703703705,0.013391203703703704
2098,69.93333333333334,155.6703673472222,54.96194136305226,160.02024305555557,154.67730902777777,152.69878472222223,6.352866411531249,8.886286197614753,0.17980324074074075,0.0
2099,69.96666666666667,155.1944638576389,55.277925687225085,159.48555555555555,154.22152777777777,152.19664930555555,6.360831217263938,9.061834998515666,1.6692708333333333,0.01679976851851852
2100,70.0,155.17698342708334,55.36967256023725,159.51722222222222,154.19361111111112,152.1378298611111,6.395213535009018,9.245488443172817,3.0122916666666666,0.020023148148148148
2101,70.03333333333333,154.7549030451389,55.44383798318231,159.07430555555555,153.77413194444443,151.75133680555555,6.418364367739842,9.443502413846005,2.3270138888888887,0.02378472222222222
2102,70.06666666666666,154.44687285416668,55.51714300285905,158.77453125,153.4495486111111,151.58296875,6.440892268210069,9.580183410682263,2.1354456018518517,0.02609375
2103,70.1,154.43978219791666,55.52013088414779,158.76501736111112,153.44515625,151.55628472222222,6.440695746524453,9.57967557094252,0.033229166666666664,1.1574074074074073e-05
2104,70.13333333333334,154.09910542708334,55.54217029785132,158.40862847222223,153.10630208333333,151.24381944444445,6.465994343144532,9.693230811663032,2.113252314814815,0.028900462962962965
2105,70.16666666666667,153.5215492673611,55.68925487484382,157.7865972222222,152.55145833333333,150.57223958333333,6.493947553465011,9.907431806405658,2.5094502314814813,0.03473958333333333
2106,70.2,152.9973110486111,55.82979977706285,157.24927083333333,152.02914930555556,150.06743055555555,6.521548865745261,10.101765627014583,2.6510185185185184,0.038744212962962966
2107,70.23333333333333,152.6505355069444,55.8443513569932,156.90434027777778,151.67645833333333,149.77381944444446,6.5442271441938935,10.240921407243913,2.8174710648148147,0.04359375
2108,70.26666666666667,152.63638639583334,55.84245445987029,156.88243055555554,151.6679513888889,149.72663194444445,6.544181283561922,10.240956225423663,0.050416666666666665,0.0
2109,70.3,152.27516236458328,55.93670626105512,156.5159375,151.30725694444445,149.37567708333333,6.564204647503173,10.428621678184392,2.94171875,0.045717592592592594
2110,70.33333333333333,152.22573571875,55.985622382647605,156.4740451388889,151.24706597222223,149.41069444444443,6.562190096081041,10.550396815140788,3.1254571759259258,0.04704861111111111
2111,70.36666666666666,152.1224718541667,55.97498824115651,156.3540972222222,151.15269097222222,149.26850694444445,6.564366863475908,10.572525076709836,3.1129918981481484,0.05094328703703704
2112,70.4,152.1247642673611,55.991322672727385,156.36019097222223,151.15208333333334,149.28833333333333,6.559946573571391,10.601315439578066,3.120023148148148,0.05382523148148148
2113,70.43333333333334,152.14884055902775,55.98895534405885,156.3970138888889,151.16845486111112,149.35119791666668,6.560037002492118,10.600272214120107,0.057471064814814815,0.0
2114,70.46666666666667,152.25402825347223,56.06417785870686,156.47694444444446,151.28640625,149.40432291666667,6.545680883235855,10.65042463422391,3.4373958333333334,0.05710648148148148
2115,70.5,152.46466667361108,56.03524568263771,156.70739583333332,151.48800347222223,149.64618055555556,6.536148014365491,10.580891882874083,3.7452372685185185,0.05853009259259259
2116,70.53333333333333,152.69618568750002,55.938811248368545,156.93725694444444,151.72696180555556,149.8088888888889,6.524386590497993,10.451268404981475,3.738298611111111,0.055399305555555556
2117,70.56666666666666,153.12496099305557,55.819447179514256,157.40921875,152.1461111111111,150.20585069444445,6.509568369314102,10.364137969225219,3.674056712962963,0.05385416666666667
2118,70.6,153.11601650694445,55.8192223668148,157.39461805555555,152.14175347222223,150.168125,6.5095704756905,10.364666184469794,0.04787615740740741,0.0
2119,70.63333333333334,153.41552599652778,55.74551117277125,157.70729166666666,152.440625,150.43519097222222,6.499413995129346,10.265423593617133,3.662488425925926,0.050248842592592595
2120,70.66666666666667,153.62626115277777,55.69750083093595,157.93043402777778,152.64446180555555,150.67772569444443,6.489175819450093,10.163286039785861,3.444675925925926,0.045891203703703705
2121,70.7,153.73395003819445,55.71076654030778,158.01557291666666,152.76369791666667,150.73743055555556,6.4864008034755685,10.125294601061423,3.2776793981481482,0.042262731481481484
2122,70.73333333333333,153.97961702430553,55.630172812578245,158.31414930555556,152.98416666666665,151.0769097222222,6.491233050318488,9.98400077775382,3.3939988425925924,0.042297453703703705
2123,70.76666666666667,153.9689222361111,55.63416708036231,158.296875,152.97684027777777,151.0522222222222,6.490623500979188,9.983076779024836,0.04745949074074074,0.0
2124,70.8,154.10546346180556,55.640714982303116,158.43614583333334,153.1103298611111,151.2109548611111,6.4900068935350514,9.883215533083192,3.2687962962962964,0.04200810185185185
2125,70.83333333333333,154.18588275,55.619861248902964,158.48664930555555,153.20666666666668,151.22178819444446,6.480162642136827,9.763278064779588,2.9371296296296294,0.040219907407407406
2126,70.86666666666666,154.39478766666667,55.64131173095059,158.73333333333332,153.39465277777776,151.52666666666667,6.475680937575916,9.648091199143476,2.498275462962963,0.03480902777777778
2127,70.9,154.45707452430554,55.686581704974245,158.77770833333332,153.46616319444445,151.55032986111112,6.462009030750901,9.56705241044499,1.8483680555555555,0.02949074074074074
2128,70.93333333333334,154.46959554861112,55.68484854462583,158.7940798611111,153.47605902777778,151.57751736111112,6.4629019725563435,9.565448329003772,0.03714699074074074,0.0
2129,70.96666666666667,154.42274200694442,55.727885802597314,158.70947916666665,153.44748263888889,151.4607638888889,6.467121261913637,9.590080558237206,1.2663425925925926,0.02466435185185185
2130,71.0,154.4805122326389,55.7250921212133,158.7998611111111,153.49069444444444,151.56671875,6.467073232152972,9.574344837803846,0.6330324074074074,0.016278935185185184
2131,71.03333333333333,154.4792898576389,55.72852251342777,158.78977430555557,153.49463541666665,151.5404513888889,6.466203640017973,9.560779718532366,0.1301099537037037,0.0006597222222222222
2132,71.06666666666666,154.49927231249998,55.72978324370488,158.8135763888889,153.5129513888889,151.56569444444443,6.465297457189635,9.548260617002477,0.0512962962962963,0.00044560185185185187
2133,71.1,154.4789390659722,55.735456722247356,158.78425347222222,153.49859375,151.5126388888889,6.464106584449624,9.548352286559975,0.0433912037037037,0.0
2134,71.13333333333334,154.5388026875,55.73017880094267,158.87029513888888,153.54397569444444,151.63887152777778,6.4641631182099335,9.5380376869841,0.16695023148148147,0.0005034722222222222
2135,71.16666666666667,154.51076651388888,55.74800136742878,158.82272569444444,153.5245486111111,151.58307291666668,6.465279624453208,9.540559906780066,0.07962384259259259,4.6296296296296294e-05
2136,71.2,154.51710207986108,55.74891326132963,158.82993055555556,153.52963541666668,151.59921875,6.465284149113616,9.541849571294478,0.05056712962962963,8.680555555555556e-05
2137,71.23333333333333,154.47143278125,55.76424945552215,158.75805555555556,153.49711805555555,151.50043402777777,6.464132938387483,9.545556876153537,0.09778356481481482,0.00026041666666666666
2138,71.26666666666667,154.50391883333333,55.75842683474033,158.80836805555555,153.52100694444445,151.56559027777777,6.462856449527434,9.542367477719182,0.07831597222222222,0.0
2139,71.3,154.48939054513886,55.769820946444725,158.7778125,153.51491319444443,151.5147048611111,6.464234112319021,9.548851058758093,0.14724537037037036,0.0006018518518518519
2140,71.33333333333333,154.49929861458332,55.76485762671732,158.79243055555557,153.5228125,151.53064236111112,6.464469583582567,9.558817488871448,0.03331597222222222,0.0002488425925925926
2141,71.36666666666666,154.48005138888888,55.77778170440639,158.75954861111111,153.51010416666668,151.48677083333334,6.465529154255429,9.566352459567867,0.052355324074074075,0.00028356481481481483
2142,71.4,154.49151038888888,55.77934480902865,158.7815451388889,153.51637152777778,151.51862847222222,6.4656916556509545,9.562559481276718,0.0677025462962963,0.0002719907407407407
2143,71.43333333333334,154.48078619791667,55.788112978730354,158.76196180555556,153.50956597222222,151.4951736111111,6.465556301722124,9.56481441788697,0.03152199074074074,0.0
2144,71.46666666666667,154.98578059374998,55.133080956811234,159.37286458333332,154.00286458333332,151.80416666666667,6.35578105271935,8.278082992508764,1.3860416666666666,0.020399305555555556
2145,71.5,154.92978124652777,55.12967013391634,159.30262152777777,153.95411458333334,151.71829861111112,6.371002683180015,8.336995039923774,0.11415509259259259,0.0009664351851851852
2146,71.53333333333333,154.87392451041669,55.134561265890994,159.23854166666666,153.89772569444443,151.69192708333333,6.38823561913745,8.446297871672076,0.21458333333333332,0.005648148148148148
2147,71.56666666666666,154.8013183472222,55.1528154024974,159.15652777777777,153.82744791666667,151.62395833333332,6.40570408123917,8.581638037676662,0.367505787037037,0.010115740740740741
2148,71.6,154.74180525347222,55.21824014768876,159.08015625,153.7668576388889,151.62475694444444,6.430642996212425,8.790840465670964,0.536244212962963,0.013402777777777777
2149,71.63333333333334,154.63185109375,55.327980680922785,158.93109375,153.66645833333334,151.5353125,6.449263137428067,9.003766021916087,0.7581655092592593,0.016047453703703703
2150,71.66666666666667,154.53437253819442,55.45798382877376,158.80411458333333,153.58756944444445,151.34055555555557,6.472382394904928,9.217196208282374,1.353125,0.018136574074074076
2151,71.7,154.4533432465278,55.589699870517265,158.72206597222223,153.5001388888889,151.3259375,6.477006041920572,9.399797546796343,1.3842592592592593,0.01945601851851852
2152,71.73333333333333,154.39458022569443,55.731368747864295,158.65734375,153.43796875,151.31847222222223,6.488114907199404,9.582103020547532,1.2163831018518518,0.02056712962962963
2153,71.76666666666667,154.30816971180553,55.95713781196262,158.55258680555556,153.3475,151.32628472222223,6.495136144393915,9.827425211128697,1.2697627314814814,0.021128472222222222
2154,71.8,154.26654323611112,56.01904497858543,158.50397569444445,153.30972222222223,151.26710069444445,6.498262845826915,9.892363204545333,1.1395659722222222,0.01879050925925926
2155,71.83333333333333,154.23310790277776,56.07618579058019,158.48984375,153.27161458333333,151.22310763888888,6.5008124361252895,9.965272946416583,0.7644270833333333,0.016255787037037037
2156,71.86666666666666,154.2217900625,56.0888702254773,158.4817361111111,153.26038194444445,151.20149305555555,6.502800725382959,9.970717527728644,0.3026446759259259,0.008188657407407407
2157,71.9,133.26320801388886,37.573529126084765,151.68522569444445,130.40416666666667,107.33890625,6.591089185348847,6.112187947554309,50.46747685185185,0.8703703703703703
2158,71.93333333333334,133.26320801388886,37.573529126084765,151.68522569444445,130.40416666666667,107.33890625,6.591089185348847,6.112187947554309,0.0,0.0
2159,71.96666666666667,133.27197969444444,37.603887961916584,151.7005034722222,130.4103125,107.35453125,6.59080563499583,6.146783040833226,0.29606481481481484,0.0
2160,72.0,133.2404092951389,37.61801628089627,151.65171875,130.3854340277778,107.3073611111111,6.589498097714337,6.153102958074776,0.06305555555555556,0.0
2161,72.03333333333333,133.24533377430555,37.615634454476904,151.65954861111112,130.3891840277778,107.31536458333333,6.589296955435403,6.154930164781117,0.011805555555555555,0.0
2162,72.06666666666666,133.19829848263888,37.604630715924806,151.58413194444444,130.35317708333332,107.24265625,6.584607205011951,6.161023662192624,0.07087962962962963,0.0
2163,72.1,133.24670515625002,37.57625438891495,151.66868055555557,130.38711805555556,107.32793402777777,6.58481758626666,6.162500041130214,0.09134837962962963,0.0
2164,72.13333333333334,133.23089873263888,37.59166835537469,151.6459027777778,130.37399305555556,107.30609375,6.584777106642672,6.165405890404478,0.04069444444444444,0.0
2165,72.16666666666667,133.24148442708335,37.584844107233984,151.6637326388889,130.3817361111111,107.32350694444445,6.585143478130083,6.167270037727983,0.035625,0.0
2166,72.2,133.16927261805554,37.6256710782102,151.54324652777777,130.32918402777779,107.19869791666666,6.584295374229786,6.17966625134569,0.16390046296296296,5.787037037037037e-06
2167,72.23333333333333,133.18735859722221,37.61784200401056,151.57861111111112,130.34069444444444,107.23104166666667,6.583914340663689,6.179894968044561,0.05071180555555556,0.0
2168,72.26666666666667,133.17829226041664,37.626263137063546,151.56053819444443,130.33546875,107.21045138888888,6.583656855806952,6.181207621103031,0.02497685185185185,0.0
2169,72.3,133.18328794791665,37.62209803215679,151.5703125,130.33866319444445,107.21921875,6.582912084912989,6.18143935616094,0.013912037037037037,0.0
2170,72.33333333333333,133.1650951111111,37.6274035693032,151.53772569444445,130.32630208333333,107.1856423611111,6.584540884855397,6.184186836806832,0.03384837962962963,0.0
2171,72.36666666666666,133.20016794097222,37.61013085911752,151.59527777777777,130.35225694444443,107.24484375,6.585659130116409,6.186709885159021,0.08039351851851852,0.0
2172,72.4,133.1755265659722,37.633846176973165,151.55762152777777,130.3335763888889,107.19947916666666,6.58641353869981,6.192059153121589,0.0642361111111111,0.0
2173,72.43333333333334,133.1836002951389,37.62714497312114,151.56925347222221,130.3401736111111,107.21170138888888,6.586468580895222,6.192459044245309,0.022233796296296297,0.0
2174,72.46666666666667,133.15391365625,37.64237950615054,151.5184375,130.3187326388889,107.16255208333334,6.587542482864106,6.19622484017416,0.06060763888888889,1.736111111111111e-05
2175,72.5,133.17353498611112,37.63723809784881,151.55512152777777,130.3317013888889,107.19782986111112,6.588580451439576,6.1960610106805145,0.039421296296296295,0.0
2176,72.53333333333333,133.16413514583334,37.644383747329876,151.53789930555556,130.3254340277778,107.18043402777778,6.589098725181162,6.197727096289785,0.02257523148148148,0.0
2177,72.56666666666666,133.1680546875,37.642032173985385,151.54467013888888,130.32828125,107.18657986111111,6.589089058264719,6.198084747606702,0.010046296296296296,0.0
2178,72.6,133.14892584027777,37.64852823742823,151.51090277777777,130.31472222222223,107.15538194444444,6.589250538947153,6.200311864070292,0.03364004629629629,0.0
2179,72.63333333333334,133.15410388194445,37.64799764094134,151.51965277777776,130.31824652777777,107.16642361111111,6.589158589678416,6.20218154570167,0.02160300925925926,0.0
2180,72.66666666666667,133.14543284375,37.65119035373481,151.50418402777777,130.31234375,107.15034722222222,6.588910531549559,6.202657918833879,0.01964699074074074,0.0
2181,72.7,133.16062547569445,37.64266321184072,151.53527777777776,130.32088541666667,107.18460069444444,6.588942200595533,6.20321192034059,0.0431712962962963,0.0
2182,72.73333333333333,133.15021852083333,37.652262504168455,151.51381944444444,130.3149826388889,107.16211805555555,6.588993550013054,6.20608786484633,0.039913194444444446,0.0
2183,72.76666666666667,133.15432655902777,37.64891593015932,151.5206076388889,130.31793402777777,107.16979166666667,6.588769161767029,6.206467592754141,0.008431712962962964,0.0
2184,72.8,133.14169565277777,37.652743405298345,151.4989236111111,130.3088888888889,107.14829861111112,6.589515226641507,6.208257086615164,0.0225,0.0
2185,72.83333333333333,133.16071574999998,37.64270902040293,151.53182291666667,130.32236111111112,107.18140625,6.589162156663083,6.209129785179015,0.04283564814814815,0.0
2186,72.86666666666666,133.14798609375,37.65301490072628,151.51112847222223,130.31324652777778,107.15631944444445,6.590700161833352,6.213143695615979,0.04377314814814815,0.0
2187,72.9,133.1516169236111,37.64939258793807,151.51753472222222,130.31581597222223,107.16229166666666,6.590512303804877,6.214139020599342,0.014010416666666666,0.0
2188,72.93333333333334,133.1297407361111,37.656578893181745,151.48472222222222,130.29796875,107.13270833333333,6.591135913380162,6.217008180190948,0.033229166666666664,0.0
2189,72.96666666666667,133.17713949305556,37.63094455841006,151.56171875,130.33489583333332,107.19668402777778,6.592052158053086,6.214174165515562,0.12299189814814815,0.001585648148148148
2190,73.0,133.1690683333333,37.63521983270854,151.5482638888889,130.32899305555554,107.1829861111111,6.5923109750645255,6.2154415186565135,0.022118055555555554,0.0
2191,73.03333333333333,133.18732027083334,37.60725719456478,151.57480902777777,130.3478298611111,107.17102430555556,6.590790407269078,6.204793648998412,0.22451967592592592,0.004097222222222223
2192,73.06666666666666,133.14762449305556,37.61261886810865,151.51039930555555,130.31800347222222,107.10633680555556,6.590792794741706,6.211538232919154,0.07038194444444444,0.0
2193,73.1,133.1810069375,37.58507084386891,151.56940972222222,130.34154513888888,107.16173611111111,6.5911000044757335,6.210124393029091,0.07498842592592593,0.0
2194,73.13333333333334,133.08679030555555,37.63121875579473,151.46432291666667,130.25451388888888,107.02835069444444,6.594525712504602,6.215808567700581,0.36170717592592594,0.0056770833333333335
2195,73.16666666666667,133.09255283333331,37.626776208298466,151.47736111111112,130.2576736111111,107.03847222222223,6.594705074142798,6.217343987148625,0.016307870370370372,0.0
2196,73.2,132.97468817013888,37.658937803300525,151.37197916666668,130.14151041666668,106.86699652777777,6.604561224512993,6.226519607780147,0.4149421296296296,0.008686342592592593
2197,73.23333333333333,132.9360044375,37.626435768656386,151.45567708333334,130.02670138888888,107.22203125,6.619516247432425,6.2475894265017,0.8235648148148148,0.012517361111111111
2198,73.26666666666667,132.89701984375,37.63164863749721,151.39875,130.01194444444445,106.99588541666667,6.625185751921123,6.258270340933414,0.1664988425925926,0.0
2199,73.3,132.8178595659722,37.70275113802311,151.25817708333332,129.92335069444445,107.19100694444444,6.635336389862526,6.2791831570132075,0.8717534722222222,0.014068287037037037
2200,73.33333333333333,132.70068772916665,37.69377221283584,151.09560763888888,129.85802083333334,106.69397569444445,6.643598696338478,6.300057470957893,0.3105787037037037,0.0
2201,73.36666666666666,132.73988651388888,37.683361543093724,151.1773611111111,129.85487847222223,107.02729166666667,6.63835580016079,6.29022547204004,0.21785300925925927,0.0
2202,73.4,132.8398806111111,37.54899305788961,151.2226736111111,129.99270833333333,106.91350694444445,6.634059971926018,6.256907298413362,1.0146585648148148,0.01769675925925926
2203,73.43333333333334,132.83855971180554,37.543785986963755,151.23244791666667,129.9742013888889,107.04975694444444,6.62979974392149,6.250423262850282,0.0881886574074074,0.0
2204,73.46666666666667,132.88543597916666,37.42941441970645,151.20864583333332,130.07739583333333,106.746875,6.626653166410703,6.148125104040185,2.1422743055555555,0.045260416666666664
2205,73.5,132.89690198958334,37.39244977784217,151.5766840277778,129.9426736111111,107.15649305555556,6.614435721873634,6.150348288529681,0.3934664351851852,0.0
2206,73.53333333333333,132.88675335069442,37.377644450592975,151.55411458333333,129.93538194444446,107.15461805555556,6.607115073352546,6.037643576181532,3.0200694444444443,0.06614583333333333
2207,73.56666666666666,132.94657692013888,37.42562343581069,151.61782986111112,129.9962847222222,107.19229166666666,6.602387010728423,5.976774725865863,3.2591087962962964,0.07075231481481481
2208,73.6,132.86615560069444,37.44114137019449,151.30461805555555,130.01736111111111,106.79192708333333,6.609449970752564,5.983388620064544,0.3552199074074074,0.0
2209,73.63333333333334,132.8930750451389,37.437708376093276,151.4048784722222,130.01480902777777,106.89482638888889,6.602864865507895,5.981287400161676,0.10802662037037038,0.0
2210,73.66666666666667,132.87369740277776,37.44275815764473,151.36939236111112,130.0025347222222,106.85251736111111,6.604050083063236,5.983511427142865,0.046608796296296294,0.0
2211,73.7,133.1452509201389,37.298195695446566,151.6865451388889,130.26131944444444,107.11628472222222,6.587514013065054,5.875087200669282,3.517667824074074,0.07673611111111112
2212,73.73333333333333,133.31628063194444,37.28432352583077,151.79522569444444,130.46029513888888,107.1940798611111,6.580471465697903,5.817832579439526,3.542789351851852,0.07690972222222223
2213,73.76666666666667,133.3596726875,37.29020032452408,151.87314236111112,130.48902777777778,107.28102430555556,6.579343538621323,5.815508383693052,0.11901041666666666,0.0
2214,73.8,133.57158779513887,37.281805149183974,152.11192708333334,130.69484375,107.47423611111111,6.569016368309378,5.713965537223029,3.357037037037037,0.07429976851851852
2215,73.83333333333333,133.60665366319444,37.302663541935864,152.16046875,130.72435763888888,107.52461805555555,6.568176798116847,5.7136670166544565,0.09314814814814815,0.0
2216,73.86666666666666,133.76057752777777,37.23041310331009,152.27333333333334,130.9,107.58430555555556,6.565569821892915,5.6916289785199075,3.2689120370370373,0.07227430555555556
2217,73.9,133.81890481944444,37.238000321489714,152.3575,130.94734375,107.67534722222223,6.561461941102895,5.689145583496421,0.11559606481481481,0.0
2218,73.93333333333334,133.80676520138888,37.259437345832474,152.3400347222222,130.93711805555554,107.65993055555556,6.561521768708722,5.691405094999187,0.03298032407407407,0.0
2219,73.96666666666667,134.18454215625,37.13811172395897,152.74692708333333,131.30729166666666,108.02729166666667,6.5359916896599355,5.717276147203955,3.570804398148148,0.0804861111111111
2220,74.0,134.18473344444445,37.16367774204021,152.72048611111111,131.318125,108.00048611111112,6.532984822670838,5.713787436674707,0.08142939814814815,0.0
2221,74.03333333333333,134.7410991875,36.97221670198093,153.44098958333333,131.8245138888889,108.56859375,6.510378589244851,5.673386936811163,3.721238425925926,0.08080439814814815
2222,74.06666666666666,134.98865057986112,36.712828856866956,153.72486111111112,132.0731076388889,108.69887152777778,6.5022986433189525,5.6518687388598945,3.6488078703703706,0.08549768518518519
2223,74.1,135.04307430555556,36.744625682128344,153.7837847222222,132.12446180555557,108.77045138888889,6.497585232927541,5.6558243426152535,0.11623263888888889,0.0
2224,74.13333333333334,135.20303097916667,36.74622473477041,153.92836805555555,132.29621527777778,108.85881944444445,6.4805810856577715,5.658134207859513,3.6401909722222223,0.0871875
2225,74.16666666666667,135.25895055208332,36.73887949487018,153.99414930555557,132.34770833333334,108.92954861111112,6.475548770399844,5.655420401790492,0.07074652777777778,0.0
2226,74.2,135.25515287847222,36.74735040052154,153.98875,132.34456597222223,108.92397569444445,6.475717502155378,5.654811676593034,0.015792824074074074,0.0
2227,74.23333333333333,135.2841579375,36.769451126252946,154.05788194444443,132.36569444444444,108.91284722222223,6.457739443862367,5.614827806488478,3.651574074074074,0.08722222222222223
2228,74.26666666666667,135.2974312673611,36.76770411138483,154.05913194444443,132.38371527777778,108.91449652777777,6.455506850344896,5.612862602619091,0.05093171296296296,0.0
2229,74.3,135.6216044861111,36.38775372153688,154.42177083333334,132.69921875,109.21128472222222,6.433327512757242,5.559169908265616,3.219733796296296,0.07145833333333333
2230,74.33333333333333,135.63083604861112,36.38738288400035,154.42428819444444,132.7112326388889,109.21272569444444,6.434323609008839,5.56081385209249,0.02912037037037037,0.0
2231,74.36666666666666,135.92281627083332,36.196167066043984,154.75362847222223,132.99803819444443,109.4459548611111,6.415510825843661,5.596985580185401,2.7385185185185184,0.05136574074074074
2232,74.4,136.04799464930554,36.22676591599107,154.86149305555554,133.12550347222222,109.59946180555555,6.422575049381599,5.7692001566856925,1.709357638888889,0.030677083333333334
2233,74.43333333333334,136.19297432291668,34.49460240304486,155.43013888888888,133.21378472222221,109.05855902777778,6.292418248229765,4.122270505037735,1.8463599537037036,0.02652777777777778
2234,74.46666666666667,136.19712247916667,34.491865332114806,155.4361284722222,133.2172048611111,109.06449652777778,6.292611816316638,4.123083114328728,0.0077777777777777776,0.0
2235,74.5,136.19172661805555,34.494303502965124,155.4265625,133.21375,109.05215277777778,6.292194731026761,4.123463020046472,0.01271412037037037,0.0
2236,74.53333333333333,136.24645812152778,34.436005387120275,155.50769097222224,133.25913194444445,109.12177083333333,6.288224231896866,4.163457324241743,0.3566493055555556,0.004386574074074074
2237,74.56666666666666,136.1744975833333,34.495135430375676,155.41524305555555,133.1929513888889,109.05288194444445,6.302408955682165,4.256589983230251,0.23059606481481482,0.0047164351851851855
2238,74.6,136.16408271180555,34.528196906505926,155.38246527777778,133.1845486111111,109.08838541666667,6.3129485298474854,4.359577005178689,0.2281423611111111,0.006400462962962963
2239,74.63333333333334,136.02121969444445,34.69094942415478,155.25954861111111,133.03543402777777,108.94871527777778,6.333458029171833,4.509005203143941,0.4888425925925926,0.011649305555555555
2240,74.66666666666667,136.00334376736112,34.80420915699315,155.20539930555555,133.02491319444445,108.96479166666667,6.346981271006799,4.651528740669554,0.5208275462962964,0.01032986111111111
2241,74.7,135.86493181597223,35.114446419896794,155.02296875,132.8879513888889,108.94163194444444,6.360603247968864,4.842981060624304,1.0089756944444443,0.017465277777777777
2242,74.73333333333333,135.83862746875,35.27692154167165,154.95506944444443,132.8698611111111,108.95644097222223,6.370046140957088,4.972019120141528,0.8028240740740741,0.012488425925925925
2243,74.76666666666667,135.81371046180556,35.45144815680331,154.89923611111112,132.8496875,108.97557291666666,6.3780526974459395,5.105120642618027,0.7929282407407408,0.013287037037037036
2244,74.8,135.71646115625,35.78758815972953,154.7606423611111,132.74760416666666,109.04795138888889,6.388631964583115,5.267576510498453,1.2286574074074075,0.021828703703703704
2245,74.83333333333333,135.67134291319445,35.949153195873016,154.6837673611111,132.70961805555555,109.02569444444444,6.389885669135406,5.358064749770265,0.6836342592592592,0.012436342592592593
2246,74.86666666666666,135.48421429513888,36.258470054051855,154.4034201388889,132.5298611111111,109.04003472222222,6.410142732596297,5.443590309867602,1.0333449074074075,0.020561342592592593
2247,74.9,135.09981622569444,36.64303382824387,153.84098958333334,132.17472222222221,108.89003472222223,6.4307087232811835,5.527477891284011,1.1813773148148148,0.024791666666666667
2248,74.93333333333334,135.1214150486111,36.63915625168463,153.87326388888889,132.19109375,108.93197916666666,6.43062941911781,5.5259826844854825,0.05828703703703704,1.1574074074074073e-05
2249,74.96666666666667,134.46812460763888,37.33785380011072,152.99779513888888,131.56239583333334,108.68930555555555,6.4647468927231255,5.609683547270771,1.8064004629629629,0.036903935185185185
2250,75.0,134.47276465277776,37.335640388077984,153.00467013888888,131.56595486111112,108.69807291666666,6.464124659179388,5.610277366347933,0.011516203703703704,0.0
2251,75.03333333333333,134.45759796180556,37.33624657909255,152.97873263888889,131.55517361111112,108.67118055555555,6.4645836001584795,5.611032468113883,0.02722222222222222,0.0
2252,75.06666666666666,133.775402875,37.974657252412754,152.19053819444446,130.85885416666667,108.44102430555556,6.5052908828003595,5.700078207314548,2.4700636574074073,0.051631944444444446
2253,75.1,133.75775037152778,37.98041187381115,152.16927083333334,130.84258680555556,108.42029513888889,6.505321152372656,5.6989244229237315,0.032650462962962964,0.0
2254,75.13333333333334,132.83660271527776,38.8114510933064,150.99552083333333,129.94845486111112,107.97534722222223,6.53975001320941,5.813390157757746,2.8071354166666667,0.058611111111111114
2255,75.16666666666667,132.81491883680553,38.819146014866895,150.96246527777777,129.93104166666666,107.94484375,6.540739205786211,5.815291574944445,0.03763888888888889,0.0
2256,75.2,132.30645847569443,39.37641932302369,150.38020833333334,129.3646875,108.2271701388889,6.551676992780779,5.93388355909862,3.2672800925925927,0.061307870370370374
2257,75.23333333333333,131.7226029548611,39.826488486679125,149.4229861111111,128.8579861111111,107.97845486111112,6.584256221039904,6.053141387427662,3.2138425925925924,0.06607638888888889
2258,75.26666666666667,131.74330164583333,39.83204058740104,149.4529340277778,128.87574652777778,108.00102430555556,6.581728646942929,6.0553465317795805,0.028055555555555556,0.0
2259,75.3,131.7211013611111,39.8212450727796,149.37939236111112,128.8804861111111,107.86314236111112,6.583742189237203,6.054620927813216,0.09541087962962963,0.0
2260,75.33333333333333,131.75037892708335,39.817198377926125,149.4284722222222,128.90135416666666,107.91741319444445,6.580934731061456,6.053383291191266,0.05739004629629629,0.0
2261,75.36666666666666,131.42115959027777,40.04174276955818,148.92836805555555,128.58112847222222,108.00229166666666,6.604131599603971,6.179384775932484,3.093090277777778,0.06721643518518519
2262,75.4,131.06456055555554,40.34051416674875,148.42414930555555,128.24564236111112,107.87123263888888,6.623594978491427,6.3085278630135635,2.902314814814815,0.0634837962962963
2263,75.43333333333334,131.04999738888887,40.34379585852316,148.40024305555556,128.23505208333333,107.84482638888889,6.62495055186199,6.3090678435931755,0.028506944444444446,0.0
2264,75.46666666666667,130.900848125,40.33866530724026,148.38786458333334,128.03125,107.83432291666666,6.638524766956284,6.37166198437734,2.7661631944444443,0.05880787037037037
2265,75.5,130.88982654513887,40.34084861373362,148.3751736111111,128.02098958333335,107.82067708333334,6.639151688902604,6.372787075676335,0.02309027777777778,0.0
2266,75.53333333333333,130.82894560416665,40.28636637845965,148.27833333333334,127.97303819444444,107.73760416666667,6.6495512839086,6.422855983059501,2.2549131944444443,0.04842592592592593
2267,75.56666666666666,130.80946894444443,40.290656108524225,148.24588541666665,127.95897569444445,107.70269097222223,6.650395456346141,6.423194129367991,0.0378125,0.0
2268,75.6,130.82091188888887,40.28137192692299,148.2698611111111,127.96496527777778,107.73125,6.650455699744867,6.420426607891669,0.041950231481481484,0.0
2269,75.63333333333334,130.70334090277777,40.23739133126614,148.1507638888889,127.84409722222222,107.65083333333334,6.659091035771614,6.4539875057986915,1.627175925925926,0.03788773148148148
2270,75.66666666666667,130.70656149652777,40.226195940923645,148.15675347222222,127.84604166666666,107.65854166666666,6.659013388806153,6.4567779473755325,0.029322916666666667,0.0
2271,75.7,130.2083252152778,40.348577149572,147.56692708333333,127.369375,107.21633680555556,6.671149903292516,6.561034540465215,1.1295891203703703,0.02257523148148148
2272,75.73333333333333,129.7495628263889,40.351520394785965,147.06270833333335,126.91486111111111,106.84934027777778,6.687555109680607,6.6063984592651614,1.1364351851851853,0.02171875
2273,75.76666666666667,129.7314705,40.35132120510491,147.03697916666667,126.89972222222222,106.82447916666666,6.6880324399261415,6.608016022342962,0.04262731481481481,0.0
2274,75.8,129.38710948611111,40.22596307392746,146.6057986111111,126.57817708333333,106.50975694444445,6.701140021496434,6.63832772987472,1.2575752314814814,0.024091435185185184
2275,75.83333333333333,129.36301176736112,40.231641753802386,146.56821180555556,126.55932291666667,106.4734375,6.701712046100443,6.639102544426031,0.04316550925925926,0.0
2276,75.86666666666666,129.39700521875,40.21421533921119,146.63269097222224,126.58048611111111,106.54475694444444,6.702273963670489,6.639250830708233,0.09794560185185185,0.0
2277,75.9,128.8832387847222,40.2484004828852,146.04944444444445,126.08588541666667,106.04572916666666,6.7052144789161545,6.674488858074215,1.5467592592592592,0.03608796296296296
2278,75.93333333333334,128.89005664236112,40.24556796053162,146.0598090277778,126.09081597222222,106.06079861111111,6.7047602333856435,6.677151350588698,0.033269675925925925,0.0
2279,75.96666666666667,128.40610269791665,40.47832128443362,145.45215277777777,125.64137152777778,105.59925347222222,6.713822794705724,6.7677425460605605,1.6446180555555556,0.04068287037037037
2280,76.0,128.43782336458332,40.467196636702504,145.50430555555556,125.66484375,105.65251736111111,6.713427412459321,6.766873561394137,0.07079861111111112,0.0
2281,76.03333333333333,128.36416877083334,40.452908766179775,145.39413194444444,125.59461805555556,105.65243055555555,6.714043211714966,6.832603863309214,2.1753935185185185,0.05137152777777778
2282,76.06666666666666,128.29867581944444,40.73698767652541,145.24989583333334,125.5495486111111,105.61649305555555,6.707683168766691,6.840240872369913,2.179479166666667,0.04859375
2283,76.1,128.27173456597222,40.74295555203437,145.21279513888888,125.5271875,105.57409722222222,6.7079706944088695,6.839856952932693,0.04387152777777778,0.0
2284,76.13333333333334,128.30210175347221,40.72931145188453,145.26161458333334,125.55,105.62496527777778,6.707321872659672,6.840180486171921,0.05181712962962963,0.0
2285,76.16666666666667,128.29286003472222,40.735088284676074,145.24946180555557,125.54201388888889,105.61185763888889,6.707976040644226,6.841287787463952,0.021545138888888888,0.0
2286,76.2,128.26379382638888,41.07321717436034,145.20364583333333,125.51229166666667,105.63861111111112,6.707423020734296,6.8135335813678815,1.843125,0.040225694444444446
2287,76.23333333333333,128.4120045659722,41.08113451729025,145.32526041666668,125.67206597222223,105.75059027777777,6.7059282684214825,6.846376511778471,1.6597685185185185,0.03469907407407408
2288,76.26666666666667,128.45285505208332,41.05807103031994,145.38758680555554,125.70326388888888,105.82381944444444,6.705776708663628,6.845758379769691,0.0810011574074074,0.0
2289,76.3,128.73735091666666,40.121566477109155,145.95307291666666,125.94552083333333,105.69932291666667,6.639827935596021,5.808596517585068,2.2974942129629627,0.04133101851851852
2290,76.33333333333333,128.74715663888887,40.117072333003776,145.96725694444444,125.95361111111112,105.71322916666666,6.638723948158396,5.809324346807995,0.031875,0.0
2291,76.36666666666666,128.76085787847222,40.10733626395264,145.9634548611111,125.97508680555555,105.70145833333333,6.636865668919924,5.845584626333407,0.700300925925926,0.014658564814814815
2292,76.4,128.78846796180554,40.08529277570858,146.00552083333332,125.99663194444445,105.74657986111112,6.63615664406149,5.844076082607767,0.05725115740740741,0.0
2293,76.43333333333334,128.7835434548611,40.08888820026903,145.9990625,125.99244791666666,105.73883680555555,6.636078271395455,5.844370478918689,0.019427083333333334,0.0
2294,76.46666666666667,128.77351177430555,40.117127608248474,145.98838541666666,125.98234375,105.73142361111111,6.635669424596438,5.853196022696868,0.5338425925925926,0.012858796296296297
2295,76.5,128.76171234375,40.11464950747195,145.96421875,125.97543402777778,105.70760416666667,6.635904810379714,5.854761647144728,0.03585648148148148,0.0
2296,76.53333333333333,128.88647016319445,39.70212869513486,146.15822916666667,126.08107638888889,105.81779513888888,6.638711203436929,5.87770287736192,1.8325636574074073,0.028460648148148148
2297,76.56666666666666,128.98968749652778,39.60012950086509,146.33397569444443,126.11647569444445,106.37923611111111,6.6436994183945925,5.943371746635226,1.3889756944444445,0.020283564814814813
2298,76.6,128.97625457638887,39.60980918236388,146.31689236111112,126.11980902777778,106.21046875,6.650570550197898,5.9493847404817775,0.11374421296296296,0.0
2299,76.63333333333334,128.3032291458333,40.185458811972566,145.59703125,125.43114583333333,105.83026041666666,6.684115769089542,5.9234538147944225,1.4116608796296297,0.02675925925925926
2300,76.66666666666667,128.27712734374998,40.19329779492687,145.56741319444444,125.43946180555555,105.47357638888889,6.696206629996832,5.9332481056714315,0.19207175925925926,0.0
2301,76.7,128.32465184375,40.17278764369058,145.63347222222222,125.45732638888889,105.76032986111112,6.683513184493891,5.921487838701136,0.258130787037037,0.0
2302,76.73333333333333,127.51058067708333,40.72443567514292,144.71125,124.69230902777778,104.77880208333333,6.713090723803406,5.926300732152968,1.9790335648148147,0.03724537037037037
2303,76.76666666666667,127.51488847916667,40.71781610627205,144.72135416666666,124.68347222222222,104.89625,6.7076047821387155,5.9220742153650985,0.07652777777777778,0.0
2304,76.8,127.04022252083332,40.921650442557976,144.1786111111111,124.24970486111111,104.21690972222223,6.7262948280682515,5.98210329120586,2.5702141203703706,0.05389467592592593
2305,76.83333333333333,127.02477733680554,40.91647102033175,144.1453125,124.238125,104.21574652777778,6.725273897592061,5.99733319425229,0.1263425925925926,0.0001099537037037037
2306,76.86666666666666,126.65192652083331,41.14569523336737,143.8661111111111,123.80758680555556,104.1385763888889,6.737932961350216,6.0935150805511045,2.6230555555555557,0.0555150462962963
2307,76.9,126.19701547569443,41.23985429861044,143.09560763888888,123.47182291666667,103.43270833333334,6.76982070530413,6.177312874604258,3.235619212962963,0.06200810185185185
2308,76.93333333333334,126.20227330555554,41.27063622084088,143.1119097222222,123.46894097222223,103.48607638888889,6.776706957520313,6.227087936322383,0.16594328703703703,0.00318287037037037
2309,76.96666666666667,126.17603551388889,41.321506004398785,143.03961805555556,123.45765625,103.44732638888888,6.780948434398027,6.294086159406991,0.20754629629629628,0.003738425925925926
2310,77.0,126.19551096875,41.37135331624806,143.06932291666666,123.46779513888889,103.52916666666667,6.784659853235125,6.351154762266399,0.2450636574074074,0.004230324074074074
2311,77.03333333333333,125.798707,41.70852800799097,142.638125,123.07163194444445,103.22729166666667,6.808914155011827,6.527560043136285,3.468240740740741,0.07884837962962964
2312,77.06666666666666,125.20048575347222,42.47503610280036,141.9709375,122.48164930555555,102.75053819444445,6.828527378015567,6.766367013388436,3.5327199074074076,0.07763310185185185
2313,77.1,125.16960551041667,42.52487187443374,141.91204861111112,122.46020833333333,102.70862847222222,6.82958017027191,6.807786749802128,0.21619791666666666,0.004097222222222223
2314,77.13333333333334,124.83261655208332,42.716904324861204,141.56295138888888,122.12,102.43918402777778,6.842187566104525,6.812894893790171,3.961550925925926,0.08503472222222222
2315,77.16666666666667,124.81465776736111,42.74382113870923,141.53428819444446,122.10538194444445,102.41965277777778,6.8412733912493655,6.83358360879431,0.12903935185185186,0.0024189814814814816
2316,77.2,124.60184283333334,43.041962494303526,141.27380208333332,121.90309027777778,102.24296875,6.860057959246072,6.926595602240619,3.993258101851852,0.08075231481481482
2317,77.23333333333333,124.58121364930555,43.04311487628098,141.24159722222223,121.88786458333334,102.20289930555556,6.8586794568575185,6.9267348424818405,0.07553240740740741,2.3148148148148147e-05
2318,77.26666666666667,124.58886689583333,43.03667611026514,141.26253472222223,121.88980902777777,102.22798611111111,6.859531839727504,6.927063257902299,0.04839699074074074,0.0
2319,77.3,124.16411465972222,43.41522900320119,140.77729166666666,121.46307291666666,102.00100694444444,6.879551701023505,7.015796777943056,4.113657407407407,0.08445601851851851
2320,77.33333333333333,124.16325161111111,43.40895788816712,140.78065972222223,121.46045138888888,102.00510416666667,6.879210083878965,7.01580875454543,0.027436342592592592,0.0
2321,77.36666666666666,124.06214435069444,43.47558511701548,140.49282986111112,121.39911458333333,102.0598611111111,6.894537152447976,7.124467788440535,4.5940972222222225,0.0880787037037037
2322,77.4,124.00895252777778,43.37493287223047,140.35315972222222,121.35050347222223,102.2159375,6.900190115118011,6.93896433030033,4.89972800925926,0.09190972222222223
2323,77.43333333333334,123.99206317361111,43.374879962029226,140.33258680555556,121.33496527777778,102.19651041666667,6.900677086299895,6.939802156462159,0.03325810185185185,0.0
2324,77.46666666666667,123.41818347222222,43.71870522130642,139.69385416666665,120.77243055555556,101.70121527777778,6.916882665076071,6.880931599370583,5.502326388888889,0.10454282407407407
2325,77.5,123.39895576041667,43.721315776675674,139.66453125,120.75770833333333,101.66708333333334,6.916644694413181,6.882025819341921,0.04693865740740741,0.0
2326,77.53333333333333,123.40709196875001,43.71309942818804,139.68651041666666,120.75972222222222,101.69510416666667,6.9163647678893465,6.8832496880557885,0.05700231481481482,0.0
2327,77.56666666666666,122.39286722916667,44.153165336099555,138.32362847222223,119.79203125,101.24657986111112,6.953030142111465,6.909464828033148,6.4692592592592595,0.12239583333333333
2328,77.6,122.44581586458332,43.75386862167446,138.50074652777778,119.82598958333334,101.12201388888889,6.928748217557278,6.42057678800685,0.54953125,0.007430555555555556
2329,77.63333333333334,121.94735200347222,44.10058352157544,137.66234375,119.39647569444445,100.94152777777778,6.94321807529174,6.623584451200869,6.2469675925925925,0.1200636574074074
2330,77.66666666666667,121.96117502430556,44.09748658233477,137.69059027777777,119.40460069444444,100.96932291666667,6.944897954390368,6.622671477629673,0.0609375,0.0
2331,77.7,122.24624092361111,44.035010704255704,137.81840277777778,119.70472222222222,101.56829861111112,6.939997037182816,6.677525189910202,6.051527777777777,0.12043981481481482
2332,77.73333333333333,122.1098816597222,44.13861806639105,137.52282986111112,119.6096875,101.49140625,6.947415960934411,6.70908919227492,5.934895833333333,0.11424189814814815
2333,77.76666666666667,122.10495304166666,44.14317996547743,137.51182291666666,119.60730902777777,101.47911458333333,6.947054630821255,6.711483626398959,0.02552662037037037,0.0
2334,77.8,122.10512608333335,44.14013247563717,137.51496527777778,119.6054513888889,101.49065972222222,6.944564707811096,6.728514218262013,0.039392361111111114,0.00017939814814814815
2335,77.83333333333333,122.09538490625002,44.14672070674761,137.48430555555555,119.60069444444444,101.49314236111111,6.947670486301348,6.761685836537329,0.06212384259259259,0.0012962962962962963
2336,77.86666666666666,122.27428407291666,44.10548517067586,137.62185763888888,119.77178819444444,101.8711111111111,6.949443069828524,6.834958064865933,5.530318287037037,0.10517939814814815
2337,77.9,122.37115241666667,44.17795011284551,137.64428819444444,119.89112847222222,101.96456597222222,6.955279227463921,6.919775349045259,5.491186342592592,0.0997974537037037
2338,77.93333333333334,122.36065844097223,44.214278514454925,137.61571180555555,119.88451388888889,101.96888888888888,6.961135558257581,6.97698024701236,0.17435185185185184,0.0036979166666666666
2339,77.96666666666667,122.66682470138888,44.06208820213609,137.94446180555556,120.1734375,102.37935763888889,6.9600170321529555,7.019637079231805,5.641232638888889,0.10549768518518518
2340,78.0,122.65759280208333,44.109947091304754,137.91946180555556,120.16824652777778,102.37652777777778,6.963098720849217,7.063114145969909,0.2115277777777778,0.00453125
2341,78.03333333333333,122.95650532291666,44.07667400398384,138.07574652777777,120.50588541666667,102.71180555555556,6.9623624986952795,7.184053006783545,5.334884259259259,0.10112268518518519
2342,78.06666666666666,122.93970526388888,44.120552395299555,138.04005208333334,120.49477430555555,102.69428819444444,6.96349069707815,7.216192986367721,0.20260995370370372,0.004079861111111111
2343,78.1,122.95586811458332,44.15681724425264,138.06164930555556,120.5057638888889,102.74569444444444,6.964653837884683,7.245301945594941,0.16519675925925925,0.002957175925925926
2344,78.13333333333334,123.40107927777778,43.96746090793415,138.49890625,120.94435763888889,103.27987847222222,6.962437769773183,7.33248198338069,5.002835648148148,0.08995949074074074
2345,78.16666666666667,123.40375002083333,43.9707618521098,138.50326388888888,120.94609375,103.28684027777778,6.961851143791098,7.335220439534893,0.03680555555555556,0.00014467592592592592
2346,78.2,123.54688806597221,43.905050367163646,138.5692013888889,121.111875,103.43300347222223,6.967652604803434,7.392072647105932,4.720821759259259,0.08496527777777778
2347,78.23333333333333,123.88264005902776,43.7261629597877,138.97621527777778,121.37355902777777,104.29262152777778,6.974527418949501,7.387258964191009,4.7196238425925925,0.08290509259259259
2348,78.26666666666667,123.88314133680555,43.73037747482688,138.97258680555555,121.38529513888889,104.19399305555555,6.975949835499287,7.390212537900677,0.07001157407407407,0.0
2349,78.3,123.97907082291665,43.688228748236504,139.04513888888889,121.47072916666667,104.46272569444444,6.989722609654106,7.406781838894385,4.233582175925926,0.07792824074074074
2350,78.33333333333333,123.96522377430556,43.69613824343837,139.0204861111111,121.48319444444445,104.22005208333333,6.9974915368976,7.414695691793196,0.13148148148148148,0.0
2351,78.36666666666666,124.05738837152778,43.670970160170604,139.17251736111112,121.53359375,104.54965277777778,6.99066046560698,7.400716152401859,0.4094039351851852,9.837962962962963e-05
2352,78.4,124.33877691666667,43.49284053665222,139.45604166666666,121.83092013888889,104.666875,6.979148493318819,7.417654105980459,3.908096064814815,0.07175925925925926
2353,78.43333333333334,124.34280491319444,43.49544527634078,139.46805555555557,121.82229166666667,104.77276041666667,6.978449100843848,7.414600576254138,0.08583333333333333,0.0
2354,78.46666666666667,124.53205965625,43.408831065990306,139.56552083333332,122.06498263888889,104.70296875,6.974876700879391,7.438307453636611,3.6635243055555557,0.06751157407407407
2355,78.5,124.59005303125,43.43030983937545,139.8618402777778,122.01119791666666,105.16644097222222,6.971471605445682,7.428384041494942,0.3581828703703704,0.0
2356,78.53333333333333,124.7415775625,43.36946860383596,140.0023263888889,122.15697916666667,105.40736111111111,6.9749047120650385,7.476008632224406,3.4621064814814817,0.0627662037037037
2357,78.56666666666666,124.76639228472223,43.448434390006426,140.0978125,122.14711805555555,105.56756944444444,6.989931544018617,7.509781030654867,3.8241666666666667,0.06324074074074074
2358,78.6,124.65853015625,43.42977545167089,139.8854513888889,122.07326388888889,105.43053819444444,6.997667051909554,7.495221586361835,0.21722800925925925,0.0
2359,78.63333333333334,124.69911530555555,43.42495167231071,139.95838541666666,122.10019097222222,105.51116319444445,6.996482365267832,7.494416675252209,0.09710648148148149,2.3148148148148147e-05
2360,78.66666666666667,124.69100972569444,43.42947128403312,139.94539930555555,122.09409722222222,105.4975,6.997025939486162,7.494811142876827,0.027824074074074074,0.0
2361,78.7,124.94144522916666,43.23134149718015,140.2321875,122.31942708333334,105.88958333333333,6.993084070169093,7.52688427326567,3.2071875,0.05557870370370371
2362,78.73333333333333,124.98690605208333,43.24813058019193,140.2020138888889,122.39710069444445,105.83866319444445,6.991686103005342,7.625844637809174,3.289832175925926,0.05689814814814815
2363,78.76666666666667,125.07792085416666,42.880609214377436,140.424375,122.46553819444445,105.7665625,6.962992021012972,7.14532179187305,0.5549942129629629,0.007488425925925926
2364,78.8,125.2009688611111,42.71770991299994,140.57703125,122.56602430555556,106.02592013888889,6.95990663540401,7.149375703089579,3.1975462962962964,0.0486400462962963
2365,78.83333333333333,125.20135062847221,42.718149569883614,140.57847222222222,122.565625,106.03092013888889,6.9586036380818825,7.166211092432587,0.031099537037037037,0.00012152777777777777
2366,78.86666666666666,125.14935200694444,42.792021671835414,140.41118055555555,122.55244791666667,105.93385416666666,6.964842773683359,7.218228903193464,3.2124652777777776,0.053043981481481484
2367,78.9,125.14840951388888,42.812572652482764,140.40689236111112,122.54979166666666,105.95973958333333,6.97043510919046,7.263848083999307,0.12764467592592593,0.002534722222222222
2368,78.93333333333334,125.13892764930556,42.84816047304281,140.3740625,122.54578125,105.96480902777778,6.977262512769174,7.319838494987074,0.13172453703703704,0.0033506944444444443
2369,78.96666666666667,125.12003211111112,42.93156288538217,140.33022569444444,122.52355902777778,106.05230902777778,6.985657922609185,7.382236994792608,3.173373842592593,0.05458912037037037
2370,79.0,125.1390144375,43.00061345066523,140.3554861111111,122.53491319444444,106.12836805555555,6.990924417910372,7.455416778978623,0.23760416666666667,0.0046875
2371,79.03333333333333,125.05051402430556,43.05573682018546,140.2971701388889,122.42418402777778,106.17118055555555,6.995467525019175,7.476281171569285,2.064866898148148,0.04818287037037037
2372,79.06666666666666,124.92397821180555,43.286750526123775,140.07873263888888,122.32598958333334,106.0345138888889,6.999054269356062,7.555885309691259,2.602002314814815,0.05793402777777778
2373,79.1,124.90917974652777,43.33289014058572,140.04802083333334,122.31529513888889,106.02592013888889,6.999159449834728,7.587533881462963,0.1750925925925926,0.004027777777777778
2374,79.13333333333334,124.74954085069443,43.39966656028434,139.94010416666666,122.12869791666667,105.98102430555555,7.005572319072964,7.581215470978325,3.957523148148148,0.07277777777777777
2375,79.16666666666667,124.73503727083333,43.43498970924076,139.91852430555556,122.11590277777778,105.97043402777778,7.0051344423261455,7.610183156828958,0.09605324074074074,0.0022743055555555555
2376,79.2,124.73631230902777,43.44045465855366,139.92142361111112,122.11637152777777,105.97491319444444,7.004880896654705,7.614507129620103,0.03875,0.00015625
2377,79.23333333333333,124.58227320138889,43.38907195674139,139.7123611111111,121.98513888888888,105.75697916666667,7.0055435243445405,7.591529644786942,4.179131944444444,0.08008101851851852
2378,79.26666666666667,124.60944713194444,43.3897786547046,139.75895833333334,122.00401041666667,105.8092013888889,7.004426869073617,7.591353466667372,0.0720775462962963,0.0
2379,79.3,124.82825736458332,43.20337219465161,139.96862847222224,122.20836805555555,106.19809027777778,7.005737880412331,7.613491503000166,4.2411921296296295,0.08528356481481482
2380,79.33333333333333,124.83166122569443,43.203898019948504,139.97484375,122.21069444444444,106.20388888888888,7.005638175952637,7.613747950285824,0.012152777777777778,1.1574074074074073e-05
2381,79.36666666666666,124.91307648263887,43.17351687345949,139.9623090277778,122.32465277777777,106.23958333333333,7.001688485009284,7.620473237949835,3.9829050925925924,0.07791666666666666
2382,79.4,124.89233937847222,43.14320621058902,139.99715277777779,122.27977430555555,106.29432291666667,7.002532915329605,7.6001619922496,3.587644675925926,0.07093171296296297
2383,79.43333333333334,124.89139599652776,43.14321145786363,139.9948611111111,122.2793923611111,106.29178819444445,7.00241615831129,7.600078959605446,0.0061342592592592594,0.0
2384,79.46666666666667,124.8964805,43.147461549719544,139.99928819444443,122.28465277777778,106.29706597222223,7.002800549225257,7.602103796814587,0.03511574074074074,0.0
2385,79.5,124.88071526736111,43.15026686092055,139.97866319444444,122.27102430555556,106.27444444444444,7.003159839213241,7.602851224395394,0.02966435185185185,0.0
2386,79.53333333333333,125.1522443888889,43.13790578852231,140.43208333333334,122.47425347222222,106.68694444444445,6.995298377473514,7.615027426483824,3.3455150462962964,0.05737847222222222
2387,79.56666666666666,125.06568242361111,43.16035708094962,140.25449652777777,122.42456597222223,106.50314236111112,6.997638235707252,7.626636337986151,2.984560185185185,0.04447337962962963
2388,79.6,125.08277765972221,43.166009331037415,140.27680555555557,122.43977430555556,106.52357638888888,6.997216923193762,7.6299221994439925,0.03550925925925926,1.1574074074074073e-05
2389,79.63333333333334,125.10709177430554,43.26987452620113,140.2201215277778,122.49147569444445,106.51510416666666,6.996114977302855,7.6481834952296985,2.87640625,0.042563657407407404
2390,79.66666666666667,125.13677294444444,43.25738990852027,140.2672048611111,122.51388888888889,106.56553819444444,6.995405605379043,7.6455887714234185,0.07377314814814814,0.0
2391,79.7,125.18069638194446,43.26584691071078,140.27527777777777,122.5645486111111,106.64829861111112,6.993995197993949,7.652435792198253,2.4531365740740743,0.03868055555555556
2392,79.73333333333333,125.18170666666666,43.26880156739036,140.2760763888889,122.56555555555556,106.64996527777778,6.9936225313795175,7.654105276799369,0.05458333333333333,0.0
2393,79.76666666666667,125.15003640277779,43.28138310238744,140.23487847222222,122.5378125,106.60744791666667,6.994469211164125,7.655110533313655,0.04997685185185185,0.0
2394,79.8,125.18601907986111,43.308259701025165,140.37274305555556,122.54272569444444,106.65119791666666,6.993649062012497,7.657777060179307,2.6211805555555556,0.04068287037037037
2395,79.83333333333333,125.20209535069444,42.88871115172916,140.51178819444445,122.54362847222222,106.45548611111111,6.96061613139962,7.173451783443178,0.6189699074074074,0.007690972222222222
2396,79.86666666666666,125.24652951041666,42.9817127621582,140.65244791666666,122.56727430555556,106.4225,6.954592174494624,7.212680853577677,2.860949074074074,0.04296296296296296
2397,79.9,125.22117440277779,43.05849402965563,140.61930555555554,122.55486111111111,106.291875,6.955372296208559,7.270681662484264,2.674965277777778,0.040491898148148145
2398,79.93333333333334,125.2054531111111,43.09529199239735,140.57635416666668,122.54513888888889,106.29690972222222,6.966948191972723,7.355687285187528,0.2332986111111111,0.005329861111111111
2399,79.96666666666667,125.23660713194444,43.16814911844145,140.67142361111112,122.56291666666667,106.27236111111111,6.975385635016218,7.457239246680832,2.747847222222222,0.04328125
2400,80.0,125.26789606250001,43.27939479240514,140.61210069444445,122.618125,106.33352430555556,6.995303358780011,7.623500224752219,0.9243402777777778,0.008252314814814815
2401,80.03333333333333,125.22172372222222,43.384108566281384,140.56201388888888,122.57340277777777,106.2845138888889,6.994343551139078,7.720448403733078,0.9097337962962962,0.009444444444444445
2402,80.06666666666666,125.21171528125001,43.51919552733146,140.63461805555556,122.54868055555555,106.17699652777777,6.997545627047419,7.821975901688091,2.869103009259259,0.04265625
2403,80.1,125.19177631944444,43.66477719258805,140.58760416666667,122.53282986111111,106.19628472222222,7.002954000883879,7.950027237586081,0.5845833333333333,0.010734953703703703
2404,80.13333333333334,125.37529187152778,43.85209190404581,141.05578125,122.62079861111111,106.48805555555556,7.001436206409333,8.049764430922474,2.7192824074074076,0.03916087962962963
2405,80.16666666666667,125.3591132361111,43.97569296135693,140.9490451388889,122.64746527777778,106.31411458333334,6.994015644852613,8.122965744079327,0.5527719907407408,0.008732638888888889
2406,80.2,125.51437864583332,43.957266784407636,141.20854166666666,122.78307291666667,106.3571875,6.9830932687561695,8.161793680409616,1.8651909722222222,0.028940972222222222
2407,80.23333333333333,125.2863524513889,43.97738536780771,140.4334375,122.79322916666666,105.38069444444444,6.983762276153366,8.195695105549449,1.447806712962963,0.009236111111111112
2408,80.26666666666667,125.31989146527778,43.962435136373756,140.4928125,122.8163888888889,105.44097222222223,6.98307095867318,8.195209251083362,0.06986111111111111,0.0
2409,80.3,125.31047644444443,43.966732790617804,140.4752777777778,122.81069444444445,105.4186111111111,6.983418549533757,8.193564583522448,0.05974537037037037,0.0
2410,80.33333333333333,125.31445035763889,43.96308818032453,140.48263888888889,122.813125,105.42789930555556,6.9825949610732945,8.193765069136145,0.019693287037037037,0.0
2411,80.36666666666666,125.30560752083333,43.95274145547563,140.455625,122.81199652777778,105.39614583333334,6.97969391761657,8.18484585213226,0.45395833333333335,0.001255787037037037
2412,80.4,125.37230030555556,43.90513246233184,140.57909722222223,122.85541666666667,105.52618055555556,6.979136373734606,8.179467837891169,0.46719328703703705,0.0016145833333333333
2413,80.43333333333334,125.37013823611112,43.90668650432072,140.57409722222224,122.85446180555556,105.52041666666666,6.979781641510169,8.179336994664304,0.035480324074074074,0.0
2414,80.46666666666667,125.31158232291665,43.92761421169595,140.47057291666667,122.80991319444445,105.45552083333334,6.981073504360855,8.160988572457015,0.4332465277777778,0.002511574074074074
2415,80.5,125.29487010416665,43.937210906765536,140.44265625,122.79789930555556,105.42526041666666,6.980604429973949,8.160219928874202,0.04705439814814815,0.0
2416,80.53333333333333,125.34671366319445,43.89804349151003,140.51463541666666,122.83685763888889,105.54545138888889,6.979790458122608,8.159154766264551,0.48323495370370373,0.0027430555555555554
2417,80.56666666666666,125.32276844097223,43.918460186725,140.4792013888889,122.81809027777778,105.50404513888888,6.980487369998608,8.16187612625241,0.11522569444444444,1.1574074074074073e-05
2418,80.6,125.33155673611111,43.91284330316271,140.4951736111111,122.82414930555555,105.51871527777777,6.980474130679756,8.1610524501906,0.04905092592592593,0.0
2419,80.63333333333334,125.29540637499998,43.919168845647754,140.42878472222222,122.80166666666666,105.43621527777778,6.980605350255858,8.17263185526584,0.2999131944444444,0.002650462962962963
2420,80.66666666666667,125.33163807638888,43.89749919811511,140.48583333333335,122.82947916666667,105.49454861111111,6.980271542653691,8.17044516877137,0.07255787037037037,0.0
2421,80.7,125.36350825347222,43.87558407325568,140.5326388888889,122.84940972222222,105.60071180555556,6.981048609394748,8.161494217445963,0.55640625,0.0027372685185185187
2422,80.73333333333333,125.31442630555556,43.91081239124176,140.44588541666667,122.81708333333333,105.49657986111112,6.981685900666308,8.170325561208916,0.6711400462962963,0.0033159722222222223
2423,80.76666666666667,125.30241156944444,43.91388541677941,140.42762152777777,122.80739583333333,105.47991319444445,6.981550919141928,8.17003643102974,0.0271875,0.0
2424,80.8,125.39441957638888,43.850470132202844,140.6046875,122.86425347222222,105.66965277777778,6.982984753117222,8.177252248369237,1.0180960648148147,0.008072916666666667
2425,80.83333333333333,125.39301526388888,43.850234582351646,140.6012326388889,122.86376736111112,105.66519097222222,6.9831097159070925,8.176993572749504,0.016064814814814816,0.0
2426,80.86666666666666,125.39742123263888,43.84822607461172,140.60631944444444,122.86777777777777,105.67151041666666,6.983058003965552,8.177650124027917,0.014930555555555556,0.0
2427,80.9,125.31001586805556,43.884697886000026,140.4596701388889,122.80428819444444,105.52164930555556,6.984659539090345,8.187357313404465,1.0913194444444445,0.012517361111111111
2428,80.93333333333334,125.3261599548611,43.88286643352646,140.49190972222223,122.8143576388889,105.55057291666667,6.983459719788682,8.185822000999933,0.04218171296296296,0.0
2429,80.96666666666667,125.4455607361111,43.761674899479615,140.74491319444445,122.88506944444444,105.75887152777777,6.987017787845757,8.168278519545774,1.243275462962963,0.01728587962962963
2430,81.0,125.45052312847223,43.76125331841079,140.7501909722222,122.88972222222222,105.76597222222222,6.986517458597019,8.168420448198273,0.014334490740740741,0.0
2431,81.03333333333333,125.26667221180554,43.7927793559426,140.46314236111112,122.74581597222222,105.4903125,6.987879758533108,8.139770710640772,1.5607118055555556,0.02738425925925926
2432,81.06666666666666,124.79175656597222,43.75065829754014,139.9598263888889,122.27211805555555,105.08696180555556,6.998001717453059,8.053552920540772,2.223755787037037,0.042019675925925926
2433,81.1,124.78778344444446,43.74906833871887,139.95463541666666,122.26866319444444,105.08144097222223,6.998279130226804,8.054379794656617,0.00980324074074074,0.0
2434,81.13333333333334,124.79118783680556,43.74814031127892,139.95925347222223,122.27166666666666,105.08524305555555,6.997983284609247,8.054670936320925,0.009212962962962963,0.0
2435,81.16666666666667,124.78298501388888,43.74754568454498,139.94696180555556,122.26508680555555,105.07300347222223,6.998066720650967,8.054804249182492,0.015300925925925926,0.0
2436,81.2,124.02849425,43.722879819418125,139.28489583333334,121.45942708333334,104.55322916666667,7.012873429790723,7.997354562103286,2.52912037037037,0.05607638888888889
2437,81.23333333333333,123.63317985069445,44.154078313268215,138.88914930555555,121.06888888888889,104.111875,7.00864164086871,8.033896273081055,2.4042939814814814,0.05634259259259259
2438,81.26666666666667,123.65324595138888,44.141798343230356,138.93180555555554,121.08003472222222,104.15378472222223,7.008201456694769,8.032176844026012,0.06807291666666666,0.0
2439,81.3,123.49895909027778,44.82017019004939,138.9820486111111,120.86680555555556,103.9811111111111,7.001032539948721,7.982990371650185,2.0452430555555554,0.04766203703703704
2440,81.33333333333333,123.50561412152777,44.815274950149835,138.99161458333333,120.8721875,103.99180555555556,7.001721460032798,7.983087116798646,0.030885416666666665,0.0
2441,81.36666666666666,123.08638594791667,45.02943027236055,138.59982638888889,120.45480902777778,103.47345486111111,7.0076979268811375,7.984563974285209,1.835318287037037,0.036180555555555556
2442,81.4,123.13379222569444,45.005228731791185,138.6767361111111,120.4903125,103.55189236111111,7.006903119255546,7.984925284481299,0.10632523148148149,0.0
2443,81.43333333333334,123.21149509027778,44.249155188838074,139.00098958333334,120.53458333333333,103.23477430555556,6.945780384451298,7.021484936176686,1.0681192129629629,0.014716435185185185
2444,81.46666666666667,122.73837730902777,44.60498325553121,138.47319444444443,120.0820486111111,102.7187673611111,6.944066710445358,6.986456780441065,1.606533564814815,0.03274884259259259
2445,81.5,122.70903859375,44.606250180158376,138.43383680555556,120.05652777777777,102.68111111111111,6.945250500916681,7.006774415166401,0.07085648148148148,0.00015625
2446,81.53333333333333,122.5695965138889,44.64405207925359,138.2123611111111,119.92756944444444,102.679375,6.954673453264683,7.108814731257747,1.6145659722222223,0.03670717592592593
2447,81.56666666666666,122.54314643055555,44.61931686147871,138.01159722222224,119.95229166666667,102.65930555555556,6.966895388134662,7.1986662826754095,1.3855324074074074,0.03594328703703704
2448,81.6,122.57780177777778,44.64247386852345,138.0665625,119.97461805555555,102.75628472222222,6.973089720511855,7.249015661888826,0.2552083333333333,0.003408564814814815
2449,81.63333333333334,122.64119663194442,44.5577160490583,137.92532986111112,120.09430555555555,102.86460069444445,6.9848809804810035,7.351836867329016,1.3251273148148148,0.030723379629629628
2450,81.66666666666667,122.65338730902778,44.61212902271797,137.94539930555555,120.09899305555555,102.92791666666666,6.98955943325493,7.423924618541415,0.22472800925925926,0.004519675925925926
2451,81.7,122.64160419097222,44.65748081225896,137.91442708333332,120.09147569444444,102.93038194444445,6.990162786779737,7.4758630659428515,0.21588541666666666,0.004594907407407408
2452,81.73333333333333,122.95494251388888,44.56279281261241,138.14651041666667,120.42182291666667,103.31449652777778,6.978634459482437,7.53475407207976,1.2156423611111111,0.03326388888888889
2453,81.76666666666667,122.93250381597223,44.61847461140235,138.09524305555556,120.4088888888889,103.28279513888889,6.9820512686059315,7.582541377021515,0.22872685185185185,0.004484953703703704
2454,81.8,123.0898876423611,44.66294805290176,138.4248263888889,120.48777777777778,103.71067708333334,6.974112598457439,7.630812782249022,0.9937152777777778,0.010393518518518519
2455,81.83333333333333,123.04272644791666,44.6843409652926,138.33133680555557,120.45769097222222,103.63079861111112,6.972105147978982,7.63658835524261,0.19685763888888888,0.002447916666666667
2456,81.86666666666666,123.08223463541667,44.692932246278055,138.39236111111111,120.48465277777778,103.73123263888888,6.964805242798716,7.624677624809912,0.5587673611111111,0.005578703703703704
2457,81.9,122.8045552048611,44.753187759750965,137.6825173611111,120.38020833333333,103.01006944444444,6.97818532934464,7.64057870230369,0.7377546296296297,0.00014467592592592592
2458,81.93333333333334,122.8410313125,44.74380044493807,137.76980902777777,120.3957638888889,103.10414930555555,6.978109193926288,7.641793837012,0.10080439814814815,0.0
2459,81.96666666666667,122.81951838888888,44.754678647852344,137.71597222222223,120.38810763888888,103.04055555555556,6.978236945173241,7.642340613693279,0.07196180555555555,0.0
2460,82.0,122.8288037673611,44.74928090403875,137.73444444444445,120.39369791666667,103.05939236111111,6.9777298022756,7.642710749888963,0.023177083333333334,0.0
2461,82.03333333333333,122.80174806944444,44.75300753389728,137.66921875,120.38222222222223,102.99039930555556,6.977927875368401,7.642368148296318,0.06627314814814815,0.0
2462,82.06666666666666,122.82249314236113,44.7413458102008,137.71692708333333,120.3915625,103.04472222222222,6.977569809027367,7.641160913311621,0.06630208333333333,0.0
2463,82.1,122.80896525694443,44.75081430789313,137.68423611111112,120.38633680555556,103.00538194444445,6.977251575900566,7.640891012574089,0.0425,0.0
2464,82.13333333333334,122.81513333333335,44.746692860418584,137.6968576388889,120.38982638888889,103.01907986111111,6.976838995299668,7.641590343866204,0.020677083333333332,0.0
2465,82.16666666666667,122.79501765972222,44.75212138703218,137.65548611111112,120.37913194444444,102.96822916666666,6.976772740149667,7.641466087774659,0.04681712962962963,0.0
2466,82.2,122.81788448263889,44.739902956972955,137.68958333333333,120.39671875,103.01032986111112,6.974912193445077,7.637728632381291,0.11775462962962963,1.1574074074074073e-05
2467,82.23333333333333,122.80344912847222,44.74891116307474,137.66220486111112,120.38817708333333,102.975625,6.9754588510935625,7.638346505341291,0.047650462962962964,0.0
2468,82.26666666666667,122.81164157291667,44.7451544899456,137.676875,120.39359375,102.99223958333333,6.974931170980937,7.638859173856046,0.018275462962962962,0.0
2469,82.3,122.80018162847222,44.74968310354284,137.6532638888889,120.38730902777777,102.96529513888889,6.975982947676007,7.63897434276241,0.026493055555555554,0.0
2470,82.33333333333333,122.81892991319444,44.73596696359334,137.6876388888889,120.40006944444444,102.99734375,6.976159780625824,7.637680853275459,0.03839699074074074,0.0
2471,82.36666666666666,122.813058625,44.7393257849284,137.67696180555555,120.39621527777778,102.9856423611111,6.976314008073842,7.638539251842859,0.021059027777777777,0.0
2472,82.4,122.81716386458332,44.7361190721985,137.68364583333334,120.39927083333333,102.99255208333334,6.975722109635106,7.63800394011087,0.02214699074074074,0.0
2473,82.43333333333334,122.8018714861111,44.74517732086194,137.65473958333334,120.38954861111111,102.9621701388889,6.97621476845192,7.638564245131434,0.03266782407407407,0.0
2474,82.46666666666667,122.82341612847222,44.73737110166771,137.6887326388889,120.40550347222222,103.00243055555555,6.975938087247957,7.6379835650432515,0.08898148148148148,0.0
2475,82.5,122.80607605902777,44.746035525407116,137.65798611111111,120.39402777777778,102.96647569444444,6.97517441553503,7.638672781289465,0.0469849537037037,0.0
2476,82.53333333333333,122.81492201388889,44.74226430240145,137.6728298611111,120.40038194444445,102.98234375,6.975520606285266,7.6396741651677385,0.020920138888888887,0.0
2477,82.56666666666666,122.86507522916668,44.381072115447,137.8398090277778,120.43793402777777,102.81331597222223,6.9429747729159486,7.142336099866416,0.5824131944444444,0.007951388888888888
2478,82.6,122.86446096875,44.38099623391411,137.8371875,120.43819444444445,102.80994791666667,6.943110795728557,7.141618986075356,0.025208333333333333,0.0
2479,82.63333333333334,122.87685182291666,44.37432302805434,137.85807291666666,120.44706597222222,102.8321875,6.94294989470885,7.140995698375102,0.03266782407407407,0.0
2480,82.66666666666667,122.85746286458333,44.38169692746476,137.82291666666666,120.43128472222222,102.82348958333333,6.943693919024183,7.174651059343069,0.07110532407407408,0.0005613425925925926
2481,82.7,122.84597857986111,44.3956452074654,137.78635416666665,120.42366319444444,102.84758680555555,6.949859670433341,7.235018377851185,0.1348784722222222,0.003287037037037037
2482,82.73333333333333,122.82279125,44.43833845907929,137.729375,120.40842013888889,102.84520833333333,6.96082786897932,7.320179258102481,0.27598958333333334,0.0055844907407407406
2483,82.76666666666667,122.81383950694445,44.49916301704965,137.6965277777778,120.40222222222222,102.87934027777777,6.973500763102569,7.425687722893912,0.27655671296296297,0.006672453703703704
2484,82.8,122.79984375694445,44.58134782217869,137.6417013888889,120.39642361111112,102.904375,6.983984950860204,7.533825603785763,0.37613425925925925,0.00771412037037037
2485,82.83333333333333,122.79467320138887,44.68629479292078,137.60472222222222,120.39734375,102.93253472222223,6.990648228717273,7.643232468750547,0.45228587962962963,0.009479166666666667
2486,82.86666666666666,122.77950412152778,44.79179490804909,137.56616319444444,120.38512152777778,102.9570486111111,6.996556762478675,7.759796927786582,0.5130960648148148,0.009959490740740741
2487,82.9,122.76623396875,44.910422024915,137.52423611111112,120.37673611111111,102.97977430555555,7.00218878264317,7.864960770441606,0.5444039351851852,0.010005787037037037
2488,82.93333333333334,122.7563752951389,45.06343212118169,137.48921875,120.36767361111112,103.03611111111111,7.003759005663293,7.971090810986235,0.5238888888888888,0.01052662037037037
2489,82.96666666666667,122.72356787847222,45.111716679224244,137.43336805555555,120.34213541666666,102.99914930555556,7.003416442595965,8.014365524495217,0.40883680555555557,0.00828125
2490,83.0,122.76528394097222,45.14175175902635,137.49673611111112,120.37114583333333,103.10296875,7.003471417543633,8.046273303741518,0.338431712962963,0.006267361111111111
2491,83.03333333333333,122.74112350347222,45.16115059954577,137.45979166666666,120.35173611111111,103.06939236111111,7.003430636299198,8.04964000842075,0.16934027777777777,0.0019155092592592592
2492,83.06666666666666,122.71507814583333,45.17935770666479,137.42277777777778,120.33029513888889,103.03003472222223,7.0039652361029185,8.044013988849436,0.11152777777777778,0.0
2493,83.1,122.67987686458333,45.18248845259055,137.36892361111111,120.30262152777777,102.97519097222222,7.006190892892843,8.043483859666182,0.06646412037037037,0.0
2494,83.13333333333334,122.6928535173611,45.17996592399832,137.3906423611111,120.31149305555556,103.00309027777777,7.004884815101812,8.042466137208873,0.038246527777777775,0.0
2495,83.16666666666667,122.68303918402778,45.18315625968264,137.37552083333333,120.30411458333333,102.98477430555556,7.005428216656541,8.042568264334005,0.024149305555555556,0.0
2496,83.2,122.68681390625,45.17982937611915,137.38368055555554,120.30605902777778,102.99376736111111,7.005576286027833,8.042300320967573,0.01275462962962963,0.0
2497,83.23333333333333,122.66891231597224,45.178473494680944,137.35897569444444,120.29102430555555,102.9675,7.006352978781476,8.042242471884613,0.029201388888888888,0.0
2498,83.26666666666667,122.68005134027779,45.173972272571206,137.3790798611111,120.29845486111111,102.98897569444445,7.005558737962408,8.042738649771895,0.02575810185185185,0.0
2499,83.3,122.67172364930555,45.174559227199566,137.36770833333333,120.29163194444445,102.9747048611111,7.005853096067991,8.0434452043668,0.02060185185185185,0.0
2500,83.33333333333333,122.67459864583334,45.17261909145021,137.37295138888888,120.29359375,102.97965277777777,7.00605489018035,8.043952930357683,0.007361111111111111,0.0
2501,83.36666666666666,122.66217142708335,45.17027849989533,137.35621527777778,120.28302083333334,102.9615451388889,7.005937034851293,8.043615496169433,0.019537037037037037,0.0
2502,83.4,122.66456893750001,45.16871735723786,137.36001736111112,120.28489583333334,102.96498263888888,7.005848793454984,8.043529740815616,0.005144675925925926,0.0
2503,83.43333333333334,122.66330753472221,45.168917364559704,137.35786458333334,120.28401041666666,102.96262152777778,7.005630401419927,8.043674779486128,0.003628472222222222,0.0
2504,83.46666666666667,122.66424046180555,45.16857119755873,137.3595659722222,120.28461805555555,102.96451388888889,7.005714264021173,8.043763984881686,0.0033333333333333335,0.0
2505,83.5,122.6589049652778,45.167910273771334,137.35328125,120.27975694444444,102.95727430555556,7.005802775162901,8.044043688488015,0.008096064814814815,0.0
2506,83.53333333333333,145.70864030902774,35.6991831104093,154.8103125,144.46784722222222,131.19894097222223,6.5462445294330145,3.925185131494584,50.282528935185184,0.8032523148148148
2507,83.56666666666666,145.72413574305557,35.68934636207826,154.83072916666666,144.48145833333334,131.2186111111111,6.545320533193937,3.9246293176983915,0.021707175925925925,0.0
2508,83.6,145.72060515972223,35.69138225050366,154.82621527777778,144.47833333333332,131.21395833333332,6.545367507477371,3.9243616981696903,0.006655092592592593,0.0
2509,83.63333333333334,145.74487018402775,35.65773596781873,154.85748263888888,144.49989583333334,131.244375,6.544901185871787,3.926354288387511,0.25572337962962965,0.0025752314814814813
2510,83.66666666666667,145.7286993263889,35.66696739174942,154.83559027777778,144.48583333333335,131.22416666666666,6.545890357546507,3.9272828866814216,0.02558449074074074,0.0
2511,83.7,145.78557062152777,35.61423161813914,154.92984375,144.5284548611111,131.31211805555554,6.54739389320243,3.915611897992884,0.6205439814814815,0.009108796296296297
2512,83.73333333333333,145.75835243055556,35.627702363515404,154.8984375,144.50291666666666,131.28059027777778,6.5475766618028715,3.916566919754397,0.07,0.0
2513,83.76666666666667,145.7683861423611,35.57900048455598,154.91331597222222,144.5119097222222,131.28666666666666,6.548392659323781,3.90224945553347,1.0886863425925926,0.02015625
2514,83.8,145.7400460416667,35.58431713671216,154.86927083333333,144.48883680555556,131.25239583333334,6.5464902224592745,3.9026646512338514,0.06607638888888889,0.0
2515,83.83333333333333,145.72089585416666,35.47482171187014,154.93520833333332,144.43930555555556,131.28364583333334,6.553504452720846,3.9020361403374677,1.522193287037037,0.03505208333333333
2516,83.86666666666666,145.70041521180553,35.46280379859412,154.90824652777778,144.42090277777777,131.26166666666666,6.553204910864251,3.9033203509473466,0.07735532407407407,0.0
2517,83.9,145.47927743402778,35.4591080803277,154.67338541666666,144.20590277777777,131.02013888888888,6.567479366141999,3.9127789337904426,1.6858449074074073,0.040150462962962964
2518,83.93333333333334,145.44166375347223,35.45176531870357,154.6159722222222,144.1754513888889,130.96987847222223,6.5618941541461115,3.9122370319496005,0.08677083333333334,0.0
2519,83.96666666666667,145.0622368298611,35.51001193949203,154.3331076388889,143.76131944444444,130.64989583333335,6.5935865759029975,3.942819345394807,1.7553125,0.042743055555555555
2520,84.0,145.03915508333333,35.50550874696636,154.30506944444446,143.74006944444446,130.62326388888889,6.59146248404626,3.9439457392645147,0.07627893518518518,0.0
2521,84.03333333333333,144.6318820347222,35.57619915314115,153.89796875,143.33803819444444,130.16355902777778,6.6172557810912105,4.029465007416196,2.305202546296296,0.05168402777777778
2522,84.06666666666666,144.56567542013886,35.61632960170139,153.79496527777778,143.285,130.07526041666668,6.614472330762128,4.0287444704868705,0.12738425925925925,0.0
2523,84.1,144.04089446875,35.616039946490964,153.33475694444445,142.74571180555554,129.5040451388889,6.650654789195251,4.151266653211584,3.3964756944444443,0.07361111111111111
2524,84.13333333333334,144.02833684027777,35.6142998517441,153.30583333333334,142.73862847222222,129.4854513888889,6.652255008947598,4.150749692815265,0.08440393518518519,0.0
2525,84.16666666666667,143.62157738541666,35.91117693648127,152.89442708333334,142.34046875,129.0071875,6.665612171627467,4.272977180436492,4.1042303240740745,0.08523148148148148
2526,84.2,143.58641036805554,35.91407440575883,152.81840277777778,142.31932291666666,128.9534375,6.664950312719842,4.271714787243461,0.08936921296296296,0.0
2527,84.23333333333333,142.97447028819445,35.10157806729153,152.35315972222222,141.69104166666668,128.07140625,6.6383803190598245,3.6163555488562906,5.189293981481481,0.10174768518518519
2528,84.26666666666667,142.94475859722223,35.122089194623946,152.30809027777778,141.66677083333335,128.03302083333332,6.639055529564293,3.6517449225154643,0.12704282407407408,0.0005266203703703703
2529,84.3,142.64287805208332,35.60305780464427,151.98885416666667,141.37168402777777,127.71494791666667,6.71465944124445,3.8803811962380497,4.1245717592592595,0.08729166666666667
2530,84.33333333333333,142.64482483333333,35.65813582219916,151.97869791666668,141.37616319444444,127.72744791666666,6.723180353556174,3.9681095189895,0.2119849537037037,0.005717592592592593
2531,84.36666666666666,142.31684725347222,36.18654476904449,151.66479166666667,141.03993055555554,127.43980902777778,6.777249027955496,4.258012957243524,4.702858796296296,0.09365162037037036
2532,84.4,142.33405987152778,36.29670279592842,151.6748611111111,141.05539930555557,127.49532986111112,6.787373636104096,4.36669256144692,0.4203530092592593,0.009230324074074075
2533,84.43333333333334,142.32543487152776,36.4531286288439,151.64569444444444,141.05133680555556,127.50199652777778,6.797146938093187,4.49933968549697,0.5365509259259259,0.010763888888888889
2534,84.46666666666667,142.01566201736108,37.14133588445886,151.3817361111111,140.7295138888889,127.17668402777778,6.876820715720446,4.774731958212081,4.642702546296296,0.09138310185185185
2535,84.5,142.08714750694443,37.37195388492504,151.4726736111111,140.78791666666666,127.32048611111111,6.883569175378918,4.938145808277218,0.7763483796296297,0.011944444444444445
2536,84.53333333333333,141.79569221527777,37.981208433100456,151.2185763888889,140.49541666666667,126.929375,6.9288112039859655,5.148084779103037,4.421921296296296,0.09348958333333333
2537,84.56666666666666,141.84508853819443,38.09191409982904,151.30423611111112,140.52897569444445,127.02887152777778,6.933233999767233,5.218747822882431,0.6023842592592593,0.009947916666666667
2538,84.6,142.07522879166663,38.21987434943201,151.54270833333334,140.75309027777777,127.29416666666667,6.886368326375515,5.358511371231336,5.282222222222222,0.11792824074074074
2539,84.63333333333334,142.10747632638888,38.219218998316606,151.58395833333333,140.7814409722222,127.33850694444445,6.88496270859712,5.37715998691281,0.2008275462962963,0.002806712962962963
2540,84.66666666666667,142.50491303819445,38.55459114337384,151.86621527777777,141.21640625,127.70335069444444,6.846847705694655,5.508739420057223,4.427748842592592,0.09336226851851852
2541,84.7,142.55914594444442,38.538192048890465,151.93854166666668,141.2625,127.78493055555556,6.845845357933236,5.510647139326952,0.09530092592592593,0.0
2542,84.73333333333333,142.74151953472222,39.218346216639695,152.13055555555556,141.43071180555555,128.0792013888889,6.8564567849364835,5.685533610904362,3.9578645833333335,0.0881076388888889
2543,84.76666666666667,142.75560130555556,39.211020357397835,152.14803819444444,141.44324652777777,128.09859375,6.854695299322343,5.68623567310555,0.045231481481481484,0.0
2544,84.8,143.47630147916666,38.67259051515376,152.78223958333334,142.18411458333333,128.87421875,6.775677151449759,5.666362012826564,4.054756944444445,0.09548032407407407
2545,84.83333333333333,143.5370243298611,38.65507161327237,152.86284722222223,142.23647569444444,128.95921875,6.7719053009067895,5.6649762209749195,0.10279513888888889,0.0
2546,84.86666666666666,144.28524715625,37.83431195919233,153.5481423611111,142.9990625,129.75045138888888,6.67121028312578,5.528883066530868,3.90541087962963,0.09506365740740741
2547,84.9,144.31647111458332,37.83722777261147,153.5811111111111,143.02944444444444,129.78487847222223,6.667962189195555,5.528695894557693,0.05545138888888889,0.0
2548,84.93333333333334,145.10375754166665,37.37740419139104,154.16727430555557,143.87222222222223,130.6147048611111,6.641729457343777,5.533392077963341,2.82078125,0.062060185185185184
2549,84.96666666666667,145.1694089861111,37.3824822148286,154.24692708333333,143.93086805555555,130.70852430555556,6.640491461295857,5.532353172273082,0.10438657407407408,0.0
2550,85.0,146.54900828125,36.240084049401645,155.45538194444444,145.34996527777778,132.20081597222222,6.602325380280728,5.5443937476667795,3.35427662037037,0.08019097222222223
2551,85.03333333333333,146.58859623263888,36.24299269550426,155.49744791666666,145.38777777777779,132.25069444444443,6.601437759100119,5.544584882895123,0.07729166666666666,0.0
2552,85.06666666666666,148.0554361458333,34.71368098868948,156.68727430555555,146.92600694444445,133.82605902777777,6.530471274310532,5.477567449960741,3.3875983796296296,0.07851851851851852
2553,85.1,148.12052152083334,34.70365629842878,156.7656597222222,146.98421875,133.92006944444444,6.527965346028558,5.475149485976603,0.10576967592592593,0.0
2554,85.13333333333334,149.2619840972222,33.55225925972743,157.5479513888889,148.21024305555557,135.28149305555556,6.476120986392959,5.464492702523696,2.9391724537037036,0.06135416666666667
2555,85.16666666666667,149.29616542361114,33.54626592891269,157.58383680555556,148.2434548611111,135.32026041666666,6.474627405675011,5.466247584960932,0.07241319444444444,0.0
2556,85.2,149.96594885763886,32.996262352540576,157.84315972222223,149.01194444444445,136.22092013888889,6.4312521059251635,5.405854100061976,2.394548611111111,0.043854166666666666
2557,85.23333333333333,150.01100744791665,32.987678374020966,157.90065972222223,149.05166666666668,136.2822048611111,6.430198420557585,5.403667108764635,0.06201388888888889,0.0
2558,85.26666666666667,150.00533833680558,32.99455064501516,157.89241319444446,149.0470659722222,136.27354166666666,6.430031804426772,5.403742153463697,0.01820023148148148,0.0
2559,85.3,150.89302985763888,32.0070230145071,158.44477430555557,150.0157986111111,137.34586805555554,6.383303671005634,5.355921053436746,1.4144270833333332,0.028616898148148148
2560,85.33333333333333,150.87330736458333,32.01658142873572,158.41175347222222,150.00098958333334,137.31663194444445,6.383111234210678,5.355636151858841,0.04810763888888889,0.0
2561,85.36666666666666,151.44658856944446,31.299065721487864,158.80197916666665,150.61578125,138.01774305555554,6.352879305874362,5.281526960214503,0.7513599537037037,0.014074074074074074
2562,85.4,151.43545375347222,31.308056356532376,158.78704861111112,150.60616319444443,138.00276041666666,6.352243170552644,5.2824072408089275,0.025931712962962962,0.0
2563,85.43333333333334,151.58823717013888,31.129839444053196,158.87899305555555,150.77288194444444,138.19664930555555,6.343863736421744,5.241439202926735,0.2638946759259259,0.005358796296296296
2564,85.46666666666667,151.55587421875,31.131535781092023,158.83947916666668,150.74352430555555,138.15557291666667,6.343579683590217,5.241682858579413,0.04401041666666667,0.0
2565,85.5,151.598709875,31.104985932541222,158.85887152777778,150.790625,138.2251909722222,6.340633682667116,5.233908731066078,0.27001157407407406,0.004091435185185185
2566,85.53333333333333,151.57638457291665,31.115482897651457,158.82994791666667,150.77072916666665,138.19822916666666,6.342288580339327,5.23667615567153,0.04467013888888889,0.0
2567,85.56666666666666,151.56340753472222,31.126354997276472,158.82137152777779,150.7565798611111,138.18390625,6.343000475930895,5.243358010390702,0.17335648148148147,0.003628472222222222
2568,85.6,151.53311265277776,31.134121213553932,158.78553819444446,150.72876736111112,138.14532986111112,6.343803516001329,5.243304779571261,0.040729166666666664,0.0
2569,85.63333333333334,151.66427647916666,31.147739636468376,158.91413194444445,150.84144097222222,138.46722222222223,6.344128870867184,5.240373047742279,0.4854861111111111,0.003778935185185185
2570,85.66666666666667,151.59824448263888,31.158429562755604,158.68673611111112,150.8318402777778,138.31734375,6.340939148433101,5.248434209243513,0.2021990740740741,0.0
2571,85.7,151.62416711805557,31.162872058236434,158.69552083333335,150.86286458333333,138.34319444444444,6.3391822971227,5.239306273841162,0.21173611111111112,0.00296875
2572,85.73333333333333,151.54863132291666,31.140226381467812,158.16980902777777,150.9387847222222,138.09295138888888,6.327909155326346,5.244706274845107,0.3536111111111111,0.0
2573,85.76666666666667,151.6113496388889,31.16773265008487,158.25819444444446,150.98657986111112,138.22791666666666,6.330667641730934,5.24349156950878,0.449375,0.0034664351851851852
2574,85.8,151.5926633576389,31.16780573465006,158.21277777777777,150.97838541666667,138.18401041666667,6.330234647815804,5.242625553441854,0.05911458333333333,0.0
2575,85.83333333333333,151.682557875,31.296109579754866,158.29453125,151.07086805555556,138.27223958333335,6.334862493783259,5.259586178436381,0.559849537037037,0.012152777777777778
2576,85.86666666666666,151.6448622013889,31.291570715570828,158.15041666666667,151.0702951388889,138.18017361111112,6.3302069327931925,5.255461520704541,0.12344328703703704,0.0
2577,85.9,151.7671043888889,31.455261664024977,158.298125,151.1771701388889,138.37965277777778,6.349313498358279,5.27090883914212,0.9324421296296296,0.02066550925925926
2578,85.93333333333334,151.74738562500002,31.46349047083282,158.2715625,151.16022569444445,138.35260416666668,6.35061744881176,5.271809758114398,0.04273148148148148,0.0
2579,85.96666666666667,151.73918678472225,31.537251732248198,158.25605902777778,151.15402777777777,138.34609375,6.363639884247239,5.327090926448676,1.1976793981481482,0.02505787037037037
2580,86.0,151.68739247222223,31.5388178313557,158.14793402777778,151.12116319444445,138.27265625,6.362480313912218,5.325772937899755,0.10377893518518519,0.0
2581,86.03333333333333,151.34260125347222,31.822205324749394,157.85140625,150.76137152777778,137.93434027777778,6.394189014358366,5.390547601387722,2.093327546296296,0.04535879629629629
2582,86.06666666666666,151.33323879166667,31.830933080783673,157.83359375,150.75640625,137.90630208333334,6.394213610528894,5.39354742096485,0.06326967592592593,0.0
2583,86.1,151.34234012152777,31.829433687689832,157.85227430555557,150.76239583333333,137.91802083333334,6.396122223015559,5.3981284284061,0.04707175925925926,0.0
2584,86.13333333333334,151.23646492708332,32.12777068845052,157.79243055555557,150.65078125,137.7334548611111,6.428388463068233,5.486451508292324,2.747077546296296,0.06858796296296296
2585,86.16666666666667,151.27545779166667,32.12720793399805,157.89440972222224,150.66842013888888,137.79850694444445,6.428503548166833,5.492888368978019,0.12035300925925926,0.0
2586,86.2,151.08932718749998,31.56002498821696,157.92522569444444,150.45453125,137.24852430555555,6.3925554511294465,4.593081891729007,4.367523148148148,0.10074074074074074
2587,86.23333333333333,151.10516803124997,31.56909306231691,157.95930555555555,150.46534722222222,137.2604340277778,6.392736938094752,4.595677757911055,0.07047453703703704,0.0
2588,86.26666666666667,149.95855141666667,32.549838478538796,156.90145833333332,149.3152951388889,135.88645833333334,6.475743672056886,4.826539752981558,4.276087962962963,0.1077199074074074
2589,86.3,150.02379619444443,32.53651113465922,157.01116319444444,149.36519097222222,135.9728298611111,6.475635193615626,4.8302450688619,0.14418981481481483,0.0
2590,86.33333333333333,149.94787436805555,33.520211969524524,157.14213541666666,149.23159722222223,135.85897569444444,6.507509250487461,5.0136908751610205,5.384079861111111,0.13982638888888888
2591,86.36666666666666,149.97404653125,33.524533227194034,157.17690972222223,149.25487847222223,135.88845486111111,6.507854053514372,5.0171583140777365,0.0660300925925926,0.0
2592,86.4,149.45245385069444,34.83006109488301,156.85614583333333,148.6977951388889,135.12706597222223,6.543237364866645,5.301957960757644,6.542037037037037,0.16813657407407406
2593,86.43333333333334,149.44022966319443,34.8403003249084,156.85647569444444,148.6810590277778,135.12256944444445,6.543377992721048,5.3009405567042265,0.06364583333333333,0.0
2594,86.46666666666667,148.85831336805555,36.04612401709483,156.53796875,148.0353125,134.39730902777777,6.566344548689967,5.6442302009171375,7.109837962962963,0.17221643518518517
2595,86.5,148.87131068402778,36.06733016449262,156.55434027777778,148.04484375,134.4347048611111,6.567344366296662,5.7043319033926725,0.19493055555555555,0.004108796296296296
2596,86.53333333333333,147.81017693055554,37.399038861407696,155.7151736111111,146.91715277777777,133.37927083333332,6.6017093469992485,5.94542907223178,8.894872685185184,0.1875462962962963
2597,86.56666666666666,147.84578092708333,37.46383801704725,155.74902777777777,146.9515625,133.43185763888889,6.610561233279441,6.073127713459483,0.41421875,0.0084375
2598,86.6,146.48078065277775,39.3443897710043,154.56802083333332,145.53680555555556,132.0179513888889,6.647926844682134,6.600434663372431,9.095769675925926,0.18454282407407407
2599,86.63333333333334,146.5919810590278,39.458846884211994,154.67340277777777,145.6471875,132.15439236111112,6.662710057820976,6.747956592130732,0.6877951388888889,0.011446759259259259
2600,86.66666666666667,145.7239845347222,40.65474536994617,153.84756944444445,144.78340277777778,131.12052083333333,6.696521794155627,7.183094938221673,10.06470486111111,0.1637384259259259
2601,86.7,145.81468084027776,40.83251248884238,153.94958333333332,144.86605902777777,131.25753472222223,6.700767056748606,7.296720727800302,1.203732638888889,0.012407407407407407
2602,86.73333333333333,144.72157847222223,41.72016632675578,152.88246527777778,143.75725694444444,130.2434375,6.749187429991645,7.660549592148731,8.37083912037037,0.12935763888888888
2603,86.76666666666667,144.8286185034722,41.832720880873296,152.97222222222223,143.8678125,130.36654513888888,6.748431005745889,7.7427272980704025,0.700931712962963,0.010972222222222222
2604,86.8,144.43124364583335,41.982025969101684,152.59204861111112,143.46144097222222,130.0076388888889,6.763759727032792,7.9091266119032015,4.529791666666667,0.09082175925925925
2605,86.83333333333333,144.39397327777777,41.96823016429526,152.53286458333332,143.43647569444445,129.91300347222221,6.759847253767655,7.916835493416028,0.2226736111111111,0.0035011574074074073
2606,86.86666666666666,144.2473300173611,41.84081477295945,152.37875,143.28982638888888,129.78842013888888,6.739306950368043,7.89253941228165,2.1910648148148146,0.04089699074074074
2607,86.9,144.25916508680555,41.84196659209711,152.39583333333334,143.29861111111111,129.8150173611111,6.739277006734254,7.891629928096462,0.023414351851851853,0.0
2608,86.93333333333334,144.24692718402775,41.840252394546695,152.37833333333333,143.28921875,129.79008680555555,6.739293832619126,7.8912522093411726,0.025017361111111112,0.0
2609,86.96666666666667,144.30164525,41.17952761654883,152.4871701388889,143.3265451388889,129.85772569444444,6.714069034745183,7.882837714966318,2.5170891203703705,0.05811921296296296
2610,87.0,144.29671123958335,41.159021814773155,152.46944444444443,143.32762152777778,129.8309201388889,6.713211123695292,7.881987061621075,0.0822974537037037,0.0
2611,87.03333333333333,144.19277765972222,40.58302662979637,152.49112847222221,143.1809548611111,129.78039930555556,6.719889042374781,7.7851643530749115,2.6631655092592594,0.05505787037037037
2612,87.06666666666666,144.17227062847223,40.57705611253686,152.468125,143.16189236111111,129.75293402777777,6.72041015695257,7.784755280718473,0.04815393518518519,0.0
2613,87.1,144.10649321875,39.97211619212717,152.44189236111112,143.09034722222222,129.62784722222221,6.734934903236768,7.725968246435044,2.8509201388888887,0.06800925925925926
2614,87.13333333333334,144.04367277777777,39.95711480861649,152.36333333333334,143.0359375,129.52805555555557,6.735317064761002,7.726341361401653,0.10205439814814815,0.0
2615,87.16666666666667,144.55365790624998,39.23617589734415,152.7929340277778,143.57569444444445,129.97982638888888,6.744195932311195,7.5482494714914266,4.388640046296296,0.10175347222222222
2616,87.2,144.5043869826389,39.22507517873536,152.73034722222224,143.5327951388889,129.90664930555556,6.74454131723575,7.55066669205601,0.08695023148148148,0.0
2617,87.23333333333333,144.36301059375,39.1004573849966,152.6484201388889,143.37118055555555,129.79069444444445,6.740697707067955,7.605123450152409,2.432806712962963,0.05561342592592593
2618,87.26666666666667,144.33300857986112,39.09078105538331,152.6067361111111,143.346875,129.73866319444446,6.741366976658539,7.603081414120131,0.10625,0.0
2619,87.3,144.26859357291667,38.88680099862716,152.56442708333333,143.28130208333334,129.620625,6.732817717527656,7.456364812514837,2.2721122685185184,0.052355324074074075
2620,87.33333333333333,144.22703020486108,38.87510242926482,152.50489583333334,143.24859375,129.5442534722222,6.732899551829122,7.453873499515478,0.09645833333333333,0.0
2621,87.36666666666666,144.23258965972224,38.91963353342215,152.61253472222222,143.21914930555556,129.59597222222223,6.732066591436761,7.375295821473255,2.0906539351851854,0.04821759259259259
2622,87.4,144.19565522569445,38.90644280364098,152.57274305555555,143.18369791666666,129.55276041666667,6.7336253795760435,7.3738700421317285,0.08641782407407407,0.0
2623,87.43333333333334,143.87675560069442,39.05869690132011,152.33534722222223,142.85015625,129.13890625,6.740741525611297,7.369325375434902,2.2873032407407408,0.053246527777777775
2624,87.46666666666667,143.8294335798611,39.05077499741778,152.2746527777778,142.8085763888889,129.0740798611111,6.74546981714003,7.368302724384935,0.0841261574074074,0.0
2625,87.5,143.56046619791667,39.13978879081439,152.1071875,142.51442708333335,128.75567708333332,6.756815340352987,7.334341194657638,2.3434085648148146,0.057876157407407404
2626,87.53333333333333,143.53550297222222,39.135863162237044,152.07838541666666,142.4912326388889,128.72449652777777,6.758669365822753,7.331067660210758,0.05229745370370371,0.0
2627,87.56666666666666,143.21316740277777,39.31254393038978,151.81979166666667,142.16041666666666,128.29847222222222,6.773087772887406,7.296146824863448,2.1331886574074073,0.05368634259259259
2628,87.6,143.17935807291667,39.31351640191562,151.77513888888888,142.13166666666666,128.24647569444446,6.77355203613958,7.294735743023083,0.06358217592592592,0.0
2629,87.63333333333334,143.22918308680556,39.36206470548364,151.9790451388889,142.11760416666667,128.4754513888889,6.784539544614704,7.312779756422708,1.9906134259259258,0.03796875
2630,87.66666666666667,143.20169035069443,39.36054065163469,151.93635416666666,142.09612847222223,128.43310763888888,6.784972917497273,7.310612991368,0.07008680555555556,0.0
2631,87.7,143.17972433333333,39.36461519256011,151.816875,142.11758680555556,128.268125,6.7862582177544635,7.279347024308414,2.5282696759259258,0.060480324074074075
2632,87.73333333333333,143.09670803125,39.342368395923785,151.5726388888889,142.09352430555555,128.07585069444445,6.779398723092646,7.289329538714538,0.21182291666666667,0.0
2633,87.76666666666667,143.13632545833335,39.345672678888384,151.64692708333334,142.11892361111111,128.15421875,6.780247616166119,7.287021869611156,0.08717592592592592,0.0
2634,87.8,143.10835578819442,39.3649728517356,151.6448263888889,142.08085069444445,128.15015625,6.779692073220859,7.283921270079551,2.248611111111111,0.05564814814814815
2635,87.83333333333333,143.11869235069443,39.35847973718412,151.65612847222224,142.09072916666668,128.1621875,6.779730608225675,7.2841157778529375,0.027725694444444445,0.0
2636,87.86666666666666,143.02113486458333,39.41599869778214,151.5025347222222,142.01661458333334,127.99741319444445,6.780937067767148,7.281451759705998,0.7172627314814815,0.007847222222222222
2637,87.9,143.074649625,39.39684261223112,151.5795486111111,142.06012152777777,128.08086805555556,6.780203298409648,7.281127413304203,0.10839699074074075,0.0
2638,87.93333333333334,143.05943791319444,39.40031442542876,151.55598958333334,142.04866319444446,128.05305555555555,6.779566465036542,7.283215178802326,0.19302662037037038,0.002170138888888889
2639,87.96666666666667,143.07228581597224,39.39485771734939,151.57192708333332,142.06032986111111,128.06850694444444,6.779785333773756,7.284119124268596,0.03667824074074074,0.0
2640,88.0,143.01757731249998,39.42114192027861,151.49246527777777,142.01574652777776,127.98638888888888,6.779154552159732,7.295145721133265,0.31072337962962965,0.0021122685185185185
2641,88.03333333333333,143.0586854722222,39.396580506551814,151.5535763888889,142.0481076388889,128.05524305555556,6.779071531645333,7.290696775585511,0.07622685185185185,0.0
2642,88.06666666666666,143.04278737152777,39.40620187971177,151.54178819444445,142.03149305555556,128.03434027777777,6.780656790563343,7.294367004899577,0.15239583333333334,0.002309027777777778
2643,88.1,143.0503427326389,39.40234916336447,151.5509548611111,142.03835069444443,128.0440625,6.780333526251944,7.2945266739959065,0.02203125,0.0
2644,88.13333333333334,143.01000022222223,39.4273253071235,151.49703125,142.004375,127.98064236111111,6.781086321862403,7.30291592296496,0.19175925925925927,0.002662037037037037
2645,88.16666666666667,143.0468239513889,39.41336779652414,151.55784722222222,142.0313888888889,128.04399305555555,6.7812071522726365,7.299704264822419,0.0874074074074074,0.0
2646,88.2,142.96902744444444,39.43964772113874,151.50454861111112,141.94786458333334,127.95079861111111,6.783915814819059,7.297703970999121,0.6871354166666667,0.012841435185185185
2647,88.23333333333333,142.98929860416666,38.1049330119654,151.60876736111112,141.96213541666665,127.78331597222223,6.704386336028534,6.03993258603116,1.3577662037037037,0.018773148148148146
2648,88.26666666666667,142.782471,38.042957888856044,151.43836805555554,141.74932291666667,127.52850694444444,6.709125663396883,5.976350549632814,1.7096064814814815,0.04527199074074074
2649,88.3,142.80086187499998,38.036206038783085,151.4713888888889,141.76161458333334,127.56423611111111,6.709749027583866,5.974984076020754,0.05362268518518518,0.0
2650,88.33333333333333,142.5651027638889,37.98942326608292,151.36550347222223,141.49114583333332,127.28987847222223,6.723904409443999,5.900038995722005,2.509658564814815,0.0665625
2651,88.36666666666666,142.57607285069443,37.98609001524605,151.37975694444444,141.5014236111111,127.29803819444444,6.723110502191098,5.900235963284599,0.03087384259259259,0.0
2652,88.4,142.08994092708335,38.20236941129521,151.08192708333334,140.9736111111111,126.6703125,6.741148847694426,5.829993116394391,2.981574074074074,0.08008680555555556
2653,88.43333333333334,142.12164272916667,38.20193967913355,151.1170486111111,141.00305555555556,126.71430555555555,6.738187513401732,5.829640000774091,0.056475694444444446,0.0
2654,88.46666666666667,142.00464331249998,38.12371675964139,151.23710069444445,140.83368055555556,126.41810763888888,6.750309350977045,5.7785408176088815,3.3121180555555556,0.08873842592592593
2655,88.5,142.01819332291666,38.166389125687125,151.24921875,140.8451736111111,126.45625,6.758179290379843,5.907764830217996,0.23157986111111112,0.006753472222222222
2656,88.53333333333333,142.44432993402776,37.576298721693995,151.78506944444445,141.24722222222223,126.79793402777777,6.761511506658664,6.003715638557239,3.5067939814814815,0.09630787037037038
2657,88.56666666666666,142.4465635798611,37.73002693576459,151.7684548611111,141.25184027777777,126.8320486111111,6.784617043643062,6.205597119314898,0.6285995370370371,0.014623842592592593
2658,88.6,142.45295151041665,37.934384391300036,151.76090277777777,141.25956597222222,126.86623263888889,6.802396873642763,6.411651895447443,0.8032349537037037,0.01650462962962963
2659,88.63333333333334,143.09389129861108,37.40798536422141,152.39269097222223,141.89909722222222,127.54807291666667,6.798154582531968,6.662487679583107,3.7524189814814815,0.09797453703703704
2660,88.66666666666667,143.10329086111108,37.70262265139606,152.38458333333332,141.9099826388889,127.59430555555555,6.807457138618937,6.896092498613568,1.2354340277777778,0.02150462962962963
2661,88.7,143.3177361736111,37.85338815660691,152.54630208333333,142.13319444444446,127.87717013888889,6.81307312711083,7.170234048813239,3.232297453703704,0.07305555555555555
2662,88.73333333333333,143.32493001041667,38.154683880829104,152.53739583333333,142.14246527777777,127.91119791666667,6.8231168507262625,7.349658709535637,1.441707175925926,0.022123842592592594
2663,88.76666666666667,143.4484641701389,38.33874478907923,152.6331076388889,142.26541666666665,128.12243055555555,6.8270802819055945,7.455808250827845,2.834363425925926,0.05604166666666666
2664,88.8,143.44884975694444,38.43711961288169,152.6170486111111,142.27069444444444,128.12277777777777,6.825977052003979,7.544426710762508,0.957042824074074,0.017881944444444443
2665,88.83333333333333,142.3791896284722,39.09548986781949,151.45907986111112,141.22255208333334,127.1,6.8596751075427695,7.66982681522288,5.109548611111111,0.11679398148148148
2666,88.86666666666666,142.36198752083334,39.09555366381433,151.41565972222222,141.2150173611111,127.06423611111111,6.8586827960685195,7.669751590583765,0.05919560185185185,0.0
2667,88.9,142.30499352430556,39.11536776807432,151.41751736111112,141.13722222222222,127.04,6.861789983621293,7.639595316259176,3.9709375,0.09351851851851851
2668,88.93333333333334,142.2871948159722,39.11916327009676,151.39942708333334,141.11975694444445,127.01975694444444,6.861953590113534,7.640110436794256,0.033136574074074075,1.736111111111111e-05
2669,88.96666666666667,142.09731099305554,39.28530760068942,151.24145833333333,140.93125,126.72225694444444,6.867243093347128,7.6018195321089195,4.3233043981481485,0.10219907407407407
2670,89.0,142.0687531458333,39.28529002224388,151.20425347222223,140.90612847222224,126.68512152777778,6.866754207213447,7.602033457794205,0.043813657407407405,0.0
2671,89.03333333333333,141.7865860486111,39.45119991618676,151.09125,140.57340277777777,126.40565972222223,6.87647666924155,7.545291591847365,4.6624131944444445,0.11228587962962963
2672,89.06666666666666,141.7576955659722,39.45613524352564,151.05821180555554,140.54626736111112,126.37159722222222,6.87706067142123,7.548075298568788,0.04912037037037037,0.0
2673,89.1,141.38642716666666,39.90372961483325,150.7906076388889,140.1534375,125.90866319444444,6.886294383387798,7.505459897781636,5.164513888888889,0.1281539351851852
2674,89.13333333333334,141.3499031875,39.905137344971024,150.7410763888889,140.12178819444443,125.86215277777778,6.886439348485371,7.506755890794868,0.05896412037037037,0.0
2675,89.16666666666667,140.78566333333333,40.51284570964115,150.40677083333333,139.4884722222222,125.30510416666667,6.906405266606477,7.416476211901085,5.647170138888889,0.14333333333333334
2676,89.2,140.75726027777776,40.514408315274714,150.37612847222223,139.46105902777776,125.27348958333333,6.907236882754979,7.417417184722879,0.04289930555555556,0.0
2677,89.23333333333333,140.26128412847223,40.90376824667607,149.83993055555555,138.97881944444444,124.75987847222223,6.921718105572191,7.359813880444421,6.1289699074074075,0.1577025462962963
2678,89.26666666666667,140.22989678472223,40.907037568701334,149.80083333333334,138.95081597222222,124.71767361111111,6.9228860627755004,7.360228606942693,0.04680555555555556,0.0
2679,89.3,139.81980702430553,41.01349005817342,149.483125,138.50322916666667,124.40699652777778,6.945843598227318,7.336464848723825,6.623888888888889,0.17105324074074074
2680,89.33333333333333,139.79912794444442,41.011546990683016,149.45916666666668,138.48385416666667,124.38305555555556,6.946737932348725,7.335462092003398,0.041394675925925925,0.0
2681,89.36666666666666,139.41635610069443,41.19052916131303,148.9960763888889,138.12329861111112,124.01671875,6.953410812387335,7.336167126149766,6.844635416666667,0.1787615740740741
2682,89.4,139.38127039583333,41.18691652705068,148.9490625,138.09303819444443,123.96895833333333,6.9535355526325215,7.335878749610826,0.060821759259259256,0.0
2683,89.43333333333334,139.38628185416667,41.18659201410228,148.9896875,138.0849826388889,123.99854166666667,6.954954310571585,7.336265381336968,0.08706018518518518,0.0
2684,89.46666666666667,138.74822851041665,41.43318986570551,148.38664930555555,137.42397569444444,123.48475694444444,6.978350012598929,7.477182555309524,7.397251157407408,0.18987268518518519
2685,89.5,138.75325928125,41.42352646627144,148.40223958333334,137.42522569444444,123.49614583333333,6.979346957489259,7.479123077039175,0.06842592592592593,0.0
2686,89.53333333333333,138.21189659027775,41.68528503510266,147.80699652777778,136.89710069444445,122.98230902777777,6.997894104617813,7.530009129975467,7.070410879629629,0.17652199074074074
2687,89.56666666666666,138.23831052777777,41.67254012996875,147.85586805555556,136.91432291666666,123.03364583333334,6.998705434205363,7.527233347611153,0.10054398148148148,5.787037037037037e-06
2688,89.6,138.2421152534722,41.56288269223223,147.93635416666666,136.89161458333334,123.07428819444445,7.002838037852716,7.572913223467701,6.3574016203703705,0.15854166666666666
2689,89.63333333333334,138.26586817013887,41.5571411056174,147.96447916666668,136.91383680555555,123.1003298611111,7.002455006240673,7.57290861291408,0.05336805555555556,0.0
2690,89.66666666666667,137.91540388541665,42.01505024612489,147.61630208333332,136.56836805555557,122.69364583333333,7.010372528606818,7.767632773629426,5.854982638888889,0.13424189814814816
2691,89.7,138.02056635416665,42.011026550493575,147.97868055555554,136.5690451388889,123.07642361111111,7.017648158509509,7.762085926367801,0.3579513888888889,0.0
2692,89.73333333333333,138.08197401388887,42.14798982717005,148.05133680555556,136.62694444444443,123.13946180555556,7.016691149439602,7.879969351861783,4.1891493055555555,0.09751157407407407
2693,89.76666666666667,138.124223,42.136714068676994,148.10753472222223,136.66364583333333,123.19559027777778,7.0162531853140315,7.880842103816045,0.09099537037037037,0.0
2694,89.8,137.91306484027777,42.31086477877256,147.58616319444445,136.57006944444444,122.7331423611111,7.016784351964018,7.960902323409883,2.6543171296296295,0.05237847222222222
2695,89.83333333333333,137.95894178819444,42.3021141184888,147.66371527777778,136.6028125,122.81585069444445,7.01624932511136,7.958863476655156,0.09983217592592593,0.0
2696,89.86666666666666,138.02591692013888,42.20983952257474,147.7227951388889,136.66434027777777,122.96003472222222,7.015076954617543,7.919115044486231,2.4338888888888888,0.05707175925925926
2697,89.9,138.05132777430555,42.205944347277544,147.74973958333334,136.68897569444445,122.98861111111111,7.014673648847898,7.92020184363197,0.040769675925925924,0.0
2698,89.93333333333334,137.9823849722222,42.18337017313778,147.54036458333334,136.66180555555556,122.91939236111111,7.015211627171846,7.9234625881254015,3.5980902777777777,0.08708333333333333
2699,89.96666666666667,138.01886271875,42.17656634355543,147.60114583333333,136.68902777777777,122.97598958333333,7.014765170141051,7.924172264024371,0.07427662037037037,0.0
2700,90.0,138.1616998125,41.99517073281011,147.7162847222222,136.83067708333334,123.21215277777777,7.012965174603462,7.937049150492232,4.318726851851852,0.1150925925925926
2701,90.03333333333333,138.184887375,41.99450532144601,147.74121527777777,136.853125,123.23753472222222,7.012098748427215,7.9387553958264006,0.04697337962962963,3.472222222222222e-05
2702,90.06666666666666,138.05884051041664,42.082487028307455,147.48756944444443,136.76364583333333,123.1249826388889,7.0177059273526226,7.956422285110909,4.241359953703704,0.11259259259259259
2703,90.1,138.1093207847222,42.0715335905975,147.56336805555554,136.80434027777778,123.19784722222222,7.016289606534965,7.956405262173726,0.09154513888888889,0.0
2704,90.13333333333334,138.0733386423611,42.006199302437004,147.47788194444445,136.77517361111111,123.24012152777777,7.021912781788349,7.992261460323592,3.6960474537037036,0.10026041666666667
2705,90.16666666666667,138.1093223298611,42.00588659716167,147.51921875,136.80925347222222,123.2792013888889,7.020330548360604,7.993305295899906,0.06795717592592593,0.0
2706,90.2,138.07087154513889,42.022695143843684,147.3970486111111,136.79916666666668,123.20630208333333,7.02298831248234,8.07029553307407,2.7019502314814816,0.0627199074074074
2707,90.23333333333333,138.10140574999997,42.015461899760965,147.44348958333333,136.82333333333332,123.25307291666667,7.022047252323372,8.067886968842611,0.05859375,0.0
2708,90.26666666666667,138.09195488541667,42.02297946610624,147.43277777777777,136.81428819444446,123.24331597222222,7.022465974193056,8.069107452815697,0.02502314814814815,0.0
2709,90.3,138.20894227083332,41.91040623703153,147.53097222222223,136.93428819444443,123.38579861111111,7.020383641506209,8.078757408687627,2.3953645833333335,0.060856481481481484
2710,90.33333333333333,138.18920955555555,41.91982183533221,147.49616319444445,136.92019097222223,123.35463541666667,7.020128061140938,8.078411908370452,0.051550925925925924,0.0
2711,90.36666666666666,138.28084632986108,41.92745344173937,147.61885416666667,136.99560763888888,123.51550347222222,7.018537023911485,8.100221319974693,2.469658564814815,0.06039930555555555
2712,90.4,138.28924907638887,41.92155872162857,147.62375,137.00515625,123.52288194444445,7.018325504712189,8.100162871326685,0.03380208333333334,0.0
2713,90.43333333333334,138.42913885069444,41.881971795727054,147.75194444444443,137.1507986111111,123.64022569444444,7.013152987522346,8.071145782039597,2.0857638888888888,0.051834490740740743
2714,90.46666666666667,138.4067315173611,41.89419439936308,147.70621527777777,137.13755208333333,123.59574652777778,7.013523685303034,8.07297454988748,0.06837384259259259,0.0
2715,90.5,138.55749346875,41.80796529705925,147.8840972222222,137.28112847222224,123.73782986111111,7.009325972182939,8.08639788146953,2.256261574074074,0.05257523148148148
2716,90.53333333333333,138.60433784722224,41.7854055803112,147.96319444444444,137.31963541666667,123.77229166666666,7.007387839173586,8.081953119294344,0.7969386574074074,2.8935185185185186e-05
2717,90.56666666666666,139.0001537326389,41.41620600799996,148.3125347222222,137.713125,124.32800347222222,6.997853639577906,8.082898653247705,2.6283449074074072,0.061168981481481484
2718,90.6,138.9906844548611,41.41676490004943,148.30166666666668,137.70411458333334,124.31810763888889,6.998373386125716,8.083144496720235,0.019751157407407408,0.0
2719,90.63333333333334,139.1072924375,41.352247912404735,148.41869791666667,137.82569444444445,124.38421875,6.996014833696641,8.10393886549102,2.639375,0.06786458333333334
2720,90.66666666666667,139.09597872569444,41.35282793114012,148.40203125,137.81649305555555,124.36774305555555,6.996459782615675,8.104383051508147,0.025075231481481483,0.0
2721,90.7,139.16573865624997,41.28426651624134,148.52043402777778,137.86899305555556,124.46524305555556,6.994650281443925,8.092305530742674,2.6086805555555554,0.06813078703703704
2722,90.73333333333333,139.1478452013889,41.285904106625715,148.5000347222222,137.85225694444443,124.4432638888889,6.995256106402641,8.093409614062265,0.038663194444444444,0.0
2723,90.76666666666667,139.05011672916666,41.397656154508454,148.40704861111112,137.75694444444446,124.30763888888889,6.996724436807019,8.130597821973344,2.5821064814814814,0.06712384259259259
2724,90.8,139.02782254513886,41.40558031099233,148.37796875,137.73772569444444,124.27486111111111,6.996955768035239,8.131692595464372,0.050868055555555555,0.0
2725,90.83333333333333,138.9390851770833,41.48855655074934,148.37059027777778,137.62284722222222,124.20550347222222,6.998114285392877,8.148036573624902,2.8739641203703705,0.07585069444444445
2726,90.86666666666666,138.92839549305555,41.49185580920853,148.35597222222222,137.6135763888889,124.19232638888889,6.998042630450294,8.14916530533859,0.035688657407407405,0.0
2727,90.9,138.76037766666667,41.766319794138454,148.19720486111112,137.4459375,123.99331597222222,7.000696333675775,8.188023924604114,2.7628703703703703,0.07489583333333333
2728,90.93333333333334,138.73900584375,41.77980866295358,148.16711805555556,137.42770833333333,123.96647569444444,7.000841169370634,8.189155658499974,0.05067708333333333,0.0
2729,90.96666666666667,138.7832925451389,41.87064578334372,148.26472222222222,137.4515451388889,124.05633680555556,6.996165940010094,8.212068128491012,2.853443287037037,0.06954282407407407
2730,91.0,138.7662311111111,41.872081949333115,148.24503472222221,137.43553819444443,124.0365625,6.996839392480149,8.212697496861068,0.04865162037037037,0.0
2731,91.03333333333333,138.76434769791663,41.870803986162784,148.24496527777777,137.43291666666667,124.03664930555556,6.997568887560706,8.21220157855829,0.04287037037037037,5.787037037037037e-06
2732,91.06666666666666,138.6913302152778,42.06293191521319,148.1190625,137.37815972222222,123.93847222222222,6.997773688235574,8.295543191161396,3.0554456018518517,0.07487268518518518
2733,91.1,138.69074126041667,42.066239262975536,148.13,137.37262152777777,123.95296875,6.997747278636771,8.294258713663313,0.06258101851851852,0.0
2734,91.13333333333334,138.63377256944443,42.15256950179903,148.10163194444445,137.30298611111112,123.93725694444444,7.0003521741391435,8.33299971834325,2.782997685185185,0.06757523148148148
2735,91.16666666666667,138.6382142986111,42.14790432677385,148.11300347222223,137.3048611111111,123.94671875,7.0004115387369685,8.332598832770612,0.03841435185185185,0.0
2736,91.2,138.49643229166668,42.30254546706692,147.95387152777778,137.17199652777776,123.76769097222223,7.002365813407767,8.333712930183165,2.228732638888889,0.050833333333333335
2737,91.23333333333333,138.52338370486112,42.287593856132474,147.99385416666667,137.19227430555554,123.82237847222223,7.002240446326564,8.330280612139017,0.09515625,0.0
2738,91.26666666666667,138.42752338194444,42.412762785910594,147.90310763888888,137.09465277777778,123.72890625,7.003133912706001,8.329113647802918,2.1422337962962965,0.048136574074074075
2739,91.3,138.42818078472223,42.41312109755343,147.90836805555554,137.09331597222223,123.73576388888888,7.003693454359209,8.327295335074522,0.056024305555555556,0.0
2740,91.33333333333333,138.3775307673611,42.50939756108313,147.8240277777778,137.0571701388889,123.6406423611111,7.0029572252504,8.342460995615225,1.7712789351851852,0.03726273148148148
2741,91.36666666666666,138.40042050694444,42.503026033812645,147.8620486111111,137.07387152777778,123.68027777777777,7.002057529530647,8.339491226760234,0.062100694444444444,0.0
2742,91.4,138.4660926423611,42.47784466774725,147.93045138888888,137.1370138888889,123.76296875,7.000906982394241,8.338656836997771,1.5146296296296295,0.036412037037037034
2743,91.43333333333334,138.4672954548611,42.47826335830359,147.93449652777778,137.13729166666667,123.76496527777778,7.0011040757366665,8.338690356166534,0.03391203703703704,0.0
2744,91.46666666666667,138.3607611875,42.56410558765427,147.81333333333333,137.03977430555557,123.6121875,7.0034324957444865,8.35620254841324,1.424085648148148,0.028211805555555556
2745,91.5,138.36839438888887,42.561153997026565,147.83211805555555,137.04243055555557,123.63628472222223,7.003008591831471,8.351580978379076,0.06249421296296296,0.0
2746,91.53333333333333,138.36196864583331,42.546702176154895,147.84069444444444,137.02934027777778,123.6517013888889,7.003355258497159,8.360192778318366,1.3542592592592593,0.02546875
2747,91.56666666666666,138.3613475451389,42.55086013758732,147.8437673611111,137.02725694444445,123.6546875,7.003261579508149,8.360901825432007,0.03934606481481481,0.0
2748,91.6,138.39515061458334,42.623480458035644,147.8451736111111,137.07480902777777,123.64769097222222,7.0011870185603895,8.330303288220774,0.9634780092592593,0.01626736111111111
2749,91.63333333333334,138.42241271180552,42.60261969215843,147.88703125,137.09640625,123.68809027777777,7.000718044526096,8.328116238076074,0.05949074074074074,0.0
2750,91.66666666666667,138.47811954166667,42.559152328347416,147.95144097222223,137.1493923611111,123.74512152777778,6.999394249736935,8.321843242434458,0.37951967592592595,0.004965277777777778
2751,91.7,138.48412223958331,42.555053115463906,147.95958333333334,137.15458333333333,123.75286458333333,6.9993896452649125,8.32247259320777,0.03142361111111111,0.0
2752,91.73333333333333,138.45066677083332,42.57684483229858,147.91243055555555,137.12651041666666,123.7064236111111,6.99959005994196,8.317359977459532,0.23677083333333335,0.0025752314814814813
2753,91.76666666666667,138.4610019861111,42.5679433162427,147.9271527777778,137.1353125,123.71902777777778,6.999370349818287,8.316418308326474,0.030943287037037037,0.0
2754,91.8,138.45172935069445,42.552197755636215,147.91461805555556,137.1276736111111,123.70317708333333,6.999173071367302,8.314028939064965,0.24465856481481482,0.00509837962962963
2755,91.83333333333333,138.455464375,42.549411872604445,147.91916666666665,137.13112847222223,123.70729166666666,6.9991177986050745,8.313995532456865,0.007673611111111111,0.0
2756,91.86666666666666,138.44664772916667,42.55328309758724,147.9087326388889,137.12284722222222,123.69793402777778,6.999177964381776,8.314011793010168,0.012899305555555556,0.0
2757,91.9,133.96168777083332,43.09317288775833,144.1576215277778,132.44321180555556,118.98050347222222,7.123528836954006,8.343332048697459,17.35524884259259,0.30203125
2758,91.93333333333334,133.9239626423611,43.07701325591083,144.08116319444446,132.42026041666668,118.91048611111111,7.122905969092228,8.345919066431872,0.0849363425925926,0.0
2759,91.96666666666667,134.02965240625,43.21406362882957,144.09774305555555,132.5429340277778,119.11032986111111,7.118946669105102,8.345159115244016,2.5052546296296296,0.07028356481481482
2760,92.0,133.98331578125,43.203702406654514,143.99934027777778,132.516875,119.01644097222223,7.118025046599235,8.342925202371067,0.1078298611111111,0.0
2761,92.03333333333333,134.2991685486111,41.073664501281954,144.29536458333334,132.85237847222223,119.19602430555555,7.010342463625063,6.530283993549928,5.828252314814815,0.1244212962962963
2762,92.06666666666666,134.31145739583332,41.075484766853265,144.2978125,132.86866319444445,119.19770833333334,7.011919633796489,6.604573228555541,0.1341087962962963,0.0018055555555555555
2763,92.1,135.64407436458333,36.34675097368063,145.81810763888888,134.11460069444445,120.83631944444444,6.904567881184656,6.269149310271249,8.75146412037037,0.2336111111111111
2764,92.13333333333334,135.78946668055556,36.54476032194968,145.97760416666668,134.2510763888889,121.02850694444444,6.923277145983639,6.465508792710626,0.7388541666666667,0.011712962962962963
2765,92.16666666666667,137.16867752430556,32.77894381748216,147.59305555555557,135.55461805555555,122.46164930555555,6.878896819829302,6.540191135050782,9.575445601851852,0.2669328703703704
2766,92.2,137.28874271875,33.0579003166567,147.6846875,135.68024305555556,122.61036458333334,6.902388592993785,6.743702047655811,0.9466319444444444,0.016550925925925927
2767,92.23333333333333,138.76455903472223,30.878877892210035,149.7100173611111,136.98668402777778,124.14588541666667,6.855589436086224,6.96677824389751,10.071516203703704,0.2936574074074074
2768,92.26666666666667,138.87156978125,31.273360017726706,149.7707465277778,137.10203125,124.30659722222222,6.8709589719791815,7.19567708370244,1.3743344907407407,0.02119212962962963
2769,92.3,138.52144794097222,33.173418515635895,150.05428819444444,136.5771875,123.82135416666667,6.934950220827936,7.724522991317529,9.365619212962963,0.26694444444444443
2770,92.33333333333333,138.67199028124998,33.645905084949426,150.2368923611111,136.70604166666666,124.09232638888889,6.951087567765533,7.952142688228241,1.7150347222222222,0.022789351851851852
2771,92.36666666666666,138.08556265277778,37.27557981352536,150.31980902777778,135.9165277777778,123.54668402777777,7.027563956794156,8.555477052984454,8.081614583333334,0.20177083333333334
2772,92.4,138.02823169444443,37.64315276870115,150.3138715277778,135.84291666666667,123.49928819444445,7.033958587036702,8.709140907233818,1.3734375,0.018142361111111113
2773,92.43333333333334,137.1353146423611,41.598154422936936,149.68901041666666,134.91864583333333,122.1276388888889,7.103549660344801,9.506246951846656,6.065503472222222,0.14722222222222223
2774,92.46666666666667,137.16497426041667,41.59756272083507,149.75595486111112,134.9323611111111,122.20545138888889,7.1034991271088685,9.50943911725252,0.11697916666666666,0.0
2775,92.5,136.8831101458333,41.794533640366524,149.47178819444446,134.645625,121.97862847222223,7.102064690333797,9.743681390352547,2.043107638888889,0.045405092592592594
2776,92.53333333333333,136.89179455902777,41.79340482458555,149.4842361111111,134.6528125,121.99105902777778,7.102348465498513,9.748084521146374,0.044635416666666664,1.1574074074074073e-05
2777,92.56666666666666,136.59179935416665,42.26912920806364,149.20138888888889,134.3503125,121.66538194444445,7.115661019917532,9.970358724674504,2.2222858796296294,0.05299768518518518
2778,92.6,136.59460085416666,42.26726867538599,149.21977430555555,134.34631944444445,121.68960069444445,7.116180868173155,9.970634137130187,0.06149305555555556,0.0
2779,92.63333333333334,136.63669728124998,42.52019774182816,149.24935763888888,134.39364583333332,121.71673611111112,7.114144873769,10.126526127047175,1.8755150462962964,0.04462962962962963
2780,92.66666666666667,136.64318934375,42.519206478974844,149.2581423611111,134.39930555555554,121.72472222222223,7.114100142518208,10.127425325464966,0.011238425925925926,0.0
2781,92.7,136.63263665972224,42.520194382874614,149.23963541666666,134.39208333333335,121.70460069444445,7.1138518319372945,10.127338417087824,0.020931712962962964,0.0
2782,92.73333333333333,136.4740248298611,42.54759458097806,149.14916666666667,134.20953125,121.58248263888889,7.121753974362973,10.17520073725358,1.7959953703703704,0.043402777777777776
2783,92.76666666666667,136.44751390624998,42.558605397318246,149.12157986111112,134.18409722222222,121.54847222222222,7.12255037308274,10.181020013965263,0.06235532407407408,0.0
2784,92.8,136.38530896527777,42.447298002321375,149.07546875,134.11888888888888,121.46862847222222,7.123233436254787,10.191756372271161,2.0291840277777777,0.04888888888888889
2785,92.83333333333333,136.36091183333332,42.453094965778114,149.03932291666666,134.09953125,121.42890625,7.123588842518628,10.196607118429528,0.05468171296296296,0.0
2786,92.86666666666666,136.26700310416666,42.348196248587534,148.95984375,133.99565972222223,121.39119791666667,7.1266408903313625,10.259126670751776,2.5886863425925926,0.057748842592592595
2787,92.9,136.2392672395833,42.35788132575569,148.9298263888889,133.96875,121.36199652777778,7.1275015398149115,10.258887495595037,0.04486689814814815,5.208333333333334e-05
2788,92.93333333333334,136.06304177777778,42.2538271058218,148.72553819444445,133.8059375,121.13553819444445,7.132771756858228,10.28199758899314,3.2189988425925926,0.06791087962962963
2789,92.96666666666667,136.03741803124998,42.25897315102194,148.69072916666667,133.7838715277778,121.10171875,7.132690396824806,10.284131104875204,0.04172453703703704,0.0
2790,93.0,135.60316225694444,42.34644166559566,148.20652777777778,133.35998263888888,120.71184027777778,7.1474685008227015,10.357734471116238,3.654820601851852,0.07136574074074074
2791,93.03333333333333,135.563293375,42.35254295551887,148.15637152777776,133.32473958333333,120.65644097222223,7.148414637084459,10.362422533536456,0.07612268518518518,0.0
2792,93.06666666666666,134.98897922569444,42.359956738154004,147.55899305555556,132.76361111111112,120.01942708333333,7.165848155050384,10.401446579008882,3.830601851851852,0.08019097222222223
2793,93.1,134.9618169513889,42.364105479700896,147.5184548611111,132.7418576388889,119.97807291666666,7.166050684435552,10.40234442701675,0.05348379629629629,0.0
2794,93.13333333333334,134.24495988888887,42.37034260492379,146.9247048611111,131.98862847222222,119.25901041666667,7.185111498023167,10.435955269917072,4.019027777777778,0.08646412037037036
2795,93.16666666666667,134.21425399305554,42.37736532394375,146.88895833333333,131.9607465277778,119.21517361111111,7.185786111675439,10.44101639572862,0.06490740740740741,0.0
2796,93.2,133.39433518402777,42.41348871882592,146.27901041666667,131.10128472222223,118.16868055555555,7.204040989320881,10.463372954888413,3.680787037037037,0.08806712962962963
2797,93.23333333333333,133.38468771180555,42.41346213022054,146.26022569444444,131.09548611111111,118.1478125,7.204316745477773,10.465804962149186,0.04667824074074074,0.0
2798,93.26666666666667,132.7005312638889,42.58490710976675,145.77036458333333,130.36538194444444,117.34668402777778,7.217308626001699,10.509321414121349,3.316255787037037,0.07252314814814814
2799,93.3,132.68351222916664,42.58633764442906,145.74880208333335,130.35069444444446,117.31994791666666,7.217490208912437,10.512431510317853,0.04024305555555555,0.0
2800,93.33333333333333,132.26565911805554,42.716892760830426,145.49296875,129.89407986111112,116.80897569444444,7.224676205935961,10.494650096659257,2.9615104166666666,0.06167824074074074
2801,93.36666666666666,132.2512703611111,42.72041893439999,145.47109375,129.88355902777778,116.77831597222222,7.224818562920025,10.499346769255354,0.06412037037037037,5.787037037037037e-06
2802,93.4,131.99940890624998,42.96994696509004,145.34595486111112,129.59329861111112,116.53368055555555,7.230960507173456,10.500224871222336,2.450196759259259,0.04778356481481481
2803,93.43333333333334,131.9675577847222,42.97675429991215,145.30664930555557,129.56541666666666,116.48446180555555,7.231365200885179,10.506731801014382,0.08458912037037038,0.0
2804,93.46666666666667,131.8573508125,43.157812904479236,145.15940972222222,129.47494791666668,116.28777777777778,7.233349500205842,10.518691373632661,1.6030613425925926,0.030243055555555554
2805,93.5,131.8363458090278,43.15739545525441,145.12270833333332,129.46159722222222,116.23717013888889,7.232958342409772,10.523276264576996,0.06672453703703704,0.0
2806,93.53333333333333,131.91492184375,43.14141869207333,145.2321875,129.52684027777778,116.35682291666667,7.232262030347869,10.5230593836725,0.1621064814814815,0.0
2807,93.56666666666666,131.8796983020833,43.20282220871981,145.21699652777778,129.48430555555555,116.33503472222222,7.233414444179258,10.51824156819714,1.1659027777777777,0.017934027777777778
2808,93.6,131.90950552430553,43.1958293247886,145.2576215277778,129.50986111111112,116.37510416666667,7.233628151681809,10.521545194486645,0.10372685185185185,0.0
2809,93.63333333333334,131.94300357291667,43.19955667503386,145.23744791666667,129.56814236111111,116.32114583333333,7.232954944848583,10.523259708962943,0.7420891203703703,0.008402777777777778
2810,93.66666666666667,131.9982431284722,43.18250283172246,145.32671875,129.6090451388889,116.41819444444444,7.232471160604594,10.518909466443718,0.14949074074074073,0.0
2811,93.7,132.0017849513889,43.17383798192966,145.33321180555555,129.61211805555556,116.41769097222222,7.231161876494678,10.503590173774686,0.37700231481481483,0.002777777777777778
2812,93.73333333333333,132.02566758680555,43.17108779211387,145.36817708333334,129.6317013888889,116.45152777777778,7.231522061762285,10.504366525792381,0.09755208333333333,0.0
2813,93.76666666666667,132.05066003819442,43.158818527835045,145.35111111111112,129.6759201388889,116.40991319444444,7.2307905966672985,10.513480330774147,0.47660300925925925,0.0034664351851851852
2814,93.8,132.12898352083332,43.12933722476908,145.45993055555556,129.7409027777778,116.53059027777778,7.230306264992307,10.511287332131635,0.1557523148148148,0.0
2815,93.83333333333333,132.15592080208333,43.0845125635079,145.50151041666666,129.76453125,116.5471875,7.2287168571227705,10.503116564714034,0.5396180555555555,0.005138888888888889
2816,93.86666666666666,132.19470247222222,43.069598169574135,145.5457986111111,129.80071180555555,116.59552083333334,7.228151286756311,10.506957254960264,0.06949652777777778,0.0
2817,93.9,132.18460331597223,43.03612707125863,145.51991319444446,129.80265625,116.51260416666666,7.228146225891748,10.50016731911985,0.5256076388888888,0.006753472222222222
2818,93.93333333333334,132.37735416319444,43.09782044773057,145.96548611111112,129.9026736111111,116.87949652777777,7.2265277929249265,10.496230488236366,0.8061284722222222,0.0
2819,93.96666666666667,132.19801664236113,43.055419991829915,145.38973958333332,129.92034722222223,115.91586805555555,7.2243754932897355,10.53082561044246,1.4785069444444445,0.008912037037037038
2820,94.0,132.20514810069446,43.06103910776271,145.40449652777778,129.9246875,115.92819444444444,7.224323225249451,10.53141265884135,0.04351851851851852,0.0
2821,94.03333333333333,132.20113430902776,43.04588499666474,145.33746527777777,129.9490277777778,115.82887152777778,7.2243044396059,10.550676805812166,0.6250347222222222,0.01005787037037037
2822,94.06666666666666,132.23215839930558,43.036887553180236,145.4215625,129.95734375,115.92855902777778,7.2237232826516085,10.548827282652423,0.11780671296296297,0.0
2823,94.1,132.24873904166665,43.031608591700575,145.43140625,129.97758680555555,115.92869791666666,7.222683477830115,10.543170828154887,0.5164525462962963,0.0055613425925925926
2824,94.13333333333334,132.25778974305555,43.0319126905734,145.44744791666668,129.98354166666667,115.94782986111112,7.222782638412765,10.544083742126524,0.05133680555555555,0.0
2825,94.16666666666667,132.22754628819442,43.0559345327376,145.3500173611111,129.97979166666667,115.85298611111111,7.223597431157299,10.54124504606117,0.40421875,0.005109953703703703
2826,94.2,132.25220576736112,43.04533177701223,145.40321180555554,129.99109375,115.9259375,7.222930525459332,10.538039631054573,0.09559606481481482,0.0
2827,94.23333333333333,132.16761051041667,43.07757466649638,145.28475694444444,129.91307291666666,115.87592013888889,7.224904977081675,10.545588190705335,0.619386574074074,0.009832175925925926
2828,94.26666666666667,132.1806798125,43.07293252689121,145.30652777777777,129.92248263888888,115.89961805555555,7.224179112650448,10.54637544694744,0.061024305555555554,0.0
2829,94.3,132.07108080555557,43.13190908373807,145.10595486111112,129.84255208333335,115.76401041666666,7.225815080673405,10.553989161378764,0.8256365740740741,0.013686342592592592
2830,94.33333333333333,132.09502513194442,43.12343096580362,145.14223958333332,129.86131944444443,115.80289930555556,7.22536756753122,10.550794078063308,0.045445601851851855,0.0
2831,94.36666666666666,132.08745699652775,43.129012281578305,145.13305555555556,129.85432291666666,115.79442708333333,7.2251561095439065,10.552161341603643,0.020671296296296295,0.0
2832,94.4,131.95479914236108,43.226532476992226,144.9584027777778,129.72854166666667,115.71730902777777,7.227678352450839,10.560704234199292,1.098778935185185,0.019895833333333335
2833,94.43333333333334,131.94797268402775,43.22848817857632,144.94043402777777,129.72621527777778,115.69871527777778,7.227788060193294,10.562852992744094,0.03960648148148148,0.0
2834,94.46666666666667,131.7715497326389,43.27478024555247,144.76618055555556,129.5392013888889,115.62081597222222,7.229643653454124,10.558632688625927,1.5619444444444444,0.03068287037037037
2835,94.5,130.77518322569443,41.372683879569166,144.17,128.47737847222223,114.09446180555555,7.151451226142937,8.683640578463915,2.455318287037037,0.029600694444444443
2836,94.53333333333333,130.52532144444444,41.66495628558155,143.82163194444445,128.25293402777777,113.88288194444445,7.156980594946168,8.758891559761189,2.3172395833333335,0.05542824074074074
2837,94.56666666666666,130.52212677430555,41.67463093763012,143.79727430555556,128.25835069444443,113.8567013888889,7.156794248498926,8.761377797240124,0.06512152777777777,0.0
2838,94.6,130.5482191527778,41.71091605044853,143.84649305555556,128.27012152777777,113.9565625,7.157033559942488,8.770713197695871,1.072019675925926,0.020613425925925927
2839,94.63333333333334,130.55347827430555,41.70841999160185,143.8440625,128.2784375,113.95418402777777,7.156686603452234,8.773245619487108,0.05230324074074074,0.0
2840,94.66666666666667,130.5176333298611,41.724901622476054,143.78949652777777,128.25053819444443,113.89475694444444,7.157520298019833,8.779472143695429,0.5996701388888889,0.005017361111111111
2841,94.7,130.5384518333333,41.72370284973095,143.79649305555554,128.27708333333334,113.89954861111111,7.158550668294926,8.838955264239996,0.123125,0.0020891203703703705
2842,94.73333333333333,130.57630937152777,41.73713252978048,143.82866319444443,128.31288194444446,113.97454861111112,7.158339396574635,8.953426015224728,0.48911458333333335,0.0075
2843,94.76666666666667,130.63847136805555,41.7924105561516,143.87668402777777,128.37848958333333,114.04421875,7.158942502661683,9.088648398949278,0.3576273148148148,0.008645833333333333
2844,94.8,130.6541693784722,41.938620621388345,143.87260416666666,128.3969965277778,114.09032986111112,7.168371997698797,9.247068202967355,0.7797048611111111,0.013211805555555555
2845,94.83333333333333,130.73063840972222,42.10731973141703,143.92116319444443,128.47704861111112,114.21348958333333,7.184998203479919,9.42708499944725,0.7327199074074074,0.013518518518518518
2846,94.86666666666666,130.83003115277776,42.28572974603749,143.99571180555554,128.5792013888889,114.35869791666667,7.19546731989827,9.602076324789504,1.148414351851852,0.016712962962962964
2847,94.9,130.93674785069442,42.47396247836663,144.06836805555557,128.69059027777777,114.51942708333333,7.202287852297392,9.793057302050922,1.0415798611111111,0.016909722222222222
2848,94.93333333333334,131.01298440277776,42.74658956336097,144.10383680555555,128.77529513888888,114.63182291666666,7.212067711362133,9.97626538890944,1.455474537037037,0.019311342592592592
2849,94.96666666666667,131.15553744444443,42.959848284610445,144.2513888888889,128.90776041666666,114.85958333333333,7.217823633960285,10.109550014914483,1.2345833333333334,0.01750578703703704
2850,95.0,131.20626152430555,43.19516295799489,144.26086805555556,128.9674652777778,114.94279513888888,7.216672403103207,10.228316477709331,1.2149074074074073,0.019091435185185184
2851,95.03333333333333,131.24626489583332,43.25058944961747,144.29588541666666,129.00713541666667,115.00078125,7.219216289793175,10.2663136088162,0.7263078703703704,0.013697916666666667
2852,95.06666666666666,131.20289564583334,43.292903178895045,144.21526041666667,128.97885416666668,114.91765625,7.219782991917426,10.28982159682271,0.4715914351851852,0.008454861111111111
2853,95.1,131.23665625347223,43.279213469014984,144.2708159722222,129.00319444444443,114.98055555555555,7.218983952660073,10.288250319696068,0.08918402777777777,0.0
2854,95.13333333333334,131.2113345138889,43.303588415965535,144.22619791666668,128.9845138888889,114.94626736111111,7.219353773186733,10.292543883554165,0.28598958333333335,0.003119212962962963
2855,95.16666666666667,131.21891908333333,43.30205971603264,144.23569444444445,128.9909375,114.95972222222223,7.2193119170707,10.29328842712,0.014085648148148147,0.0
2856,95.2,131.20688964930557,43.305979058358844,144.21692708333333,128.9820486111111,114.93642361111111,7.219366225824279,10.293224797554748,0.02248263888888889,0.0
2857,95.23333333333333,131.29179745833332,43.27522419448676,144.32592013888888,129.05635416666667,115.05543402777778,7.2174482801648825,10.289835293144066,0.40317708333333335,0.003287037037037037
2858,95.26666666666667,131.2686874375,43.29446269630714,144.29342013888888,129.03690972222222,115.02366319444444,7.217843316837287,10.294242079632532,0.06736111111111111,0.0
2859,95.3,131.28374759027778,43.29904699527605,144.30196180555555,129.05423611111112,115.03546875,7.217477487399403,10.29915036956567,0.15697916666666667,0.0005092592592592592
2860,95.33333333333333,131.24558546180555,43.32192815215714,144.2440625,129.02380208333332,114.97887152777778,7.21760136893739,10.302483319937235,0.06721064814814814,0.0
2861,95.36666666666666,131.29097627083334,43.306163047227656,144.30756944444445,129.06145833333332,115.04753472222222,7.217058857567446,10.296968969073927,0.14679398148148148,7.523148148148149e-05
2862,95.4,131.2646256875,43.3236538922393,144.27298611111112,129.03868055555554,115.01003472222222,7.217460384707157,10.300490284611428,0.06045138888888889,0.0
2863,95.43333333333334,131.26907551388888,43.329478246454485,144.27303819444444,129.0445486111111,115.01338541666667,7.217976318393833,10.2997887087731,0.08685185185185185,5.787037037037037e-05
2864,95.46666666666667,131.2455822777778,43.34143934899028,144.24020833333333,129.0248784722222,114.97951388888889,7.2181329975840285,10.302044298801562,0.04289930555555556,0.0
2865,95.5,131.31469421875,43.31477993192595,144.343125,129.07984375,115.08921875,7.216878986954791,10.291511895834791,0.28304976851851854,0.0009548611111111111
2866,95.53333333333333,131.2982412013889,43.32306855957469,144.31911458333335,129.06649305555555,115.06428819444444,7.216671639578206,10.293817497649753,0.06244212962962963,0.0
2867,95.56666666666666,131.31084872569446,43.32741712513487,144.31859375,129.08355902777777,115.07138888888889,7.216931093568006,10.293794410055451,0.1924537037037037,0.0015162037037037036
2868,95.6,131.28968543402777,43.33560828749558,144.28300347222222,129.06831597222222,115.0340625,7.217479726616309,10.295145714600615,0.05288194444444445,0.0
2869,95.63333333333334,131.3524278298611,43.317618004783455,144.37572916666667,129.11868055555556,115.13112847222222,7.217168917995828,10.292232464440445,0.2542534722222222,0.0007291666666666667
2870,95.66666666666667,131.32052341319442,43.33472350676716,144.3306597222222,129.09225694444444,115.08369791666667,7.217639310639325,10.295579896816605,0.07989583333333333,0.0
2871,95.7,131.32527576736112,43.34042815610663,144.33260416666667,129.0975,115.09185763888888,7.217643592774502,10.29723167474324,0.08578703703703704,0.0001099537037037037
2872,95.73333333333333,131.30004608680557,43.34992013389042,144.29598958333332,129.07697916666666,115.05350694444445,7.217432418293843,10.297464738724413,0.04555555555555556,0.0
2873,95.76666666666667,131.34462691666667,43.32539449758595,144.35444444444445,129.1157986111111,115.11430555555556,7.21704380569143,10.290762730888396,0.1535011574074074,8.101851851851852e-05
2874,95.8,131.33069355902776,43.330834341738196,144.33727430555555,129.10355902777778,115.093125,7.2170207915614135,10.292038517607203,0.045717592592592594,0.0
2875,95.83333333333333,131.3357796770833,43.32896912124976,144.34321180555557,129.10824652777777,115.09965277777778,7.217123557861589,10.292851472989382,0.10494212962962964,0.00028356481481481483
2876,95.86666666666666,131.32011406597223,43.33371129165,144.32178819444445,129.095,115.07697916666666,7.217013312860509,10.294414140514785,0.029971064814814815,0.0
2877,95.9,131.35393883333333,43.306962104013465,144.38095486111112,129.1184722222222,115.13873263888888,7.216370802937623,10.290389555680697,0.1913599537037037,0.0011921296296296296
2878,95.93333333333334,131.33708446527777,43.31915955330452,144.36130208333333,129.1027777777778,115.11862847222223,7.21667517888908,10.291621211168344,0.03353009259259259,0.0
2879,95.96666666666667,131.32611096527776,43.32206199391698,144.34170138888888,129.09522569444445,115.09916666666666,7.216923456586516,10.296877138868457,0.1851099537037037,0.0016261574074074073
2880,96.0,131.29640685763889,43.34457957158921,144.30020833333333,129.06994791666668,115.06032986111111,7.217410702405601,10.296973833586053,0.04428819444444444,0.0
2881,96.03333333333333,131.49101090624998,43.3561524409288,144.6159375,129.20460069444445,115.49213541666667,7.215801494772972,10.296892570604669,0.4627199074074074,0.0
2882,96.06666666666666,131.36941973263887,43.3847944440304,144.2435590277778,129.18133680555556,115.135,7.21505774087909,10.306855417670613,0.6384953703703704,0.000792824074074074
2883,96.1,131.38556513194445,43.38800065576928,144.2656597222222,129.19496527777778,115.15854166666666,7.214586758522255,10.308738388386246,0.03613425925925926,0.0
2884,96.13333333333334,131.33472640624998,43.39085057106154,144.08711805555555,129.19147569444445,115.01470486111111,7.214135934655227,10.309175185102688,0.19916666666666666,4.050925925925926e-05
2885,96.16666666666667,131.36690817013888,43.3832096579401,144.1442361111111,129.21315972222223,115.07744791666667,7.214321234074202,10.305746987077235,0.07192708333333334,0.0
2886,96.2,131.3453275659722,43.39206943858771,144.10772569444444,129.19862847222223,115.03,7.214926045664257,10.306882261289205,0.10368634259259259,0.0
2887,96.23333333333333,131.35416996180555,43.38909773198925,144.12071180555554,129.20567708333334,115.04440972222223,7.214822224867416,10.306811850079487,0.01951388888888889,0.0
2888,96.26666666666667,131.32996486458333,43.400617523313336,144.0770486111111,129.1890451388889,115.00248263888889,7.215334408072985,10.308065348791079,0.059270833333333335,0.0
2889,96.3,131.38046828125,43.372031061119976,144.14616319444445,129.23192708333335,115.07368055555555,7.2140805856942265,10.304630117857684,0.08155092592592593,0.0
2890,96.33333333333333,131.3895318125,43.37453281325009,144.15128472222221,129.24112847222221,115.09298611111112,7.21333652896217,10.300943942666649,0.15995949074074073,0.00037037037037037035
2891,96.36666666666666,131.40942073958334,43.361616902930145,144.1740625,129.25979166666667,115.11651041666667,7.213330071768569,10.301072626389715,0.028599537037037038,0.0
2892,96.4,131.39249526041667,43.390430351362035,144.13585069444446,129.25109375,115.0807638888889,7.214164605910621,10.302201372945525,0.17512152777777779,0.0011747685185185186
2893,96.43333333333334,131.4294515277778,43.36429831136801,144.18765625,129.2825347222222,115.12862847222222,7.213525519299691,10.300406634261854,0.05271990740740741,0.0
2894,96.46666666666667,131.44309691319444,43.374936133572994,144.19692708333332,129.29642361111112,115.15274305555556,7.213291204077875,10.296287393269647,0.18920717592592592,0.0016608796296296296
2895,96.5,131.456114125,43.365864031458294,144.21050347222223,129.30909722222222,115.16751736111111,7.213040725628844,10.296556255950104,0.021452546296296296,0.0
2896,96.53333333333333,131.43518994791665,43.385868487732374,144.17128472222223,129.2952951388889,115.12991319444444,7.213325045764297,10.295823756311307,0.12540509259259258,0.0004166666666666667
2897,96.56666666666666,131.46028736805556,43.379977059766595,144.20274305555554,129.28576388888888,115.47930555555556,7.218039935287016,10.299804389695574,0.1753587962962963,0.0
2898,96.6,131.45705982291668,43.38335139083588,144.19229166666668,129.30147569444443,115.30973958333334,7.2182109380038275,10.302977142202582,0.17802083333333332,0.0
2899,96.63333333333334,131.46417905902774,43.38335269461176,144.20071180555556,129.29217013888888,115.47572916666667,7.218789510932705,10.304576239851073,0.09877314814814815,0.0
2900,96.66666666666667,131.44870304513887,43.389976021343344,144.17105902777777,129.31413194444445,115.13114583333333,7.220674632056311,10.313707083596633,0.20749421296296297,0.0
2901,96.7,131.4654738923611,43.379997654177295,144.20272569444444,129.31402777777777,115.27121527777778,7.219970052480596,10.309402121329482,0.12508101851851852,0.0
2902,96.73333333333333,131.46313616319443,43.377495853348876,144.19921875,129.32180555555556,115.17211805555556,7.218843748871889,10.305414636011069,0.12658564814814816,0.0
2903,96.76666666666667,131.46698367708333,43.374709891071376,144.20477430555556,129.31826388888888,115.24413194444445,7.218362481457417,10.303441902462911,0.05298611111111111,0.0
2904,96.8,131.44816687847222,43.37522969802383,144.18013888888888,129.31243055555555,115.11383680555555,7.217416711248311,10.300454791510996,0.09599537037037037,0.0
2905,96.83333333333333,131.44786282986112,43.375383312705274,144.17994791666666,129.31190972222223,115.11534722222223,7.217353236773633,10.300587576852127,0.0029976851851851853,0.0
2906,96.86666666666666,144.47748117708332,66.44185147241998,158.11880208333332,142.38876736111112,124.9996875,7.430876821767804,16.828572145416917,63.35472800925926,0.8945833333333333
2907,96.9,144.47691801041665,66.43807506173701,158.12154513888888,142.38628472222223,125.00840277777777,7.4308511743401136,16.82739713842638,0.01600115740740741,0.0
2908,96.93333333333334,150.43567069097222,56.9535256620398,165.0248611111111,148.11934027777778,130.42151041666668,7.333658639247113,15.317221333679699,8.329537037037037,0.275619212962963
2909,96.96666666666667,154.33411093055554,49.90016910876271,169.42010416666668,151.85619791666667,134.45767361111112,7.176605829748525,13.605093519034984,7.243981481481481,0.21206597222222223
2910,97.0,158.60343557291665,43.84558810415277,173.59069444444444,156.22850694444443,137.99758680555556,7.015890792606069,11.755953967910052,6.770358796296296,0.19508680555555555
2911,97.03333333333333,162.16808785069443,37.22089242079895,177.6175,159.68211805555555,141.30133680555556,6.804990425560241,9.76098192548255,8.155914351851852,0.23248842592592592
2912,97.06666666666666,162.30493344444446,37.09090754529798,177.73977430555556,159.82361111111112,141.43505208333335,6.801314207298583,9.66586183232221,0.2370775462962963,0.0008738425925925926
2913,97.1,165.43306869097222,33.85304122561351,181.38305555555556,162.81328125,144.41789930555555,6.673369329544804,8.456383174239019,5.209340277777778,0.13026041666666666
2914,97.13333333333334,168.20712739583334,31.068089963613357,184.18680555555557,165.64914930555557,146.49225694444445,6.487622507464646,7.035443389005884,6.123547453703703,0.14189236111111111
2915,97.16666666666667,170.406279875,29.782589136639682,186.91649305555555,167.65446180555554,149.0493402777778,6.251270303075435,5.939526396007123,5.375798611111111,0.08566550925925925
2916,97.2,171.98671707291666,29.428395492786056,188.56081597222223,169.2423784722222,150.36756944444446,5.948141376256769,4.897870927728693,5.618408564814815,0.07019097222222222
2917,97.23333333333333,171.99218980208335,29.42405061703364,188.5779861111111,169.2422222222222,150.3943576388889,5.946469727760426,4.888517728023103,0.061244212962962966,0.0
2918,97.26666666666667,173.46673955555556,27.83178996402975,190.8332986111111,170.51631944444443,151.55552083333333,5.685443250933196,3.095061730218166,5.494797453703704,0.062060185185185184
2919,97.3,173.97615175694446,28.86835085503111,191.7909375,170.8981076388889,152.00930555555556,5.633343040505088,2.9950195815127287,4.102413194444445,0.046684027777777776
2920,97.33333333333333,173.37686738888888,29.78316887247755,191.40927083333332,170.25319444444443,151.2212152777778,5.65340410909599,3.027815937935996,3.5474942129629627,0.05296296296296296
2921,97.36666666666666,172.67214993055555,30.992620738414377,190.91807291666666,169.47710069444443,150.59480902777779,5.706284178140192,3.048505055748561,4.4131886574074075,0.07247685185185185
2922,97.4,172.6603699861111,31.003923805690647,190.87852430555554,169.47305555555556,150.58817708333333,5.719223967504138,3.1105723874125815,0.16259837962962964,0.0007465277777777778
2923,97.43333333333334,170.51461625694446,34.53451364799634,188.6474826388889,167.31586805555557,148.80682291666668,5.848465255483243,3.4606447117978325,7.00037037037037,0.1135763888888889
2924,97.46666666666667,167.50959187152776,38.009242826166656,185.12449652777778,164.40661458333332,146.37829861111112,6.002217918672483,4.15047992437073,10.106203703703704,0.15519675925925927
2925,97.5,166.34317527430554,38.7692974803263,183.40380208333335,163.3605902777778,145.6514236111111,6.127863405711831,4.570165974315248,13.077505787037037,0.1896064814814815
2926,97.53333333333333,165.03135182638886,39.05508183896442,181.37203125,162.2004513888889,144.9569965277778,6.258550094253403,4.750033980040726,14.345584490740741,0.21237847222222223
2927,97.56666666666666,165.05338116319442,39.26670306744431,181.35607638888888,162.22980902777778,145.01828125,6.272000690051658,4.9596211375135235,1.1122106481481482,0.019166666666666665
2928,97.6,163.74936257986113,39.91747719422987,179.36267361111112,161.06081597222223,144.40668402777777,6.368722854530027,5.192777199633714,15.454965277777777,0.2388136574074074
2929,97.63333333333334,163.3035533888889,39.89816146654069,178.04253472222223,160.79116319444444,144.7904513888889,6.408402871469955,5.419696725272007,15.76720486111111,0.2503472222222222
2930,97.66666666666667,163.30691173611112,39.68420699111906,177.03772569444445,161.01038194444445,145.62418402777777,6.44943598675715,5.464675550482916,15.145376157407407,0.24553819444444444
2931,97.7,163.37978375694442,39.733089763419606,176.39932291666668,161.22883680555555,146.34935763888888,6.418866879803298,5.569890815254379,14.56933449074074,0.24030671296296297
2932,97.73333333333333,163.34743381944443,39.795469173642665,176.3307986111111,161.20725694444445,146.31684027777777,6.414271576118441,5.609103055625484,1.0225289351851852,0.018038194444444444
2933,97.76666666666667,164.53946613194444,39.09613445443875,177.34041666666667,162.45223958333332,147.52149305555557,6.324191974821096,5.432124917849633,11.838026620370371,0.2007986111111111
2934,97.8,165.6091650069444,38.341163044818686,178.4267013888889,163.53666666666666,148.39645833333333,6.248649343317258,5.266348938306685,9.76203125,0.16782407407407407
2935,97.83333333333333,166.79683375347224,37.598278466134815,179.73359375,164.70303819444445,149.4440277777778,6.144085984032632,5.023390331229605,8.220034722222222,0.14285300925925926
2936,97.86666666666666,167.8382252152778,36.9598545506415,180.7451736111111,165.77614583333335,150.2590277777778,6.09120717189028,4.692465832203512,7.032511574074074,0.1284722222222222
2937,97.9,167.8343084583333,36.96354178957752,180.7375,165.7734201388889,150.254375,6.0915147992714225,4.693067496761952,0.007621527777777777,0.0
2938,97.93333333333334,168.78576812152778,36.67825842822223,181.18902777777777,166.87921875,151.14907986111112,6.0318923903428665,4.512918274513947,6.676973379629629,0.11019675925925926
2939,97.96666666666667,169.35990901041666,36.075653031308896,181.6184375,167.51246527777778,151.56390625,6.016772107704405,4.513622301960926,3.9797511574074074,0.07530092592592592
2940,98.0,169.87550534374998,35.522038747776875,181.89605902777777,168.1081597222222,151.98680555555555,5.977735958919241,4.351038524866513,3.9935532407407406,0.07531828703703704
2941,98.03333333333333,169.72472013194445,35.45263685748246,181.4625,168.058125,151.6706597222222,6.033379112797931,4.239978022427122,3.5699363425925927,0.07536458333333333
2942,98.06666666666666,169.72281243402776,35.45285437396905,181.4542013888889,168.05838541666665,151.66609375,6.034172374530183,4.240155640532297,0.012314814814814815,0.0
2943,98.1,169.38105494791668,35.494301080164504,181.19894097222223,167.67039930555555,151.52756944444445,6.099762132211992,4.33447362866468,3.3253819444444446,0.07168981481481482
2944,98.13333333333334,168.08796407291666,36.205270904048874,179.4765972222222,166.52151041666667,150.0700173611111,6.231716801485222,4.451596840429191,3.4747222222222223,0.06844328703703703
2945,98.16666666666667,166.21778226736112,37.48936567204944,177.5209548611111,164.66005208333334,148.36506944444446,6.362839333191541,4.72285482809639,3.6435416666666667,0.07482060185185185
2946,98.2,163.8267205798611,39.099002482781145,174.4338888888889,162.48782986111112,145.85567708333335,6.507383990183921,5.096919431451507,4.753634259259259,0.09744791666666666
2947,98.23333333333333,163.8169450138889,39.086043788442495,174.42633680555556,162.47711805555556,145.84862847222223,6.506276632783816,5.098329577771794,0.04644675925925926,0.0
2948,98.26666666666667,162.33253522569444,40.02279131738256,172.92104166666667,160.96942708333333,144.65633680555555,6.582068685326753,5.461884814481381,4.900497685185186,0.09830439814814815
2949,98.3,160.67869746527776,41.0254436991705,170.94428819444445,159.39010416666667,143.21522569444446,6.661216537837065,5.788581106277449,5.587002314814815,0.12005787037037037
2950,98.33333333333333,159.44600021180554,41.73972258143355,169.54133680555555,158.16835069444446,142.37545138888888,6.7095560205120535,6.145974338360487,6.2531944444444445,0.1308622685185185
2951,98.36666666666666,158.15393708680557,42.6023360543334,167.89135416666667,156.96585069444444,141.25012152777776,6.764725037488649,6.581471949560257,7.331597222222222,0.15764467592592593
2952,98.4,158.14626625694444,42.580511479513234,167.89763888888888,156.95269097222223,141.25572916666667,6.764206823866563,6.5816146276340985,0.05958912037037037,0.0
2953,98.43333333333334,156.95128331944443,43.28662742514896,166.43673611111112,155.80836805555555,140.34194444444444,6.804875832275361,6.9273709692809184,7.786614583333333,0.1674710648148148
2954,98.46666666666667,156.1418107013889,43.71320801979589,165.51715277777777,154.98416666666665,140.00260416666666,6.841510833435114,7.266050132814126,8.386122685185185,0.1713310185185185
2955,98.5,155.40904080902777,44.2218810243495,164.4609548611111,154.32305555555556,139.51236111111112,6.866517155904035,7.587849914817117,8.813512731481481,0.1889236111111111
2956,98.53333333333333,154.33119313541664,44.91863928416248,163.09586805555554,153.31211805555554,138.6175173611111,6.898660231438073,7.933322216349952,9.370034722222222,0.20111689814814815
2957,98.56666666666666,154.29033877083333,44.90308181700436,163.03772569444445,153.27810763888888,138.55977430555555,6.9008612981369915,7.93496535140949,0.074375,0.0
2958,98.6,153.77492138194444,45.18109853752676,162.5626909722222,152.72982638888888,138.25098958333334,6.910423837732491,8.094572918113299,9.424357638888889,0.2006886574074074
2959,98.63333333333334,153.04311195138888,45.58614837274962,161.73979166666666,152.02194444444444,137.55038194444444,6.9306629658601215,8.218569007645929,9.34349537037037,0.1985011574074074
2960,98.66666666666667,152.64926694097224,45.899286220814226,161.41588541666667,151.58725694444445,137.3551736111111,6.9438918995299765,8.325677250999812,9.263697916666667,0.19544560185185186
2961,98.7,152.17883529166664,46.30295947930081,160.81534722222221,151.16074652777777,136.83277777777778,6.959398903957723,8.435286207187216,9.141851851851852,0.19278935185185186
2962,98.73333333333333,152.19828083333334,46.2978497938041,160.85335069444446,151.17243055555556,136.87446180555557,6.959752551123263,8.433090119072027,0.10616319444444444,0.0
2963,98.76666666666667,152.15693426041668,46.50629645537862,160.90140625,151.09340277777778,136.943125,6.966757687387428,8.435545141105964,8.59890625,0.18274305555555556
2964,98.8,152.19934087847224,46.51340717063892,161.02960069444444,151.10475694444443,137.04052083333335,6.964720097592312,8.432706523165457,7.90494212962963,0.16346064814814815
2965,98.83333333333333,152.05420376041667,46.657694386676845,160.81852430555554,150.9948263888889,136.7407986111111,6.974135013252841,8.460026776426492,7.298298611111111,0.15032407407407408
2966,98.86666666666666,152.12654496180554,46.78973154672848,161.00996527777778,151.02366319444445,136.89338541666666,6.973598117014963,8.512768639017317,6.934635416666667,0.14116319444444445
2967,98.9,152.1588598020833,46.78022575270799,161.03986111111112,151.05727430555555,136.91998263888888,6.974002061366282,8.514404480745252,0.08171296296296296,0.0
2968,98.93333333333334,152.29013821875,46.73470543696252,161.24496527777777,151.16449652777777,137.07217013888888,6.9766569892934,8.52798426801182,6.370277777777778,0.12999421296296296
2969,98.96666666666667,152.40647245486113,46.638280705596166,161.30668402777778,151.30965277777779,137.06381944444445,6.978401641597868,8.543009652698727,5.7537210648148145,0.12064814814814814
2970,99.0,152.71511111111113,46.4690431452227,161.7823263888889,151.55706597222223,137.4871875,6.9722381227391,8.555746957107193,5.1903703703703705,0.10911458333333333
2971,99.03333333333333,152.7424091875,46.46938884427882,161.78574652777777,151.59819444444443,137.4477951388889,6.975311907160505,8.626782093294363,4.2475405092592595,0.08976273148148148
2972,99.06666666666666,152.8510452708333,46.43860796514066,161.90350694444444,151.70328125,137.56472222222223,6.9718706737813765,8.627255013540212,0.15144097222222222,0.0
2973,99.1,152.94126200347222,46.29066115497253,161.96729166666665,151.80835069444444,137.5856423611111,6.9709394509074905,8.645636110257968,3.476695601851852,0.07907986111111111
2974,99.13333333333334,153.26591256944442,46.09460311750162,162.41980902777777,152.08336805555555,138.02543402777778,6.967245361572623,8.60132669329103,3.0559837962962964,0.06590856481481482
2975,99.16666666666667,153.2829108923611,46.01903191999729,162.41326388888888,152.1093402777778,138.02286458333333,6.9655427566403585,8.60538352792457,2.767378472222222,0.06167824074074074
2976,99.2,153.3709733611111,45.89908858041018,162.4673784722222,152.21173611111112,138.06890625,6.963402400877632,8.60366766935817,2.6831770833333333,0.05825231481481481
2977,99.23333333333333,153.37021845138887,45.90133870335608,162.45008680555554,152.21789930555556,138.0483159722222,6.9634002220008835,8.61091607505901,0.10848958333333333,0.0
2978,99.26666666666667,153.80508924305556,45.63242139417558,163.1368923611111,152.54774305555554,138.78171875,6.946126242017675,8.55036118037921,3.1499479166666666,0.06458333333333334
2979,99.3,154.03149682291667,45.449558247822,163.33802083333333,152.79085069444446,138.91713541666667,6.9424200166139265,8.521157507071411,2.938877314814815,0.06407986111111111
2980,99.33333333333333,154.65490811458332,45.20692635680256,164.27105902777777,153.29243055555557,139.83565972222223,6.917156248758667,8.474224882459733,3.7139756944444446,0.07452546296296296
2981,99.36666666666666,154.63275540625003,45.240404425581445,164.28565972222222,153.2892013888889,139.51782986111112,6.90045294817425,8.44158745116414,4.232060185185185,0.08643518518518518
2982,99.4,154.68623469097224,45.230622184509606,164.36932291666668,153.32977430555556,139.61027777777778,6.898070752439534,8.438560624616906,0.1077025462962963,0.0
2983,99.43333333333334,155.18221460416666,44.84859274165217,164.93053819444444,153.80227430555556,140.14675347222223,6.882629820745677,8.414037696876417,2.814021990740741,0.06399884259259259
2984,99.46666666666667,155.4395770486111,44.59157291311164,165.24388888888888,154.03645833333334,140.46885416666666,6.8686374692501975,8.397924562641439,2.4309895833333335,0.04746527777777778
2985,99.5,155.54359547916667,44.48738697675741,165.28765625,154.16956597222222,140.46213541666665,6.856465976139475,8.376517433022553,2.3294733796296296,0.04321180555555556
2986,99.53333333333333,155.72662793402776,44.276973404416005,165.5545138888889,154.31649305555555,140.75598958333333,6.844854864885581,8.337815247110262,2.556585648148148,0.04914930555555556
2987,99.56666666666666,155.76213805555557,44.26953942988171,165.58647569444443,154.3543923611111,140.77828125,6.841788897552518,8.339271718243161,0.08368055555555555,0.0
2988,99.6,156.05224414930555,44.00281772924862,165.91307291666666,154.63104166666668,141.09423611111112,6.8272451505303495,8.304950998270122,2.4563194444444445,0.048663194444444446
2989,99.63333333333334,156.29655576041668,43.84310488198446,166.0790798611111,154.91166666666666,141.20940972222223,6.810816470846947,8.311326640133515,2.244479166666667,0.04414351851851852
2990,99.66666666666667,156.6841016111111,43.592877992858234,166.56505208333334,155.25385416666666,141.7564409722222,6.7918758232702405,8.285026879557591,2.320028935185185,0.0433912037037037
2991,99.7,156.85815291319443,43.52045243306708,166.69204861111112,155.44932291666666,141.8568923611111,6.77316928949147,8.29461300826119,2.1890162037037038,0.042957175925925926
2992,99.73333333333333,156.8958049375,43.528076114242175,166.73328125,155.4853125,141.90046875,6.769338913818445,8.296956465491702,0.06929398148148148,0.0
2993,99.76666666666667,157.21267701388888,43.32199915754771,167.0156076388889,155.81925347222221,142.1499826388889,6.744626381357995,8.294642139106825,1.9584895833333333,0.03967013888888889
2994,99.8,157.62197670138886,43.12572618240845,167.53836805555557,156.18369791666666,142.6695138888889,6.718478046514987,8.267567915808659,1.9338773148148147,0.03478587962962963
2995,99.83333333333333,157.73749671874998,43.02814883451501,167.63272569444445,156.31418402777777,142.69909722222224,6.704435796041945,8.277416283631927,1.7154803240740741,0.03079861111111111
2996,99.86666666666666,157.90888889236112,42.95738542077238,167.77684027777778,156.50223958333333,142.78574652777777,6.682671032774972,8.279520281484661,1.8151388888888889,0.03374421296296296
2997,99.9,157.92095659375,42.95572326497233,167.77809027777778,156.52225694444445,142.7509201388889,6.681054576351758,8.285048833583621,0.07690393518518518,0.0
2998,99.93333333333334,158.3960016111111,42.63429006463978,168.36489583333332,156.95159722222223,143.34961805555557,6.655777840125705,8.227659088304666,1.6950983796296297,0.03186342592592593
2999,99.96666666666667,158.65542217013888,42.47791018544077,168.61376736111112,157.21911458333332,143.55989583333334,6.6354571569361545,8.221439230150061,1.5496296296296297,0.028796296296296296
3000,100.0,158.95841929861112,42.25546140695017,168.9598611111111,157.5067361111111,143.8882986111111,6.611734750932433,8.206597567479115,1.4436111111111112,0.02563078703703704
3001,100.03333333333333,159.0947154826389,42.14889187578389,169.0365451388889,157.67510416666667,143.88243055555554,6.59358341799254,8.220974903650866,1.4883159722222221,0.027193287037037037
3002,100.06666666666666,159.1420568784722,42.15001921961177,169.09597222222223,157.7164236111111,143.95383680555557,6.590354086412531,8.218352637919603,0.08439814814814815,0.0
3003,100.1,159.44516876388892,41.8624783539439,169.47991319444444,157.9921875,144.28984375,6.571178873005101,8.191246997035224,1.4335127314814815,0.027546296296296298
3004,100.13333333333334,159.69951374305555,41.63791605899415,169.79052083333335,158.2304340277778,144.5379861111111,6.562493198289288,8.173647206297709,1.3052488425925926,0.024623842592592593
3005,100.16666666666667,159.7541808611111,41.582026323566474,169.8734375,158.28847222222223,144.47607638888888,6.564349949167675,8.216833606947556,1.1544386574074075,0.01865162037037037
3006,100.2,159.8355188402778,41.51157784370936,170.10802083333334,158.32225694444443,144.57722222222222,6.562536680146926,8.240350661995242,1.2979282407407406,0.015439814814814814
3007,100.23333333333333,159.8360324861111,41.51416923022755,170.10243055555554,158.32595486111111,144.56416666666667,6.562812727352812,8.244730649575729,0.07230902777777778,0.0
3008,100.26666666666667,159.91281509375,41.377829544353055,170.31036458333332,158.3682638888889,144.59625,6.572605559857786,8.266498343829477,1.3467592592592592,0.01853009259259259
3009,100.3,159.7658482986111,41.37419562442885,170.16190972222222,158.23489583333333,144.31895833333334,6.5816795621586355,8.286845389786906,1.4499826388888888,0.021689814814814815
3010,100.33333333333333,159.77973947916664,41.29588231196915,170.31317708333333,158.20229166666667,144.38890625,6.591496987932717,8.290113923474292,1.5500925925925926,0.024600694444444446
3011,100.36666666666666,159.6450469375,41.33636684228431,170.19741319444444,158.0704861111111,144.16987847222222,6.597497020346774,8.296862079690907,1.8790972222222222,0.03598958333333333
3012,100.4,160.10658966319448,39.70959218002512,171.00881944444444,158.47571180555556,144.1590798611111,6.4717981887144935,6.4780442669519305,1.973900462962963,0.028744212962962964
3013,100.43333333333334,159.87897424305555,39.87745432880374,170.75317708333333,158.26496527777778,143.84689236111112,6.483275543069407,6.517555436070635,2.2060648148148148,0.0469849537037037
3014,100.46666666666667,159.62330082638888,40.27604833597426,170.45777777777778,157.99635416666666,143.83635416666667,6.495220435980585,6.591950503720624,2.7574421296296294,0.054045138888888886
3015,100.5,159.22023572916666,40.4504737493538,169.97303819444446,157.61067708333334,143.5015451388889,6.5238747003999285,6.612995545159746,3.0869502314814814,0.05939236111111111
3016,100.53333333333333,159.1057704097222,40.36231157777434,169.77395833333333,157.52328125,143.36809027777778,6.543730848000242,6.611597349340423,3.5944560185185184,0.0680150462962963
3017,100.56666666666666,159.07593220486112,40.35148775439804,169.73572916666666,157.49810763888888,143.31675347222222,6.543654699711912,6.614807534007115,0.06585069444444444,0.0
3018,100.6,159.41361182638892,40.30648896049327,170.11039930555555,157.81147569444445,143.78633680555555,6.535543180299336,6.566097411847233,4.213478009259259,0.07315972222222222
3019,100.63333333333334,159.25891773611113,40.39024264543899,169.35888888888888,157.8668923611111,143.30770833333332,6.528940815337824,6.594372272984492,4.336331018518519,0.07451967592592593
3020,100.66666666666667,159.25195069444445,40.43756489248542,169.29539930555555,157.86630208333332,143.40401041666667,6.526850021401243,6.600423679901865,3.7550694444444446,0.07465277777777778
3021,100.7,158.86575830208332,40.607506653061634,168.64996527777777,157.58440972222223,142.74800347222222,6.548687701510316,6.655291202188763,3.9864930555555556,0.07914930555555555
3022,100.73333333333333,158.84639722569446,40.61762080611939,168.61619791666666,157.5703472222222,142.7185763888889,6.554306256763346,6.696070624447859,0.14177083333333335,0.0005497685185185186
3023,100.76666666666667,158.79063855555555,40.6124660542667,168.62440972222223,157.4767361111111,142.84940972222222,6.564076971108737,6.802285525872527,3.84884837962963,0.08241898148148148
3024,100.8,158.39597277083334,40.99391098461437,168.10727430555556,157.1103298611111,142.53543402777777,6.582158958319825,7.021550935206306,3.714184027777778,0.08082175925925926
3025,100.83333333333333,158.17473541319444,41.35485318258277,167.78414930555556,156.8982986111111,142.52302083333333,6.590181144296918,7.217213574087289,3.6680324074074075,0.07833912037037037
3026,100.86666666666666,157.77255634375,41.731656722654876,167.14243055555556,156.56609375,142.13303819444445,6.613743549033912,7.466295586249827,3.9422164351851854,0.07721643518518519
3027,100.9,157.7377185520833,41.8593135174757,167.08895833333332,156.53395833333335,142.12630208333334,6.625424179619645,7.606019213080525,0.7399016203703703,0.013993055555555555
3028,100.93333333333334,157.6238572638889,41.968816997353805,166.7984548611111,156.44967013888888,142.23963541666666,6.651096990572875,7.800059908365343,4.0385532407407405,0.07684027777777777
3029,100.96666666666667,157.31081592708335,42.40113176745903,166.34592013888889,156.14928819444444,142.21194444444444,6.669350589192237,8.126606436087176,4.257320601851852,0.08146990740740741
3030,101.0,157.02255810416665,42.76058953634054,165.76383680555554,155.93987847222223,142.0078298611111,6.677261811814357,8.284431586176979,4.13990162037037,0.07967592592592593
3031,101.03333333333333,157.0654781284722,42.89104860902825,165.81256944444445,155.97574652777777,142.10348958333333,6.679664349662248,8.367538907794229,0.8675057870370371,0.013935185185185186
3032,101.06666666666666,157.01148728819445,43.05771225489765,165.6534201388889,155.93756944444445,142.2025,6.680463448206417,8.480154193907627,3.8018692129629628,0.07516782407407407
3033,101.1,156.8307170798611,43.20664756647592,165.39131944444443,155.77203125,142.1103298611111,6.683425448586702,8.575072637553536,3.3754803240740743,0.06613425925925925
3034,101.13333333333334,156.52109497222222,43.35607962306704,164.91977430555556,155.51862847222222,141.72060763888888,6.695384906517433,8.688113879166227,3.207054398148148,0.06
3035,101.16666666666667,156.61658770138888,43.19131391059072,165.0350173611111,155.59598958333333,141.93755208333334,6.697791924837276,8.758976472467035,3.087997685185185,0.05609953703703704
3036,101.2,156.61735541319445,43.193023858667864,165.03140625,155.59821180555556,141.93680555555557,6.698028616811104,8.759677325570406,0.04810763888888889,0.0
3037,101.23333333333333,156.4926996840278,43.26123121354206,164.89428819444444,155.4713715277778,141.87048611111112,6.70513164446279,8.87401222078532,2.8403819444444443,0.0509837962962963
3038,101.26666666666667,156.1008476666667,43.7125469735493,164.39640625,155.11875,141.40223958333334,6.711275741637155,9.003635948294713,2.4128819444444445,0.04105902777777778
3039,101.3,156.05310841666665,43.81484852299115,164.4243923611111,155.0417534722222,141.42133680555557,6.706804226763515,9.101216234762623,2.011417824074074,0.03045138888888889
3040,101.33333333333333,155.7972619861111,44.01354210603175,164.11248263888888,154.81309027777777,141.06130208333335,6.7137518180082605,9.192836431276621,1.8323900462962963,0.028582175925925928
3041,101.36666666666666,155.8480684895833,44.00572783926734,164.18420138888888,154.85539930555555,141.13470486111112,6.711754705337376,9.185597335155638,0.10247685185185185,0.0
3042,101.4,155.7870182534722,44.009781292547885,164.19272569444445,154.76796875,141.13010416666665,6.717587309858972,9.25026367392926,1.7073842592592592,0.027146990740740742
3043,101.43333333333334,155.75739944791667,44.11147206897623,164.17932291666668,154.73371527777778,141.09864583333334,6.71509098163405,9.293930772879415,1.617494212962963,0.025439814814814814
3044,101.46666666666667,155.52038416319442,44.313919151622834,163.86335069444445,154.5275,140.7890277777778,6.720286877871557,9.337724262934318,1.6233912037037037,0.023501157407407408
3045,101.5,155.4325411423611,44.412159905157466,163.85743055555557,154.40411458333332,140.81203125,6.724808549480887,9.354192947180337,1.7494502314814815,0.02554398148148148
3046,101.53333333333333,155.43633446180553,44.40635074169207,163.85677083333334,154.40961805555557,140.81199652777778,6.7246716568491465,9.35355840727456,0.04075810185185185,0.0
3047,101.56666666666666,155.3207828611111,44.42279196337388,163.76697916666666,154.28293402777777,140.73086805555556,6.73807011303562,9.394606661474235,1.8190972222222221,0.025561342592592594
3048,101.6,155.0113993888889,44.578924253550696,163.38088541666667,154.00555555555556,140.33032986111112,6.753723643243836,9.477495000994217,1.83140625,0.028923611111111112
3049,101.63333333333334,154.9963867465278,44.5616733927232,163.45413194444444,153.94585069444443,140.49814236111112,6.771196096342038,9.530292270636071,1.9602546296296297,0.02662037037037037
3050,101.66666666666667,154.69213821875002,44.63192958749536,163.10465277777777,153.67927083333333,139.95394097222223,6.7984024110894445,9.643130299911439,1.9570659722222221,0.025578703703703704
3051,101.7,154.76971324652777,44.63593472399598,163.20859375,153.73239583333333,140.19607638888888,6.7919920716050965,9.632926544720222,0.2078935185185185,6.944444444444444e-05
3052,101.73333333333333,154.66242949305555,44.64264741112133,163.1444965277778,153.60645833333334,140.14640625,6.802672911288799,9.701350031953007,2.2071006944444442,0.03170717592592592
3053,101.76666666666667,154.369414125,44.9674022722824,162.79092013888888,153.31618055555555,140.00460069444443,6.811623830573849,9.755708260834481,2.1979398148148146,0.029780092592592594
3054,101.8,153.82251963541665,45.30769326263062,162.08852430555555,152.82918402777779,139.32225694444443,6.829340250553192,9.871721362471881,2.4030787037037036,0.032650462962962964
3055,101.83333333333333,153.67803026041665,45.49341513183722,162.21824652777778,152.58463541666666,139.36149305555554,6.828650528128074,9.90075933569039,2.4967592592592593,0.030376157407407407
3056,101.86666666666666,153.6690283645833,45.485275359775834,162.208125,152.58682291666668,139.24494791666666,6.831683722628354,9.899152243348894,0.11150462962962963,0.0
3057,101.9,153.29742021527778,45.74816483235194,162.18984375,152.1407986111111,138.57008680555555,6.834037452928044,9.966512198563487,2.846550925925926,0.03355324074074074
3058,101.93333333333334,152.92380089930558,45.94162130395366,161.70388888888888,151.85567708333335,137.65060763888889,6.845096877141674,10.005807769865385,2.505324074074074,0.03333333333333333
3059,101.96666666666667,152.73503618055554,46.22652480027411,161.57434027777776,151.63850694444446,137.56885416666665,6.840578273839984,10.030741029894154,2.537986111111111,0.03364583333333333
3060,102.0,152.44656550347224,46.50952138369702,161.22717013888888,151.37456597222223,137.21024305555557,6.848789902416776,10.050877658926485,2.4399189814814815,0.03304398148148148
3061,102.03333333333333,152.4860075694444,46.507884415990446,161.28715277777778,151.40578125,137.27069444444444,6.847100980714903,10.04616734519876,0.09037615740740741,0.0
3062,102.06666666666666,152.55328530555556,46.47083870390682,161.4575,151.43920138888888,137.3698611111111,6.838737560204137,10.059521358283396,2.2371701388888887,0.03045138888888889
3063,102.1,152.3851312534722,46.62833303711116,161.32373263888888,151.26380208333333,137.17222222222222,6.835275184457492,10.130906227112922,1.7874652777777778,0.025381944444444443
3064,102.13333333333334,152.32490485416668,46.67520074393484,161.22071180555557,151.23125,136.96387152777777,6.839370890521081,10.194976196966536,1.438900462962963,0.016296296296296295
3065,102.16666666666667,152.6231393333333,46.49935363881509,161.62256944444445,151.48838541666666,137.36409722222223,6.829094835400972,10.163054782693774,1.4809548611111112,0.016556712962962964
3066,102.2,152.62008350347222,46.50009544272494,161.6184201388889,151.48619791666667,137.3556597222222,6.828928227207358,10.16228958105241,0.04148726851851852,0.0
3067,102.23333333333333,152.54636814583333,46.43329538946677,161.59788194444445,151.3946701388889,137.30180555555555,6.837253067767488,10.154957386380055,1.5894502314814816,0.01671875
3068,102.26666666666667,152.3014553888889,46.44326890710028,161.3346875,151.1656076388889,136.95371527777777,6.84551262758315,10.230306149287253,1.6698842592592593,0.022193287037037036
3069,102.3,152.34588385416666,46.33710739048787,161.57942708333334,151.14177083333334,137.08453125,6.8423257276427885,10.266794418416005,1.688269675925926,0.01853009259259259
3070,102.33333333333333,152.1079952986111,46.379096822533896,161.3878125,150.89902777777777,136.75847222222222,6.848312732658179,10.367400933642312,1.7639930555555556,0.020677083333333332
3071,102.36666666666666,152.11950516666667,46.376780662053186,161.40043402777778,150.9099652777778,136.77237847222221,6.847462714435361,10.36742979272595,0.0290625,0.0
3072,102.4,151.93878671180553,46.47548477761446,161.21078125,150.74526041666667,136.45934027777778,6.853243010402463,10.432972570126108,1.9083333333333334,0.021122685185185185
3073,102.43333333333334,152.16303699305556,46.275171587335095,161.72119791666665,150.87741319444444,136.75324652777778,6.846321998339642,10.481716013031978,1.9157465277777779,0.02367476851851852
3074,102.46666666666667,152.17549582638887,46.11609417777769,161.84614583333334,150.87258680555556,136.60569444444445,6.846806465607136,10.557981315778303,2.0638541666666668,0.025677083333333333
3075,102.5,151.82699965277777,46.17477020083107,161.60651041666668,150.50711805555557,136.10477430555557,6.8542594997820645,10.690117177165,1.8732002314814815,0.026140046296296297
3076,102.53333333333333,151.81345371527777,46.172572984074456,161.58583333333334,150.49692708333333,136.07899305555554,6.854382790713315,10.690323140705601,0.0454224537037037,0.0
3077,102.56666666666666,151.82344871875,46.05544251749997,161.82921875,150.42807291666668,136.1828125,6.856985026874025,10.734649422733401,1.7572627314814815,0.02087962962962963
3078,102.6,151.5355026111111,46.08796136131392,161.62675347222222,150.12463541666668,135.79661458333334,6.865422486978092,10.875484092099718,1.4275057870370371,0.015347222222222222
3079,102.63333333333334,151.40666591666664,46.0428700937081,161.63395833333334,149.9570486111111,135.65104166666666,6.871229579913599,11.007997179958537,1.2107696759259259,0.009108796296296297
3080,102.66666666666667,150.99541584027776,46.091735458734824,161.24138888888888,149.5587847222222,135.05614583333335,6.887004375560009,11.204237715589603,1.412824074074074,0.014363425925925925
3081,102.7,151.11106345138887,45.21903640902628,161.60107638888888,149.63553819444445,134.8384722222222,6.7973761642977655,10.097260471800455,1.5049016203703705,0.021064814814814814
3082,102.73333333333333,151.11557447222222,45.091844172312754,161.77578125,149.57980902777777,134.93855902777779,6.808012552212113,10.239335594007766,1.5486921296296297,0.01228587962962963
3083,102.76666666666667,150.98492448958334,45.07433090502352,161.74184027777778,149.41755208333333,134.8362326388889,6.82305319856081,10.449128488473274,1.4989178240740741,0.015416666666666667
3084,102.8,150.73985223263887,45.19060851585261,161.44270833333334,149.2006423611111,134.4713715277778,6.847093361051936,10.652352972871899,1.5616319444444444,0.01733796296296296
3085,102.83333333333333,150.7683582361111,45.2034316043094,161.48508680555557,149.22352430555554,134.51473958333332,6.864732057531196,10.807794232239438,1.6790104166666666,0.017511574074074075
3086,102.86666666666666,150.74564141319445,45.303913255330926,161.44064236111112,149.2025,134.5392361111111,6.879535015443941,10.95746465278933,0.6740393518518518,0.012488425925925925
3087,102.9,150.82549293055555,45.17542977665365,161.67934027777778,149.20600694444445,134.90760416666666,6.897104511117096,11.075730417172592,2.3217766203703705,0.024583333333333332
3088,102.93333333333334,150.25040666319444,44.96161017837848,161.03848958333333,148.65828125,134.2551388888889,6.930231183536072,11.247863216854174,2.572048611111111,0.04138888888888889
3089,102.96666666666667,148.78827903819445,45.242942067947496,159.63217013888888,147.16401041666666,132.94708333333332,6.967864317237803,11.493055974722058,3.5888310185185186,0.05741319444444445
3090,103.0,146.92124173958334,45.74533374349258,157.6877951388889,145.33894097222222,130.8920486111111,7.006288484356721,11.736870668222632,4.368784722222222,0.07219328703703703
3091,103.03333333333333,146.99911173958333,45.88018425189065,157.78619791666668,145.4035590277778,131.04072916666667,7.004557450038591,11.813902450892325,0.9107060185185185,0.014195601851851852
3092,103.06666666666666,146.91361755902776,45.94259457268446,158.00690972222222,145.249375,130.73401041666668,7.038162826251784,12.014870085524624,5.951140046296296,0.08717013888888889
3093,103.1,146.76616031944445,46.260976870941086,158.31942708333332,144.98664930555555,130.37394097222221,7.067725993362277,12.31694420494983,5.769212962962963,0.0853587962962963
3094,103.13333333333334,146.6894083645833,46.66645740862507,158.09649305555556,145.01980902777777,129.63887152777778,7.105787681277608,12.493990745369683,5.840075231481482,0.0822511574074074
3095,103.16666666666667,147.0227943784722,46.846442411335204,158.56947916666667,145.30711805555555,130.01762152777778,7.11816930180745,12.48852475694627,4.855422453703704,0.07128472222222222
3096,103.2,147.02075930208332,46.84487009547028,158.56635416666666,145.30555555555554,130.01411458333334,7.118327004989823,12.489422032053582,0.011944444444444445,0.0
3097,103.23333333333333,147.32266987152778,47.07125932442895,158.97953125,145.57506944444444,130.30930555555557,7.116791826729776,12.457412698207513,4.682708333333333,0.06483796296296296
3098,103.26666666666667,147.6304108263889,47.02397850502139,159.2148090277778,145.9248263888889,130.41421875,7.109264593266474,12.509868832214824,4.426799768518518,0.057054398148148146
3099,103.3,147.97385034722225,46.58150648578599,159.69161458333335,146.20979166666666,130.94418402777777,7.059045147696393,12.622784609439,4.820787037037037,0.07450810185185185
3100,103.33333333333333,148.25449497569443,46.413455770492874,159.85015625,146.54883680555557,131.00586805555557,7.061190315579507,12.72445584730407,4.118078703703704,0.06750578703703704
3101,103.36666666666666,148.28615233333332,46.41934017295838,159.89753472222222,146.56322916666667,131.16225694444444,7.058252190855196,12.716788231239018,0.12806712962962963,5.787037037037037e-06
3102,103.4,148.7173032048611,46.23199114539323,160.37506944444445,146.97095486111112,131.6888715277778,7.036196997420357,12.720944469048751,3.9590046296296295,0.07201967592592592
3103,103.43333333333334,148.74345412847225,46.29698626967798,160.3866840277778,146.9919965277778,131.8084375,7.039424989907844,12.716064380394924,2.9407175925925926,0.05302662037037037
3104,103.46666666666667,148.4728987222222,46.50270552940346,159.99036458333333,146.7837847222222,131.2906423611111,7.045940614515578,12.729096204472729,2.5207060185185184,0.042019675925925926
3105,103.5,148.2937246076389,46.5765994619266,159.88352430555557,146.56630208333334,131.27795138888888,7.047434688585136,12.67613453294382,2.8038310185185185,0.049589120370370374
3106,103.53333333333333,148.29597321527777,46.57515456628847,159.88475694444443,146.5690972222222,131.27777777777777,7.047192577665459,12.675727800242235,0.014849537037037038,0.0
3107,103.56666666666666,148.0886199583333,46.64205220728216,159.7200173611111,146.33809027777778,131.17925347222223,7.062200914089697,12.637627457877999,3.5936458333333334,0.0687037037037037
3108,103.6,147.7878772986111,46.77383484782484,159.28862847222223,146.08744791666666,130.76692708333334,7.069109551058361,12.643349262573114,3.420584490740741,0.06423032407407407
3109,103.63333333333334,147.72877201736108,46.83622109672903,159.29072916666667,146.00256944444445,130.78289930555556,7.070633264556866,12.629802576192965,3.888796296296296,0.06413194444444445
3110,103.66666666666667,147.60995912152777,46.750434147823185,159.2234375,145.85616319444443,130.78571180555556,7.071872765120025,12.560805807700145,3.7011631944444443,0.06856481481481481
3111,103.7,147.61185261458334,46.750264171439454,159.22300347222222,145.85888888888888,130.78621527777779,7.0718415899523706,12.561630383160614,0.016140046296296295,0.0
3112,103.73333333333333,146.65715805555556,46.951777531717006,158.32963541666666,144.88225694444444,129.86824652777779,7.091640609980434,12.531712841408936,4.38041087962963,0.08647569444444445
3113,103.76666666666667,145.4135237152778,47.45510955990327,156.95546875,143.68862847222223,128.51362847222222,7.131539505831223,12.537393305121869,5.513246527777778,0.10741319444444444
3114,103.8,144.03669247222223,48.34657893449358,155.71055555555554,142.2697222222222,127.16513888888889,7.157834131142803,12.296897369372545,6.707320601851852,0.12232060185185185
3115,103.83333333333333,141.9544986736111,49.31133803087037,153.53678819444445,140.23090277777777,124.92293402777777,7.21066553140017,12.200239040823618,7.331770833333334,0.14355902777777776
3116,103.86666666666666,141.98910832291665,49.31903567249261,153.58444444444444,140.26074652777777,124.96633680555556,7.211283810350364,12.196784951576422,0.07952546296296296,0.0
3117,103.9,141.06326850694444,49.84080542105338,152.9856423611111,139.28635416666665,123.55845486111112,7.246360786332499,12.2988020841433,8.7390625,0.1769386574074074
3118,103.93333333333334,141.12772959375,49.12641045710891,153.6090451388889,139.2409375,123.06548611111111,7.268311200772955,12.54555001945505,9.328408564814815,0.18755208333333334
3119,103.96666666666667,138.5310093611111,50.07614025446444,150.69064236111112,136.70444444444445,120.81939236111111,7.314442160407303,12.719028262458675,10.865873842592592,0.20299189814814814
3120,104.0,138.51662505902777,50.157898663712956,150.0767013888889,136.77776041666667,121.70171875,7.314856804340016,12.734282825274633,9.090219907407407,0.1774537037037037
3121,104.03333333333333,138.5139289097222,50.1651075590555,150.0717534722222,136.77586805555555,121.69769097222222,7.314418268315852,12.737412713903993,0.026226851851851852,0.0
3122,104.06666666666666,139.02859428472223,50.21556166912015,150.42697916666665,137.30244791666667,122.56381944444445,7.288601940604016,13.10265017930886,8.384473379629629,0.16126157407407407
3123,104.1,138.84245749652777,50.642530760267334,150.03491319444444,137.16881944444444,122.46392361111111,7.28248467648911,13.263534548608071,7.291296296296296,0.13817708333333334
3124,104.13333333333334,138.8847438611111,51.39318469945243,150.35659722222223,137.111875,122.66645833333334,7.278008673577547,13.543958605659636,7.254484953703703,0.1302199074074074
3125,104.16666666666667,139.48098270833333,51.329088471002684,150.96133680555556,137.71914930555556,123.12835069444445,7.265929742253396,13.690618694621762,5.823940972222222,0.09661458333333334
3126,104.2,139.48452885416665,51.33884453776591,150.96586805555555,137.7221875,123.13402777777777,7.265859954220039,13.690224433647298,0.02435763888888889,0.0
3127,104.23333333333333,139.51524442013888,51.71402016001716,151.0540625,137.74673611111112,123.05657986111112,7.259920894694009,13.768680062563968,4.935549768518518,0.08277199074074074
3128,104.26666666666667,140.0527238159722,51.864717651042525,151.63986111111112,138.2540625,123.75046875,7.236317768012307,13.765883915706016,3.987488425925926,0.07327546296296296
3129,104.3,140.3552702048611,51.8905198018596,151.89256944444443,138.57571180555556,124.01053819444445,7.220361607363791,13.688492021398122,2.114380787037037,0.03005787037037037
3130,104.33333333333333,140.4145818715278,51.995850860962975,151.9142361111111,138.65072916666668,124.02512152777778,7.215390239944143,13.700039265702925,1.4852025462962963,0.011857638888888888
3131,104.36666666666666,140.40492679166667,51.995390133392874,151.898125,138.64392361111112,124.00625,7.214658176940441,13.700247970246192,0.03644097222222222,0.0
3132,104.4,140.96897100347223,52.665848557579736,152.15258680555556,139.24956597222223,125.06982638888888,7.1937320252130466,13.710430015253795,3.160289351851852,0.01781828703703704
3133,104.43333333333334,141.05353655555555,52.76278606849561,152.18770833333335,139.35645833333334,125.07881944444445,7.190512091177462,13.718642042757084,1.3846412037037037,0.003472222222222222
3134,104.46666666666667,141.23364511458334,52.75602428910073,152.4202951388889,139.5159201388889,125.30892361111111,7.186606116556717,13.692160642191151,1.2921643518518517,0.004959490740740741
3135,104.5,141.0976579513889,52.824485045398944,152.1979513888889,139.41802083333334,125.04993055555556,7.1909820994314995,13.70571404658096,1.1937962962962962,0.002951388888888889
3136,104.53333333333333,141.12634895833332,52.82875553668018,152.23526041666668,139.44303819444445,125.08963541666667,7.191731992782812,13.704848213070065,0.05583912037037037,0.0
3137,104.56666666666666,141.3927018125,52.75120468665203,152.59289930555556,139.67284722222223,125.44918402777778,7.188345468771972,13.655338142872814,1.3868344907407408,0.004166666666666667
3138,104.6,141.5256061701389,52.72611211380884,152.7607638888889,139.79383680555554,125.59717013888888,7.187177853240154,13.625996092306103,1.2324074074074074,0.0040335648148148145
3139,104.63333333333334,141.39660638194445,52.791024502373105,152.5455902777778,139.70159722222223,125.35777777777778,7.185510002319583,13.65381222832009,1.2022800925925925,0.0030787037037037037
3140,104.66666666666667,141.60673597916667,52.72771149402856,152.855,139.87166666666667,125.67239583333334,7.181941037093224,13.643035269298043,1.3140509259259259,0.004375
3141,104.7,141.60629844097224,52.72959451618332,152.85041666666666,139.87289930555556,125.66762152777778,7.182399278835543,13.642246249064158,0.035451388888888886,0.0
3142,104.73333333333333,141.7930299861111,52.665002221729885,153.09835069444443,140.03739583333333,125.89439236111112,7.179692763416454,13.608127962847629,1.2658449074074074,0.0035069444444444445
3143,104.76666666666667,141.69966618055557,52.69437032400339,152.90010416666667,139.98703125,125.68392361111111,7.180787208880542,13.610052820409962,1.2656539351851852,0.0032175925925925926
3144,104.8,141.94127744791666,52.61448973289292,153.22861111111112,140.1929513888889,126.02321180555556,7.173393794063504,13.561389202259665,1.2848958333333333,0.004340277777777778
3145,104.83333333333333,141.91484517708332,52.61921830814393,153.15539930555556,140.18647569444445,125.93684027777778,7.1717716387194965,13.556972639794326,1.100630787037037,0.004184027777777778
3146,104.86666666666666,143.70294202430554,64.17346721933917,162.59708333333333,140.51336805555556,119.66262152777777,6.931897307900744,12.67003627407953,54.23939236111111,0.738738425925926
3147,104.9,144.34148125000002,63.7334752074714,163.64364583333332,141.1026736111111,119.58739583333333,6.84767970736845,11.37258359334836,1.6284201388888888,0.023136574074074073
3148,104.93333333333334,144.35753416319443,63.72477120705325,163.6837673611111,141.10861111111112,119.63277777777778,6.847289234632312,11.372109629311803,0.05589699074074074,0.0
3149,104.96666666666667,144.35504521874998,63.70346471507753,163.67626736111112,141.1077951388889,119.62847222222223,6.84693501411933,11.356716585333565,0.3742303240740741,0.005914351851851852
3150,105.0,144.34674162152777,63.69812619830104,163.67229166666667,141.09805555555556,119.62164930555555,6.84734613096862,11.392731173931693,0.45580439814814816,0.007991898148148149
3151,105.03333333333333,144.1354620625,63.66757590093585,163.42782986111112,140.89944444444444,119.38258680555556,6.860693688295199,11.404013497451032,0.7373900462962963,0.011556712962962963
3152,105.06666666666666,142.92583147569442,62.62510362112542,162.08371527777777,139.71013888888888,118.36762152777777,6.865670564952541,11.242294665780445,4.142690972222222,0.05207175925925926
3153,105.1,142.17651854166667,62.47759699384511,161.25116319444444,138.98489583333333,117.6249826388889,6.883866046418458,11.237329367065716,2.895931712962963,0.03867476851851852
3154,105.13333333333334,141.93592273958333,62.47536969286078,161.0234375,138.73220486111111,117.46630208333333,6.896192879469232,11.357425958977537,2.953263888888889,0.04425347222222222
3155,105.16666666666667,141.5679338888889,62.460349269581094,160.60394097222223,138.37925347222222,117.10102430555555,6.916337481145302,11.462824329113957,2.6255960648148147,0.039074074074074074
3156,105.2,140.54899203472223,62.52009293259137,159.49449652777778,137.38713541666667,116.08286458333333,6.910373764622725,11.551774187297141,3.8428703703703704,0.05410300925925926
3157,105.23333333333333,140.39525753125,62.52647160957591,159.2876215277778,137.24631944444445,115.9576388888889,6.923335724850685,11.669170510513535,0.7027662037037037,0.01138888888888889
3158,105.26666666666667,140.25395843402777,62.50525974709935,159.14380208333333,137.09352430555555,115.93763888888888,6.932682869007225,11.768584105314002,2.316892361111111,0.0437962962962963
3159,105.3,140.03967539583334,62.55297188132723,158.83746527777777,136.90184027777778,115.77055555555556,6.945297189514738,11.889957274355723,2.497164351851852,0.04806134259259259
3160,105.33333333333333,139.98154110069444,62.55068831325809,158.73302083333334,136.8478125,115.80810763888888,6.948239361713322,11.915949460839006,3.2135011574074075,0.05697337962962963
3161,105.36666666666666,140.39362685763888,62.162515177784684,159.05868055555555,137.27793402777777,116.29602430555556,6.953540050388069,11.951926335822588,4.234126157407408,0.08189814814814815
3162,105.4,140.576031125,61.97520864167852,159.23019097222223,137.4531423611111,116.58178819444444,6.949168204404308,11.979043656479675,2.938454861111111,0.05047453703703704
3163,105.43333333333334,140.7757785208333,61.94035815257699,159.31701388888888,137.67944444444444,116.85100694444445,6.950432037657995,12.023336934035864,3.7240104166666668,0.0637037037037037
3164,105.46666666666667,141.16243075347222,61.85818368917711,159.76677083333334,138.04973958333332,117.21387152777778,6.9344118235857195,12.040899598249032,3.805,0.07346064814814815
3165,105.5,141.37235958680554,62.11474049310945,159.89996527777777,138.29473958333332,117.30234375,6.924741413066929,12.049312231533818,3.0711226851851854,0.0739525462962963
3166,105.53333333333333,141.75631966319443,61.751267362109424,160.32223958333333,138.66217013888888,117.73722222222223,6.919841355533217,12.008228133801412,1.9619097222222222,0.038524305555555555
3167,105.56666666666666,142.24111743055556,61.48362295803847,160.68317708333333,139.18555555555557,118.20449652777778,6.916224616587453,11.984509917883686,2.957847222222222,0.07046296296296296
3168,105.6,142.30654600694444,61.41520227944973,160.75425347222222,139.24847222222223,118.27817708333333,6.915799163361193,11.976344997385846,0.09626157407407407,0.0
3169,105.63333333333334,142.64791519791666,61.117148056390455,161.03133680555555,139.61307291666665,118.57871527777777,6.9265002614557485,11.939959125992516,1.8122685185185186,0.04085648148148148
3170,105.66666666666667,142.65999165277776,60.54810875439901,161.03833333333333,139.61017361111112,118.75409722222223,6.943229883236255,11.9074786236115,1.8821064814814814,0.03782407407407407
3171,105.7,141.39981481944443,60.35878533111775,159.38850694444446,138.41414930555555,118.00579861111112,6.977003212439021,11.806627295740224,2.8953761574074073,0.053599537037037036
3172,105.73333333333333,139.9721918923611,60.90471791987991,157.71270833333332,137.00866319444444,117.08967013888889,7.0017490236270685,11.75286722886372,3.983767361111111,0.07284143518518518
3173,105.76666666666667,138.81609830208333,60.98042331699339,155.90449652777778,135.9714409722222,116.67628472222222,6.9924970790540995,11.470066316719617,5.166539351851852,0.10021990740740741
3174,105.8,134.65851661805556,61.97847966600731,150.43012152777777,131.92647569444443,115.28057291666667,7.030479912089908,10.896719467229364,9.652690972222222,0.15442708333333333
3175,105.83333333333333,132.00226322222224,61.56870342337183,146.24604166666666,129.46086805555555,115.23465277777778,7.000291889693603,10.378471417949239,7.590167824074074,0.13522569444444443
3176,105.86666666666666,129.5613738923611,61.741578556748415,142.3669965277778,127.25251736111112,114.72506944444444,7.002884901234553,10.129921970914964,7.641157407407407,0.12530092592592593
3177,105.9,127.49088378819447,60.98151936538631,137.81631944444445,125.55803819444445,116.23303819444445,6.966416693725902,9.366308623427859,8.560844907407407,0.13141203703703705
3178,105.93333333333334,127.49082866666666,60.973723469986275,137.80008680555557,125.56407986111111,116.22022569444445,6.966849247390365,9.364637613159625,0.05300347222222222,0.0
3179,105.96666666666667,125.1988226111111,59.83665920578855,132.98215277777777,123.6540625,117.58215277777778,6.9469512625546574,8.514045589461729,7.684577546296296,0.13134837962962964
3180,106.0,122.46778433333334,58.64230894307294,128.86434027777779,121.03890625,117.78670138888889,6.926425771873573,7.937934573299334,6.565341435185185,0.10738425925925926
3181,106.03333333333333,118.96342336458332,57.41713619467999,122.62911458333333,117.97736111111111,117.9371875,6.952508918317337,7.543712077386269,7.915694444444444,0.11711805555555556
3182,106.06666666666666,117.9458308611111,57.35261412699806,118.71185763888889,117.50776041666667,120.02963541666666,6.937949131995784,6.922306057889747,10.167638888888888,0.15957175925925926
3183,106.1,115.48860788888888,56.45934640343471,114.13699652777778,115.37354166666667,120.60838541666666,7.070506793509276,6.345439845520437,12.779809027777778,0.20239583333333333
3184,106.13333333333334,110.13980755208331,53.93835115691604,105.70479166666667,110.47878472222222,119.84130208333333,7.01595214171215,5.655204435809647,14.93995949074074,0.23019097222222223
3185,106.16666666666667,108.92550962152778,52.77969773253904,103.53079861111111,109.37994791666667,120.30918402777777,7.042183087655002,5.531789649368857,11.343304398148149,0.2117534722222222
3186,106.2,107.7050096736111,52.04890450864653,100.38090277777778,108.4634375,121.75871527777778,7.035843533863151,5.100960830525809,13.308483796296295,0.22386574074074075
3187,106.23333333333333,108.66958376388888,52.3163820714726,99.35944444444445,109.7968923611111,124.91729166666667,6.861721826222782,4.92806840102467,10.644334490740741,0.1837673611111111
3188,106.26666666666667,108.6831575,52.31679828341225,99.3229861111111,109.828125,124.90326388888889,6.862423370700329,4.930290296457519,0.06928819444444445,0.0
3189,106.3,110.07581358333333,52.429905176002585,100.09479166666667,111.29881944444445,127.35104166666666,6.792886579303691,4.817804876468887,5.567534722222222,0.09890046296296297
3190,106.33333333333333,110.39463255208332,52.4661502389307,99.91786458333333,111.7454513888889,127.86354166666666,6.794516075324052,4.850455545635875,2.461857638888889,0.042083333333333334
3191,106.36666666666666,110.50587935069443,52.52401368947241,99.38925347222222,112.00461805555555,128.39364583333332,6.783775130288619,4.892216632207137,2.2022222222222223,0.03872106481481481
3192,106.4,110.41456068055555,52.53271800164429,98.57911458333334,112.10689236111111,128.5012673611111,6.7895089909867465,4.881699030862589,1.4903472222222223,0.02052662037037037
3193,106.43333333333334,110.89473215624999,52.60541992264788,99.19321180555555,112.56666666666666,128.78913194444445,6.808419689531149,4.9953625662447045,0.6085069444444444,0.005109953703703703
3194,106.46666666666667,112.59005207638889,52.89313970538132,101.57347222222222,114.14940972222222,129.58274305555557,6.865674644178456,4.934688993637493,1.9177256944444445,0.02221064814814815
3195,106.5,114.17722061805557,52.82503548455126,104.16625,115.6009548611111,129.55225694444445,6.947832008748682,4.927887828760783,4.819565972222223,0.06442708333333333
3196,106.53333333333333,114.9361586111111,52.58146573895685,106.10151041666667,116.19520833333333,128.47873263888889,7.034556940398963,5.045312395733607,8.902702546296297,0.1267824074074074
3197,106.56666666666666,116.0686876423611,52.05926564492983,108.00932291666666,117.18203125,128.77170138888889,7.08098361297721,4.973684579107147,10.66798611111111,0.15925347222222222
3198,106.6,116.30406262847221,51.75967728040456,109.15897569444445,117.30164930555556,127.4615625,7.117262952042406,4.846811100343154,11.556296296296296,0.17964699074074075
3199,106.63333333333334,116.3171652986111,51.74627613797485,109.18541666666667,117.30008680555555,127.58065972222222,7.120950331636417,4.8528411804363705,0.09737847222222222,0.0
3200,106.66666666666667,117.13739506944445,51.65585153062221,111.22883680555556,117.96461805555556,126.34140625,7.140309638028333,4.70416687548221,12.68072337962963,0.1983912037037037
3201,106.7,119.6468217326389,51.43005570318097,114.50934027777778,120.40413194444444,127.27286458333333,7.0824417985596275,4.712803814054385,14.545677083333333,0.21996527777777777
3202,106.73333333333333,123.26914880555553,51.73603519824578,118.54105902777778,124.12157986111112,128.74744791666666,7.022568482868646,4.8078580204934145,15.244467592592592,0.22517939814814814
3203,106.76666666666667,126.12709719791667,52.46835840453871,123.51777777777778,126.67208333333333,128.41196180555556,7.034864023097414,5.0959086821931265,15.529930555555556,0.23538773148148148
3204,106.8,130.32011227430553,53.54763138539471,130.00838541666667,130.53895833333334,129.0701736111111,7.048021728600939,4.999907828163035,16.74252314814815,0.25631944444444443
3205,106.83333333333333,134.104076375,54.00270545151064,135.77614583333335,134.00472222222223,130.1646875,7.038674845875854,4.99548119948218,16.14449652777778,0.24584490740740741
3206,106.86666666666666,136.48410840625,54.19604098959123,139.8529513888889,136.07848958333332,130.5822048611111,7.031585100057681,4.950355917303088,14.602465277777778,0.2319212962962963
3207,106.9,139.12988766666666,54.45067349973855,144.98815972222224,138.35274305555555,129.57788194444444,7.023121419754039,4.876654536915826,18.621365740740742,0.3042592592592593
3208,106.93333333333334,147.39485282638887,53.08374429728977,157.3125347222222,146.0071875,131.93722222222223,6.84539965040257,4.550551795488111,27.65976851851852,0.45358796296296294
3209,106.96666666666667,147.39202486805553,53.083789933306655,157.30810763888888,146.0050173611111,131.93258680555556,6.8441534585743256,4.550032279186344,0.007945601851851851,0.0
3210,107.0,152.01292222916666,51.26033968775945,163.77621527777777,150.304375,134.29930555555555,6.714065705862006,4.6633341719101775,26.153211805555557,0.43133680555555554
3211,107.03333333333333,154.74973652430555,48.47216111192507,168.14831597222224,152.8162152777778,134.4494097222222,6.668507369722347,3.6712713652021804,20.068952546296295,0.3448090277777778
3212,107.06666666666666,157.71392133333333,46.19826756249861,172.27149305555557,155.54590277777777,136.32371527777778,6.6009447541135176,3.7753508691835513,16.039056712962964,0.29908564814814814
3213,107.1,159.1115615208333,44.91900055925301,174.23394097222223,156.87286458333332,136.75835069444443,6.591635976900414,3.742925844871733,13.653304398148148,0.2683622685185185
3214,107.13333333333334,160.79222471527777,43.4251300849883,176.43885416666666,158.44887152777778,137.9320138888889,6.580159651413869,3.7750023664257677,12.142349537037036,0.23278356481481483
3215,107.16666666666667,161.41998485416664,42.74302078577543,176.88960069444445,159.1682638888889,138.1733159722222,6.566364355080439,3.811523355511384,9.796383101851852,0.17384837962962962
3216,107.2,162.71421010763888,42.2753462545016,178.384375,160.39977430555555,139.49824652777778,6.515985749505443,3.795821438537148,7.377824074074074,0.1374247685185185
3217,107.23333333333333,163.18085875347225,42.08213788490112,178.83348958333335,160.8882638888889,139.80017361111112,6.53009689589192,3.858015694998409,4.6241261574074075,0.07810185185185185
3218,107.26666666666667,163.60891440625,42.02849193325583,179.30713541666665,161.30755208333332,140.18083333333334,6.543261411843849,3.9816169405010173,4.720052083333333,0.08132523148148148
3219,107.3,163.5198436701389,42.05977741379143,179.03418402777777,161.2865798611111,139.95864583333332,6.554915210017457,4.029066610894998,4.781886574074074,0.07882523148148148
3220,107.33333333333333,163.55579361805556,42.16871354663587,179.10876736111112,161.30477430555555,140.05671875,6.5621969888775045,4.10536287024247,0.6853414351851852,0.011296296296296296
3221,107.36666666666666,161.6585645416667,43.94882617173861,176.98647569444444,159.44546875,138.4465451388889,6.654681365444803,4.459763126409539,6.8381944444444445,0.11692708333333333
3222,107.4,161.6997621076389,44.033302733654764,177.04276041666665,159.48208333333332,138.48871527777777,6.648508901617048,4.508080198155826,4.260451388888889,0.07581018518518519
3223,107.43333333333334,157.6395048472222,46.68586454137196,172.77043402777778,155.4567013888889,134.70744791666667,6.860610427238881,5.024947264070584,8.708616898148149,0.1425752314814815
3224,107.46666666666667,157.79852089930554,46.41566590455901,173.0438888888889,155.57871527777777,134.89602430555556,6.855167925067425,5.051979735348938,3.6852372685185184,0.06392361111111111
3225,107.5,156.07055130208332,47.44579768433266,171.23104166666667,153.85840277777777,133.34213541666668,6.926806041754535,5.446446932772266,10.278171296296296,0.1804976851851852
3226,107.53333333333333,155.82083602430555,47.7847305918487,170.91175347222222,153.616875,133.21618055555555,6.933405407665136,5.449280392856517,4.303819444444445,0.07304398148148149
3227,107.56666666666666,152.9722002673611,49.652537689494444,167.70888888888888,150.8412847222222,130.68703125,6.959304970843214,5.5638783443323625,9.490648148148148,0.1685648148148148
3228,107.6,151.79468707291664,49.97693111071254,166.5457986111111,149.6391840277778,129.7106076388889,6.9768828214929215,5.770571013604184,5.22390625,0.09452546296296296
3229,107.63333333333334,151.67052972916665,50.44649795108131,166.18520833333332,149.57732638888888,129.66552083333335,6.9749501003290995,6.19409190784689,13.505,0.22762731481481482
3230,107.66666666666667,151.67489293055553,50.44342991028795,166.19592013888888,149.5793402777778,129.67446180555555,6.974342480267435,6.1940859156715975,0.046469907407407404,0.0
3231,107.7,150.6566785451389,50.854598508418796,165.02335069444445,148.58907986111112,128.83385416666667,7.019638416186048,6.218224600997573,6.359259259259259,0.09416087962962963
3232,107.73333333333333,148.84797554861112,51.6754433724658,163.1532638888889,146.7459027777778,127.54739583333334,7.078908459352979,6.5632462478638,14.43306712962963,0.231875
3233,107.76666666666667,149.1304237777778,50.73431606576563,163.32607638888888,147.05666666666667,127.8721875,7.083798978981745,6.3584428152053665,9.048055555555555,0.13662037037037036
3234,107.8,148.33683286805555,51.06763393029355,162.67135416666667,146.2034548611111,127.26027777777777,7.105540499174422,6.534123518577097,12.411927083333333,0.20836805555555554
3235,107.83333333333333,147.9501820625,50.939914876828894,162.20098958333332,145.83935763888888,126.89671875,7.119046356104627,6.54107118524875,10.878449074074075,0.17000578703703703
3236,107.86666666666666,147.4677549375,50.868941411568734,161.58477430555556,145.36322916666666,126.74585069444444,7.104111315860905,6.598753766459626,10.50134837962963,0.17516782407407408
3237,107.9,146.81682246875,50.62603831335322,160.7190625,144.776875,126.08765625,7.129315049935844,6.6254356410139,11.350040509259259,0.18909722222222222
3238,107.93333333333334,146.30522641319445,50.56742144854713,160.1104513888889,144.27645833333332,125.75098958333334,7.1639101553137765,6.810972130110219,11.689108796296296,0.2090798611111111
3239,107.96666666666667,145.52651359027777,50.37542265328426,158.83335069444445,143.57875,125.63741319444445,7.150468033694833,6.738091784900756,19.42265625,0.3236574074074074
3240,108.0,145.52905100347223,50.376085448825904,158.82465277777777,143.58546875,125.63161458333333,7.151434597336915,6.737790598842645,0.03657407407407407,0.0
3241,108.03333333333333,145.57779339930556,49.13994644439379,155.36821180555555,144.18125,130.58284722222223,6.971791237884052,6.337847461001729,29.20032986111111,0.4695949074074074
3242,108.06666666666666,144.39954088194443,50.304592187453146,154.68484375,142.93121527777777,128.65842013888889,6.954308858105078,6.212956040336786,17.13618634259259,0.2877314814814815
3243,108.1,143.89237589583334,50.699776875949894,154.5726736111111,142.37453125,127.47868055555556,6.952233351614754,6.275863749931286,16.694542824074073,0.28017939814814813
3244,108.13333333333334,143.5953766736111,50.834976102486586,154.4817013888889,142.0378472222222,126.968125,6.962080493034532,6.275316967478678,13.678373842592592,0.2317824074074074
3245,108.16666666666667,142.08009503819443,51.005200212152616,152.20215277777777,140.67427083333334,126.20053819444445,7.000644979745488,5.856553978291268,14.215109953703704,0.2559490740740741
3246,108.2,142.1271118298611,51.660890633801664,152.0506423611111,140.721875,126.82631944444445,6.983124128205281,5.833457804240391,10.779907407407407,0.21020833333333333
3247,108.23333333333333,141.21260782291665,52.224430517132085,150.31717013888888,139.96875,126.72475694444445,6.987782516331217,5.76177083178211,8.992291666666667,0.16883680555555555
3248,108.26666666666667,141.197139375,52.33916103157795,150.16625,139.95715277777776,127.06979166666666,6.984293263273139,5.696321695950791,9.251637731481482,0.15944444444444444
3249,108.3,141.39912783333332,52.58276571366728,149.69847222222222,140.31321180555557,127.71777777777778,6.975107658172744,5.73340125642137,10.338003472222223,0.1901736111111111
3250,108.33333333333333,140.92053794444445,52.76173626598456,149.3398611111111,139.79480902777777,127.28027777777778,6.976921375361323,5.740441309397676,8.010960648148147,0.1347511574074074
3251,108.36666666666666,140.92086713194445,52.76057654599888,149.33807291666668,139.79574652777777,127.28081597222223,6.976336158934513,5.739511668501256,0.01685185185185185,0.0
3252,108.4,140.7782955763889,52.7481136586733,149.10777777777778,139.67338541666666,127.19635416666667,6.981356676850113,5.7552489503540505,7.7637731481481485,0.12875
3253,108.43333333333334,140.77729579166663,52.6631107870838,149.08902777777777,139.6825,127.14743055555556,6.981374927525348,5.751980119264184,0.2822048611111111,0.003449074074074074
3254,108.46666666666667,141.01807310416666,52.686968340065334,149.52546875,139.84489583333334,127.58848958333333,6.979717041958905,5.720357196888214,3.996261574074074,0.06949074074074074
3255,108.5,141.46372072222223,52.5138511941278,150.00704861111112,140.29553819444445,127.87885416666667,6.980790074100296,5.703220204142417,1.48765625,0.02378472222222222
3256,108.53333333333333,141.96275509027777,52.50884821046149,150.61989583333335,140.76940972222224,128.2920138888889,6.973374228212183,5.686332004411287,1.6181076388888889,0.026817129629629628
3257,108.56666666666666,142.53897767708332,52.733416409495646,151.21560763888888,141.36755208333332,128.5937152777778,6.970248915489355,5.79418356234275,2.8064699074074073,0.05722222222222222
3258,108.6,143.0890317361111,52.92460856041063,152.05322916666665,141.85119791666668,128.95482638888888,6.963518201331905,5.962475614799386,3.018755787037037,0.05137152777777778
3259,108.63333333333334,143.29796468749998,53.01921671689551,152.49439236111112,142.02388888888888,128.83894097222222,6.971091165253551,6.018183491298435,2.6767766203703705,0.050763888888888886
3260,108.66666666666667,143.1994751597222,53.289193035047305,152.4324826388889,141.9193576388889,128.69258680555555,6.991662875579982,6.1881853336552535,2.4921238425925925,0.04271990740740741
3261,108.7,143.1292272048611,53.290772706689914,152.34868055555555,141.85873263888888,128.56692708333333,6.991830670824513,6.186716765706574,0.11473958333333334,2.3148148148148147e-05
3262,108.73333333333333,142.61833367361112,53.43536643932967,151.57246527777778,141.38880208333333,128.43152777777777,6.995652328452453,6.022038549875806,3.82203125,0.064375
3263,108.76666666666667,142.17665602083335,53.529879776747016,150.85633680555554,141.0154513888889,128.12116319444445,6.990138097300813,5.961695843093086,2.830329861111111,0.04967592592592593
3264,108.8,141.9113389375,53.479172365526374,150.43416666666667,140.7686111111111,128.1346875,6.981676529138941,5.76641463145895,1.8805671296296296,0.034837962962962966
3265,108.83333333333333,141.83856705902775,53.462157286245436,150.17927083333333,140.74550347222223,128.10623263888888,6.981468278141932,5.715004098853104,1.4488078703703704,0.027366898148148147
3266,108.86666666666666,141.99105536458333,53.31243721621787,150.20055555555555,140.91276041666666,128.4987673611111,6.975346798224669,5.574968736639779,1.6027546296296296,0.027702546296296298
3267,108.9,141.93343046875,53.24489818846027,150.02072916666665,140.88659722222224,128.48932291666668,6.974361210549533,5.539482220183315,1.2133622685185186,0.022835648148148147
3268,108.93333333333334,142.02912693402777,53.20817085154317,150.08600694444445,140.98661458333333,128.63178819444445,6.974432929322417,5.557138286586852,1.071846064814815,0.01855324074074074
3269,108.96666666666667,142.04621971180555,53.268394968198045,150.01744791666667,141.03425347222222,128.59850694444444,6.977999620903247,5.580963097021433,1.180162037037037,0.021145833333333332
3270,109.0,142.2622727152778,53.340571754046884,150.33050347222223,141.22381944444444,128.79130208333333,6.973617376911403,5.569665692362972,1.1796296296296296,0.02041087962962963
3271,109.03333333333333,142.37034516666665,53.48058565834318,150.4817534722222,141.33163194444444,128.7748090277778,6.973474203673082,5.579535831985818,1.192986111111111,0.02103587962962963
3272,109.06666666666666,142.68072872916667,52.9379238478475,151.0078472222222,141.61442708333334,128.72329861111112,6.920701256276832,4.558454646763824,1.1031886574074075,0.016325231481481482
3273,109.1,142.7497700972222,53.001542513747125,151.1068576388889,141.6888888888889,128.65039930555557,6.922943789794674,4.56517907208949,1.2675752314814814,0.022077546296296297
3274,109.13333333333334,141.21068388541667,53.073178868274326,149.853125,140.07524305555555,127.00963541666667,6.957358774650005,4.942374991123793,3.1241261574074075,0.04527199074074074
3275,109.16666666666667,140.98884937847225,52.86505358428154,149.87071180555554,139.8123611111111,126.48940972222222,6.971345510706294,5.164848251680988,4.370995370370371,0.06632523148148148
3276,109.2,140.48323031249998,52.609178531191006,150.0143923611111,139.1523090277778,125.60164930555555,7.010585691605931,5.459135241849117,4.605138888888889,0.07051504629629629
3277,109.23333333333333,139.93009255555555,52.33423153978308,149.84696180555557,138.53897569444445,124.5090451388889,7.036572382197027,5.712578533272063,4.778715277777778,0.07592013888888889
3278,109.26666666666667,139.15776884722223,52.44742556670565,149.75776041666666,137.5690277777778,123.68282986111112,7.06318986834166,5.986280891890636,6.753350694444444,0.12265046296296296
3279,109.3,137.46583409027775,52.709955104286784,149.11895833333332,135.60713541666667,121.56399305555556,7.103544355790944,6.307130280282477,5.833084490740741,0.09569444444444444
3280,109.33333333333333,135.10439638194444,53.016933402123456,148.13387152777779,132.87394097222221,118.83230902777778,7.156298948927472,6.657417070922941,13.18300925925926,0.23471064814814815
3281,109.36666666666666,133.56545659375,53.09210550248761,147.84578125,131.0147048611111,116.78291666666667,7.151616280777796,6.963192983351016,12.191371527777777,0.20763310185185185
3282,109.4,133.55017594791667,53.11765018212108,147.81612847222223,131.00461805555557,116.75850694444445,7.155146794153442,6.994532353331888,0.2083738425925926,0.004241898148148148
3283,109.43333333333334,133.33045591319444,53.530849227343595,147.7313888888889,130.72876736111112,116.69734375,7.134139347219678,7.115689897642383,12.716950231481482,0.23614583333333333
3284,109.46666666666667,133.9797200659722,53.738087220553126,148.4659375,131.37088541666665,117.16626736111111,7.101359280111893,7.18433990320514,13.675092592592593,0.25309027777777776
3285,109.5,134.3137010972222,53.88840083196725,148.76897569444444,131.68854166666668,117.75307291666667,7.05893201320127,7.2139447214390096,9.755069444444445,0.19786458333333334
3286,109.53333333333333,134.32122630555557,53.665700761977796,148.6991840277778,131.71383680555556,117.81223958333334,7.039941973020323,7.077205168660088,7.575966435185185,0.15649305555555557
3287,109.56666666666666,134.12786183333333,53.457038481916854,148.49897569444445,131.5029513888889,117.81258680555555,7.023281446610673,6.9996557698548045,7.303836805555555,0.13917824074074073
3288,109.6,134.10929833680555,53.31362077115488,148.44640625,131.50708333333333,117.66934027777778,7.0210302276547925,6.987627928184391,7.718489583333334,0.14217592592592593
3289,109.63333333333334,134.1848610173611,53.59176146544746,148.72887152777778,131.51149305555555,117.8404861111111,7.01649063423337,6.975935020944856,9.088483796296297,0.1586863425925926
3290,109.66666666666667,134.68978783680555,53.45031011688936,149.35965277777777,132.01262152777778,118.01244791666667,7.016286736722879,6.9725408817763705,8.167193287037037,0.1517013888888889
3291,109.7,135.77116976388888,53.30233483512544,150.61703125,133.05805555555557,118.93168402777778,7.000423539661518,6.937453445561373,5.982627314814815,0.11508680555555556
3292,109.73333333333333,136.52006148958333,53.133368730748664,151.3501388888889,133.8359027777778,119.44022569444445,6.996575290170163,6.89079320708226,5.681649305555555,0.10369791666666667
3293,109.76666666666667,136.60109815277778,53.15813035363772,151.45241319444443,133.90758680555555,119.55137152777777,6.995400141982113,6.890639965862754,0.11362268518518519,0.0
3294,109.8,136.58049316319443,53.030718921221904,151.48118055555557,133.86362847222222,119.61671875,6.9999035721989165,6.795139681002011,6.070908564814815,0.11460069444444444
3295,109.83333333333333,137.1280035833333,52.947075190761055,152.06618055555555,134.400625,120.15798611111111,6.988733887908307,6.632890943800361,6.109363425925926,0.1262037037037037
3296,109.86666666666666,138.09590392708333,52.819496803909395,153.1132638888889,135.3817013888889,120.76220486111112,6.974018644228436,6.645647415813158,6.157193287037037,0.12326967592592593
3297,109.9,139.81618609375,52.70114171653135,155.04833333333335,137.04208333333332,122.44338541666667,6.942677517880007,6.7156927411936005,6.288171296296296,0.12563078703703703
3298,109.93333333333334,140.3857619722222,52.72643891309882,155.69715277777777,137.6304861111111,122.593125,6.921566617212562,6.773133141530771,4.439415509259259,0.08743634259259259
3299,109.96666666666667,140.40019171875,52.706825811507926,155.72362847222223,137.62692708333333,122.75027777777778,6.926112942046632,6.810893017323471,1.0977777777777777,0.02144675925925926
3300,110.0,140.34835252083334,52.75710918100835,155.63902777777778,137.61871527777777,122.36274305555555,6.925306180482666,6.79402461513979,0.7835763888888889,0.012679398148148148
3301,110.03333333333333,140.34221517013887,52.76014030691656,155.63942708333335,137.61392361111112,122.32402777777777,6.921596987182713,6.786578997405183,0.18183449074074073,1.736111111111111e-05
3302,110.06666666666666,140.91210404513888,52.57896818698639,156.32321180555556,138.16467013888888,122.74815972222223,6.8663041364749215,6.332773994421313,1.56046875,0.029340277777777778
3303,110.1,140.89795043055554,52.58041368923965,156.30647569444446,138.15949652777778,122.65265625,6.8643278314848075,6.329986917514214,0.07190393518518519,0.0
